OrderID,OrderDate,CustomerID,CustomerName,Segment,Region,State,Category,Product,Quantity,UnitPrice,Sales,Profit
ORD-10050,2024-01-01,CUST-1258,Saanvi Chopra,Small Business,East,Jharkhand,Electronics,Headphones,1,23099.98,30029.97,7952.97
ORD-10105,2024-01-01,CUST-1191,Vivaan Bhatt,Corporate,North,Uttar Pradesh,Books,Biography,6,714.32,5571.7,880.02
ORD-12338,2024-01-01,CUST-1329,Kiara Menon,Consumer,East,West Bengal,Electronics,Smartphone,2,8007.49,20819.47,5506.67
ORD-12932,2024-01-01,CUST-1187,Aditya Mehta,Consumer,West,Goa,Clothing,Jeans,6,3374.77,26323.21,7804.03
ORD-10318,2024-01-01,CUST-1187,Diya Agarwal,Consumer,South,Telangana,Books,Fiction Novel,2,194.33,505.26,139.84
ORD-10891,2024-01-01,CUST-1160,Arjun Menon,Consumer,North,Haryana,Home & Kitchen,Air Fryer,7,1753.8,15959.58,2112.96
ORD-10033,2024-01-01,CUST-1116,Aarav Patel,Consumer,West,Goa,Sports,Dumbbells,6,503.98,3931.04,1295.88
ORD-12906,2024-01-02,CUST-1018,Reyansh Menon,Corporate,North,Haryana,Clothing,Saree,2,2694.6,7005.96,2370.15
ORD-10741,2024-01-02,CUST-1071,Ishita Kumar,Consumer,West,Rajasthan,Home & Kitchen,Mixer Grinder,3,7768.32,30296.45,5851.76
ORD-12043,2024-01-02,CUST-1175,Ishita Sharma,Consumer,North,Punjab,Electronics,Laptop,7,20822.18,189481.84,54708.92
ORD-12628,2024-01-03,CUST-1078,Kiara Singh,Small Business,Central,Madhya Pradesh,Home & Kitchen,Air Fryer,7,2322.89,21138.3,4080.01
ORD-10642,2024-01-03,CUST-1113,Diya Bose,Corporate,South,Karnataka,Clothing,Jacket,5,2136.53,13887.45,1746.79
ORD-12363,2024-01-03,CUST-1237,Krishna Iyer,Consumer,North,Uttar Pradesh,Clothing,Jacket,6,804.94,6278.53,1094.45
ORD-11892,2024-01-03,CUST-1092,Reyansh Pillai,Consumer,West,Goa,Clothing,T-Shirt,3,1727.42,6736.94,1050.7
ORD-10067,2024-01-04,CUST-1355,Navya Mehta,Consumer,North,Delhi,Electronics,Tablet,1,17532.23,22791.9,1891.02
ORD-12439,2024-01-04,CUST-1129,Diya Joshi,Corporate,East,West Bengal,Clothing,T-Shirt,2,2048.42,5325.89,1041.26
ORD-11336,2024-01-04,CUST-1392,Saanvi Patel,Small Business,South,Tamil Nadu,Electronics,Laptop,4,54463.03,283207.76,66694.25
ORD-10753,2024-01-05,CUST-1168,Rohan Menon,Consumer,East,West Bengal,Home & Kitchen,Bedsheet,1,4239.4,5511.22,677.28
ORD-10199,2024-01-05,CUST-1223,Vivaan Bose,Small Business,East,West Bengal,Clothing,T-Shirt,5,3383.16,21990.54,5006.19
ORD-10789,2024-01-05,CUST-1141,Ananya Rao,Consumer,North,Haryana,Clothing,Saree,4,3159.36,16428.67,3510.75
ORD-11929,2024-01-06,CUST-1167,Anika Bhatt,Small Business,East,Jharkhand,Sports,Running Shoes,7,3788.8,34478.08,10948.12
ORD-12961,2024-01-06,CUST-1346,Anika Malhotra,Consumer,South,Kerala,Home & Kitchen,Cookware Set,7,7916.38,72039.06,14704.66
ORD-10282,2024-01-06,CUST-1211,Arjun Mehta,Consumer,South,Tamil Nadu,Electronics,Laptop,6,20524.85,160093.83,54552.25
ORD-11928,2024-01-07,CUST-1288,Aditya Sharma,Consumer,North,Delhi,Electronics,Laptop,7,11853.07,107862.94,10100.62
ORD-12078,2024-01-07,CUST-1321,Vihaan Verma,Corporate,West,Goa,Books,Textbook,1,851.54,1107.0,112.48
ORD-10121,2024-01-07,CUST-1205,Vivaan Gupta,Consumer,South,Karnataka,Clothing,Jacket,4,3291.47,17115.64,4171.43
ORD-11348,2024-01-08,CUST-1370,Kiara Joshi,Consumer,North,Punjab,Home & Kitchen,Air Fryer,5,4431.63,28805.6,2526.8
ORD-11761,2024-01-09,CUST-1342,Navya Kapoor,Small Business,North,Punjab,Electronics,Smartphone,6,4096.8,31955.04,4940.74
ORD-12879,2024-01-09,CUST-1230,Kiara Mehta,Small Business,South,Telangana,Clothing,T-Shirt,6,1530.78,11940.08,3072.06
ORD-11002,2024-01-10,CUST-1085,Diya Rao,Corporate,West,Rajasthan,Clothing,Saree,7,2428.83,22102.35,7182.31
ORD-12143,2024-01-10,CUST-1397,Sai Menon,Consumer,West,Rajasthan,Books,Comics,2,653.11,1698.09,467.94
ORD-10593,2024-01-10,CUST-1199,Anika Kapoor,Consumer,North,Punjab,Clothing,Saree,5,2189.32,14230.58,4738.45
ORD-11255,2024-01-10,CUST-1389,Anika Rao,Consumer,West,Goa,Clothing,Kurta,2,2351.67,6114.34,1291.74
ORD-12238,2024-01-11,CUST-1056,Vihaan Verma,Consumer,East,Bihar,Clothing,T-Shirt,2,862.36,2242.14,513.28
ORD-11275,2024-01-11,CUST-1092,Myra Patel,Consumer,South,Telangana,Sports,Dumbbells,1,1118.1,1453.53,308.0
ORD-11542,2024-01-11,CUST-1073,Aadhya Reddy,Small Business,North,Uttar Pradesh,Electronics,Tablet,3,37222.56,145167.98,41385.48
ORD-12416,2024-01-11,CUST-1342,Navya Bose,Consumer,North,Punjab,Electronics,Laptop,2,35352.01,91915.23,10086.38
ORD-11049,2024-01-11,CUST-1322,Aarav Chopra,Small Business,North,Punjab,Electronics,Laptop,5,56392.73,366552.75,75750.99
ORD-10072,2024-01-12,CUST-1197,Arjun Kapoor,Corporate,East,Jharkhand,Books,Biography,1,188.7,245.31,22.55
ORD-12525,2024-01-12,CUST-1157,Arjun Nair,Consumer,West,Gujarat,Clothing,Jeans,1,840.95,1093.24,326.32
ORD-10702,2024-01-13,CUST-1013,Anika Gupta,Consumer,Central,Chhattisgarh,Electronics,Headphones,3,24511.14,95593.45,26837.45
ORD-10684,2024-01-13,CUST-1263,Ishita Singh,Consumer,North,Delhi,Home & Kitchen,Cookware Set,6,6959.82,54286.6,17113.49
ORD-11328,2024-01-13,CUST-1364,Anika Iyer,Consumer,North,Delhi,Clothing,Saree,1,3319.25,4315.03,1099.88
ORD-10760,2024-01-13,CUST-1253,Arjun Gupta,Consumer,South,Tamil Nadu,Electronics,Smartphone,3,11242.92,43847.39,3948.83
ORD-12254,2024-01-14,CUST-1257,Kiara Chopra,Consumer,North,Uttar Pradesh,Books,Biography,7,798.39,7265.35,2240.36
ORD-10340,2024-01-14,CUST-1271,Ishita Gupta,Corporate,Central,Chhattisgarh,Clothing,Saree,2,1698.81,4416.91,964.99
ORD-12591,2024-01-14,CUST-1221,Aditya Gupta,Consumer,South,Telangana,Clothing,Jacket,3,1080.63,4214.46,965.39
ORD-12120,2024-01-15,CUST-1325,Ishita Bose,Corporate,North,Haryana,Home & Kitchen,Lamp,6,1835.32,14315.5,4458.92
ORD-10951,2024-01-15,CUST-1185,Saanvi Bose,Consumer,North,Uttar Pradesh,Electronics,Headphones,7,4922.32,44793.11,12362.02
ORD-10073,2024-01-16,CUST-1136,Kiara Reddy,Consumer,Central,Madhya Pradesh,Home & Kitchen,Cookware Set,3,7587.57,29591.52,9115.03
ORD-10682,2024-01-16,CUST-1268,Vivaan Agarwal,Consumer,North,Punjab,Clothing,Saree,6,3495.65,27266.07,4193.49
ORD-11862,2024-01-16,CUST-1272,Saanvi Gupta,Consumer,North,Uttar Pradesh,Electronics,Smartphone,3,15115.3,58949.67,11985.34
ORD-11218,2024-01-16,CUST-1304,Anika Kapoor,Small Business,North,Uttar Pradesh,Clothing,T-Shirt,1,3481.13,4525.47,709.82
ORD-10025,2024-01-16,CUST-1177,Ishita Malhotra,Corporate,North,Haryana,Sports,Dumbbells,3,2114.68,8247.25,2800.12
ORD-11315,2024-01-16,CUST-1398,Kiara Sharma,Small Business,West,Rajasthan,Clothing,Jeans,7,1992.09,18128.02,2074.02
ORD-10839,2024-01-16,CUST-1196,Vihaan Iyer,Corporate,North,Delhi,Sports,Football,3,1423.24,5550.64,753.55
ORD-11920,2024-01-17,CUST-1226,Sai Agarwal,Consumer,South,Tamil Nadu,Home & Kitchen,Bedsheet,1,3445.85,4479.61,1269.22
ORD-10786,2024-01-17,CUST-1305,Aadhya Kapoor,Consumer,South,Kerala,Sports,Yoga Mat,2,3776.06,9817.76,1441.81
ORD-12779,2024-01-17,CUST-1301,Myra Bose,Corporate,East,Jharkhand,Books,Comics,5,466.08,3029.52,529.62
ORD-10130,2024-01-17,CUST-1390,Kiara Menon,Consumer,Central,Madhya Pradesh,Clothing,Kurta,3,939.74,3664.99,555.48
ORD-11020,2024-01-17,CUST-1032,Sai Verma,Consumer,North,Delhi,Clothing,Saree,3,1803.64,7034.2,1052.29
ORD-12804,2024-01-17,CUST-1237,Diya Pillai,Corporate,West,Maharashtra,Electronics,Smartphone,6,33451.81,260924.12,72546.04
ORD-12815,2024-01-17,CUST-1113,Riya Pillai,Consumer,East,Odisha,Clothing,Jeans,1,1758.14,2285.58,612.81
ORD-12497,2024-01-18,CUST-1378,Ishita Kumar,Consumer,North,Uttar Pradesh,Electronics,Smartphone,2,7603.51,19769.13,6377.03
ORD-12364,2024-01-18,CUST-1005,Ishita Rao,Small Business,West,Rajasthan,Electronics,Smartwatch,5,32623.2,212050.8,66522.17
ORD-12107,2024-01-18,CUST-1013,Ishaan Reddy,Consumer,West,Maharashtra,Home & Kitchen,Mixer Grinder,4,3191.23,16594.4,1992.39
ORD-10588,2024-01-19,CUST-1104,Ananya Reddy,Corporate,West,Maharashtra,Electronics,Smartphone,4,18072.85,93978.82,13445.97
ORD-12305,2024-01-20,CUST-1136,Aadhya Kapoor,Small Business,East,Bihar,Electronics,Smartphone,6,11573.32,90271.9,26505.36
ORD-11962,2024-01-20,CUST-1298,Ananya Menon,Consumer,East,Odisha,Electronics,Laptop,2,38783.23,100836.4,27842.83
ORD-11978,2024-01-20,CUST-1297,Myra Singh,Corporate,South,Kerala,Sports,Running Shoes,5,2933.2,19065.8,2493.11
ORD-11659,2024-01-21,CUST-1279,Kiara Rao,Consumer,Central,Chhattisgarh,Home & Kitchen,Air Fryer,4,2941.82,15297.46,2240.08
ORD-11956,2024-01-21,CUST-1233,Krishna Kapoor,Small Business,Central,Chhattisgarh,Electronics,Smartphone,2,36893.94,95924.24,10430.52
ORD-11609,2024-01-21,CUST-1337,Myra Rao,Corporate,East,Jharkhand,Electronics,Smartphone,2,17679.04,45965.5,10909.75
ORD-11924,2024-01-22,CUST-1261,Krishna Mehta,Consumer,Central,Chhattisgarh,Electronics,Laptop,5,28299.98,183949.87,43594.86
ORD-12618,2024-01-22,CUST-1016,Aditya Pillai,Corporate,Central,Madhya Pradesh,Sports,Football,5,4697.15,30531.48,9493.87
ORD-12616,2024-01-22,CUST-1378,Sai Pillai,Consumer,South,Tamil Nadu,Clothing,Kurta,1,1348.81,1753.45,466.89
ORD-12256,2024-01-22,CUST-1379,Diya Sharma,Small Business,East,Bihar,Clothing,Kurta,3,1625.2,6338.28,2098.8
ORD-10802,2024-01-23,CUST-1270,Aadhya Bose,Consumer,East,West Bengal,Home & Kitchen,Bedsheet,3,681.75,2658.83,264.36
ORD-11883,2024-01-23,CUST-1157,Aarav Kapoor,Consumer,South,Kerala,Home & Kitchen,Bedsheet,2,7372.05,19167.33,4736.26
ORD-10764,2024-01-23,CUST-1026,Reyansh Singh,Consumer,East,Bihar,Electronics,Smartwatch,6,51710.04,403338.31,42178.37
ORD-10097,2024-01-24,CUST-1095,Navya Agarwal,Consumer,South,Telangana,Home & Kitchen,Bedsheet,1,4201.35,5461.76,1058.84
ORD-12496,2024-01-24,CUST-1011,Kiara Singh,Small Business,North,Uttar Pradesh,Clothing,Kurta,7,3128.5,28469.35,7122.36
ORD-10430,2024-01-24,CUST-1142,Aditya Kapoor,Consumer,South,Telangana,Sports,Football,4,3601.31,18726.81,3012.27
ORD-11550,2024-01-24,CUST-1360,Ishaan Singh,Corporate,East,Odisha,Home & Kitchen,Bedsheet,5,2089.35,13580.77,1673.9
ORD-12545,2024-01-24,CUST-1036,Diya Malhotra,Consumer,North,Delhi,Home & Kitchen,Cookware Set,7,2638.01,24005.89,6577.9
ORD-10338,2024-01-24,CUST-1049,Sai Bose,Consumer,North,Punjab,Clothing,Jeans,4,2555.08,13286.42,4569.85
ORD-12406,2024-01-25,CUST-1238,Navya Bhatt,Corporate,East,West Bengal,Electronics,Laptop,2,9846.07,25599.78,8839.25
ORD-10319,2024-01-25,CUST-1136,Riya Bose,Consumer,North,Delhi,Electronics,Smartwatch,4,35407.72,184120.14,42064.7
ORD-11851,2024-01-25,CUST-1084,Vivaan Nair,Consumer,Central,Chhattisgarh,Home & Kitchen,Mixer Grinder,7,6626.07,60297.24,11460.79
ORD-12111,2024-01-25,CUST-1207,Diya Pillai,Small Business,North,Delhi,Books,Comics,1,665.29,864.88,136.29
ORD-10071,2024-01-25,CUST-1011,Sai Verma,Corporate,North,Haryana,Electronics,Smartwatch,3,19903.9,77625.21,17135.86
ORD-10583,2024-01-26,CUST-1075,Aditya Sharma,Corporate,West,Goa,Home & Kitchen,Lamp,3,5823.53,22711.77,6562.03
ORD-12754,2024-01-26,CUST-1029,Ishita Kumar,Consumer,South,Tamil Nadu,Home & Kitchen,Air Fryer,3,4120.87,16071.39,5111.41
ORD-12558,2024-01-26,CUST-1230,Ishita Menon,Small Business,North,Haryana,Home & Kitchen,Mixer Grinder,5,4664.36,30318.34,8906.15
ORD-10406,2024-01-26,CUST-1046,Aditya Pillai,Consumer,South,Tamil Nadu,Home & Kitchen,Mixer Grinder,7,4255.45,38724.6,8336.67
ORD-11756,2024-01-26,CUST-1316,Rohan Kumar,Consumer,West,Goa,Sports,Dumbbells,4,4602.51,23933.05,7745.69
ORD-11518,2024-01-26,CUST-1318,Reyansh Malhotra,Small Business,South,Karnataka,Sports,Football,3,2046.54,7981.51,858.6
ORD-10068,2024-01-27,CUST-1172,Reyansh Mehta,Corporate,Central,Chhattisgarh,Home & Kitchen,Cookware Set,1,4439.99,5771.99,1611.94
ORD-12205,2024-01-27,CUST-1370,Arjun Nair,Corporate,South,Kerala,Home & Kitchen,Air Fryer,6,4520.04,35256.31,11939.0
ORD-10870,2024-01-27,CUST-1205,Reyansh Chopra,Consumer,North,Haryana,Books,Self-Help,3,659.09,2570.45,280.72
ORD-11888,2024-01-28,CUST-1359,Sai Verma,Consumer,South,Telangana,Sports,Running Shoes,6,919.35,7170.93,1563.57
ORD-10762,2024-01-28,CUST-1386,Navya Gupta,Consumer,East,Odisha,Sports,Dumbbells,6,3866.33,30157.37,10173.29
ORD-11592,2024-01-28,CUST-1210,Kiara Patel,Consumer,North,Punjab,Electronics,Laptop,6,54147.08,422347.22,85399.45
ORD-11190,2024-01-28,CUST-1303,Kiara Menon,Corporate,West,Gujarat,Books,Biography,7,726.38,6610.06,558.03
ORD-12200,2024-01-28,CUST-1228,Aadhya Agarwal,Consumer,East,West Bengal,Sports,Dumbbells,6,2903.85,22650.03,6035.86
ORD-11753,2024-01-28,CUST-1297,Kiara Bose,Small Business,West,Maharashtra,Clothing,Jeans,3,987.03,3849.42,625.91
ORD-12958,2024-01-29,CUST-1265,Diya Bose,Consumer,South,Karnataka,Electronics,Laptop,3,11645.63,45417.96,4910.72
ORD-12504,2024-01-29,CUST-1211,Ananya Kumar,Small Business,East,Odisha,Electronics,Smartwatch,3,10038.59,39150.5,11025.5
ORD-11834,2024-01-29,CUST-1114,Saanvi Agarwal,Small Business,North,Uttar Pradesh,Electronics,Smartphone,6,37027.58,288815.12,88479.47
ORD-11279,2024-01-29,CUST-1238,Kiara Bhatt,Consumer,Central,Madhya Pradesh,Books,Biography,4,287.02,1492.5,143.48
ORD-10553,2024-01-29,CUST-1322,Arjun Joshi,Small Business,West,Goa,Electronics,Laptop,7,55439.85,504502.64,173081.92
ORD-12434,2024-01-29,CUST-1387,Aadhya Menon,Corporate,East,Jharkhand,Electronics,Smartwatch,1,37631.34,48920.74,5337.39
ORD-10076,2024-01-29,CUST-1376,Diya Bose,Corporate,West,Maharashtra,Electronics,Smartwatch,2,6864.41,17847.47,3679.68
ORD-10058,2024-01-29,CUST-1181,Aadhya Singh,Consumer,North,Delhi,Sports,Cricket Bat,7,2175.31,19795.32,1876.31
ORD-12068,2024-01-30,CUST-1042,Vihaan Reddy,Small Business,South,Telangana,Books,Textbook,6,581.14,4532.89,1154.66
ORD-11361,2024-01-30,CUST-1385,Aditya Kumar,Consumer,South,Tamil Nadu,Home & Kitchen,Air Fryer,4,1125.6,5853.12,881.97
ORD-12179,2024-01-30,CUST-1126,Krishna Verma,Small Business,West,Gujarat,Clothing,Kurta,5,3104.02,20176.13,2247.12
ORD-12494,2024-01-30,CUST-1123,Kiara Gupta,Consumer,South,Tamil Nadu,Home & Kitchen,Air Fryer,2,3711.4,9649.64,1784.56
ORD-10290,2024-01-30,CUST-1366,Vihaan Pillai,Corporate,South,Kerala,Books,Textbook,4,806.34,4192.97,495.19
ORD-12112,2024-01-30,CUST-1000,Krishna Kumar,Consumer,West,Goa,Books,Self-Help,7,240.02,2184.18,246.88
ORD-12125,2024-01-30,CUST-1296,Saanvi Agarwal,Consumer,West,Goa,Electronics,Headphones,4,22544.12,117229.42,10007.81
ORD-11157,2024-01-31,CUST-1082,Ishita Sharma,Consumer,North,Punjab,Electronics,Headphones,6,40907.55,319078.89,97248.32
ORD-11726,2024-01-31,CUST-1052,Aarav Malhotra,Corporate,North,Uttar Pradesh,Clothing,Jacket,6,2237.03,17448.83,2144.23
ORD-10819,2024-01-31,CUST-1077,Aditya Agarwal,Consumer,North,Delhi,Electronics,Laptop,6,3116.46,24308.39,3025.45
ORD-11709,2024-02-01,CUST-1093,Arjun Gupta,Consumer,North,Haryana,Electronics,Tablet,1,13476.14,13476.14,1724.6
ORD-11432,2024-02-01,CUST-1007,Anika Kapoor,Consumer,East,Odisha,Electronics,Smartphone,3,37268.7,111806.1,27264.15
ORD-10940,2024-02-01,CUST-1230,Aadhya Menon,Small Business,East,Jharkhand,Clothing,Kurta,6,3429.27,20575.62,5397.93
ORD-10313,2024-02-02,CUST-1234,Diya Sharma,Consumer,North,Uttar Pradesh,Sports,Yoga Mat,6,897.35,5384.1,705.89
ORD-12013,2024-02-02,CUST-1268,Kiara Kumar,Consumer,South,Karnataka,Electronics,Tablet,3,44229.95,132689.85,39334.57
ORD-10218,2024-02-02,CUST-1288,Kiara Reddy,Consumer,South,Telangana,Clothing,Saree,5,2673.81,13369.05,3239.29
ORD-12894,2024-02-02,CUST-1132,Sai Reddy,Consumer,West,Gujarat,Home & Kitchen,Air Fryer,2,6161.35,12322.7,1466.19
ORD-11462,2024-02-03,CUST-1114,Riya Kapoor,Small Business,East,Odisha,Electronics,Headphones,6,54224.06,325344.36,103186.84
ORD-12485,2024-02-03,CUST-1009,Ananya Sharma,Small Business,South,Tamil Nadu,Books,Fiction Novel,5,424.3,2121.5,537.84
ORD-12421,2024-02-03,CUST-1055,Ishita Iyer,Small Business,South,Telangana,Home & Kitchen,Cookware Set,4,2236.2,8944.8,1498.06
ORD-11640,2024-02-03,CUST-1365,Aditya Agarwal,Small Business,West,Rajasthan,Books,Textbook,7,416.37,2914.59,764.16
ORD-12973,2024-02-04,CUST-1145,Saanvi Bhatt,Small Business,West,Rajasthan,Electronics,Tablet,1,16802.49,16802.49,3525.44
ORD-11925,2024-02-04,CUST-1358,Ananya Gupta,Small Business,West,Gujarat,Home & Kitchen,Bedsheet,7,4240.12,29680.84,5257.37
ORD-11566,2024-02-04,CUST-1279,Sai Kumar,Corporate,North,Punjab,Sports,Football,3,4438.29,13314.87,1927.54
ORD-11441,2024-02-05,CUST-1274,Aditya Nair,Consumer,North,Punjab,Clothing,Saree,1,665.52,665.52,209.83
ORD-12192,2024-02-05,CUST-1203,Riya Rao,Consumer,South,Tamil Nadu,Sports,Yoga Mat,3,1849.91,5549.73,1501.36
ORD-11691,2024-02-06,CUST-1096,Vivaan Menon,Small Business,North,Haryana,Clothing,Jacket,2,649.89,1299.78,401.79
ORD-11981,2024-02-06,CUST-1026,Sai Singh,Consumer,West,Gujarat,Sports,Dumbbells,7,2076.29,14534.03,4426.23
ORD-11252,2024-02-07,CUST-1061,Vivaan Sharma,Corporate,South,Telangana,Home & Kitchen,Bedsheet,7,7243.53,50704.71,4104.96
ORD-12512,2024-02-07,CUST-1152,Ishita Joshi,Corporate,West,Goa,Electronics,Smartphone,4,16908.6,67634.4,16332.76
ORD-11109,2024-02-07,CUST-1199,Reyansh Reddy,Small Business,North,Uttar Pradesh,Electronics,Tablet,2,14819.67,29639.34,9719.09
ORD-12232,2024-02-07,CUST-1249,Rohan Chopra,Consumer,West,Gujarat,Books,Biography,2,860.68,1721.36,398.56
ORD-10403,2024-02-08,CUST-1202,Aarav Patel,Small Business,Central,Madhya Pradesh,Books,Biography,3,166.23,498.69,131.58
ORD-11971,2024-02-08,CUST-1001,Aarav Gupta,Consumer,West,Goa,Electronics,Tablet,3,20390.97,61172.91,8950.06
ORD-12019,2024-02-08,CUST-1277,Aditya Verma,Small Business,North,Punjab,Books,Comics,2,200.99,401.98,122.43
ORD-10030,2024-02-08,CUST-1145,Ananya Chopra,Consumer,North,Punjab,Sports,Football,7,695.3,4867.1,1310.52
ORD-10398,2024-02-09,CUST-1116,Ananya Reddy,Consumer,South,Telangana,Electronics,Headphones,2,38455.76,76911.52,12595.3
ORD-12348,2024-02-09,CUST-1398,Diya Menon,Corporate,South,Kerala,Home & Kitchen,Cookware Set,5,6966.54,34832.7,8224.22
ORD-12526,2024-02-09,CUST-1010,Aditya Reddy,Consumer,South,Kerala,Books,Biography,1,533.12,533.12,177.17
ORD-12418,2024-02-09,CUST-1279,Vivaan Chopra,Corporate,Central,Chhattisgarh,Sports,Running Shoes,2,4108.35,8216.7,2327.83
ORD-11007,2024-02-09,CUST-1394,Arjun Verma,Small Business,West,Maharashtra,Electronics,Smartphone,1,13836.35,13836.35,3095.85
ORD-12009,2024-02-10,CUST-1260,Aarav Patel,Consumer,North,Haryana,Electronics,Tablet,7,25946.17,181623.19,38859.73
ORD-12524,2024-02-10,CUST-1196,Kiara Singh,Consumer,West,Goa,Electronics,Headphones,7,53655.26,375586.82,87626.35
ORD-12005,2024-02-10,CUST-1225,Navya Rao,Small Business,North,Delhi,Home & Kitchen,Cookware Set,5,7268.63,36343.15,12712.92
ORD-11212,2024-02-10,CUST-1058,Navya Menon,Corporate,North,Uttar Pradesh,Books,Self-Help,4,884.06,3536.24,382.14
ORD-10889,2024-02-10,CUST-1399,Aadhya Kumar,Small Business,South,Karnataka,Home & Kitchen,Cookware Set,7,4007.16,28050.12,9560.78
ORD-11534,2024-02-10,CUST-1274,Reyansh Malhotra,Corporate,West,Maharashtra,Books,Fiction Novel,3,588.33,1764.99,184.34
ORD-12716,2024-02-11,CUST-1336,Rohan Gupta,Consumer,West,Gujarat,Home & Kitchen,Air Fryer,4,6412.28,25649.12,7789.22
ORD-10778,2024-02-11,CUST-1052,Aadhya Menon,Corporate,East,Odisha,Home & Kitchen,Mixer Grinder,5,3618.16,18090.8,5331.86
ORD-11378,2024-02-11,CUST-1172,Arjun Agarwal,Consumer,West,Rajasthan,Electronics,Smartwatch,5,25415.47,127077.35,42538.48
ORD-10305,2024-02-11,CUST-1229,Aadhya Pillai,Corporate,West,Gujarat,Clothing,Jacket,1,3183.6,3183.6,568.28
ORD-12234,2024-02-11,CUST-1120,Reyansh Nair,Corporate,North,Haryana,Electronics,Headphones,6,39720.76,238324.56,48742.01
ORD-10495,2024-02-12,CUST-1203,Rohan Kapoor,Consumer,West,Gujarat,Electronics,Laptop,1,25192.56,25192.56,8165.18
ORD-12717,2024-02-12,CUST-1244,Vihaan Nair,Consumer,East,West Bengal,Home & Kitchen,Cookware Set,1,2726.81,2726.81,400.01
ORD-11024,2024-02-12,CUST-1054,Diya Singh,Consumer,North,Delhi,Electronics,Tablet,6,49259.27,295555.62,29812.47
ORD-10026,2024-02-12,CUST-1214,Navya Gupta,Consumer,North,Delhi,Electronics,Laptop,1,39859.77,39859.77,8527.21
ORD-11977,2024-02-12,CUST-1083,Aadhya Verma,Corporate,South,Karnataka,Electronics,Tablet,3,30069.61,90208.83,14294.53
ORD-10911,2024-02-12,CUST-1245,Anika Nair,Corporate,North,Punjab,Electronics,Smartphone,1,9419.65,9419.65,3145.9
ORD-10150,2024-02-13,CUST-1196,Navya Chopra,Consumer,East,Jharkhand,Books,Comics,3,417.5,1252.5,193.69
ORD-12581,2024-02-13,CUST-1230,Kiara Pillai,Corporate,South,Tamil Nadu,Sports,Football,6,4011.8,24070.8,7372.51
ORD-12041,2024-02-13,CUST-1056,Saanvi Bose,Small Business,West,Maharashtra,Clothing,Jacket,2,1816.35,3632.7,1153.99
ORD-10328,2024-02-14,CUST-1009,Reyansh Mehta,Consumer,East,Odisha,Electronics,Smartphone,6,43321.62,259929.72,47986.11
ORD-10350,2024-02-14,CUST-1035,Aarav Bose,Small Business,North,Haryana,Electronics,Smartwatch,5,51396.19,256980.95,55815.82
ORD-12930,2024-02-15,CUST-1239,Rohan Menon,Consumer,East,Bihar,Books,Comics,5,201.41,1007.05,144.55
ORD-11349,2024-02-15,CUST-1081,Krishna Gupta,Consumer,East,Odisha,Home & Kitchen,Bedsheet,7,2127.43,14892.01,1903.28
ORD-12355,2024-02-15,CUST-1031,Navya Nair,Corporate,North,Uttar Pradesh,Electronics,Laptop,4,7065.86,28263.44,5769.84
ORD-10044,2024-02-16,CUST-1256,Anika Singh,Small Business,East,Bihar,Clothing,Jacket,1,3457.4,3457.4,986.01
ORD-11221,2024-02-16,CUST-1353,Ananya Nair,Corporate,East,Odisha,Home & Kitchen,Mixer Grinder,1,1858.6,1858.6,290.87
ORD-12532,2024-02-16,CUST-1278,Myra Joshi,Corporate,West,Maharashtra,Sports,Running Shoes,1,388.03,388.03,74.17
ORD-10928,2024-02-17,CUST-1029,Diya Kapoor,Consumer,East,West Bengal,Sports,Running Shoes,1,1893.66,1893.66,440.69
ORD-10766,2024-02-17,CUST-1292,Ishita Rao,Consumer,South,Kerala,Clothing,T-Shirt,2,1395.17,2790.34,647.46
ORD-11698,2024-02-17,CUST-1017,Krishna Joshi,Consumer,North,Haryana,Home & Kitchen,Mixer Grinder,4,2969.55,11878.2,1725.4
ORD-12649,2024-02-17,CUST-1173,Diya Verma,Corporate,South,Kerala,Home & Kitchen,Air Fryer,3,6106.43,18319.29,3769.6
ORD-12444,2024-02-17,CUST-1243,Ananya Singh,Small Business,South,Karnataka,Home & Kitchen,Mixer Grinder,6,3852.81,23116.86,3360.78
ORD-10238,2024-02-18,CUST-1338,Rohan Gupta,Small Business,North,Punjab,Clothing,Kurta,3,1554.85,4664.55,1283.4
ORD-10904,2024-02-19,CUST-1099,Riya Kumar,Small Business,West,Rajasthan,Home & Kitchen,Lamp,7,7856.13,54992.91,9312.17
ORD-11364,2024-02-19,CUST-1032,Krishna Chopra,Consumer,West,Maharashtra,Home & Kitchen,Lamp,2,6392.24,12784.48,2110.31
ORD-10790,2024-02-19,CUST-1147,Myra Rao,Consumer,East,Bihar,Home & Kitchen,Cookware Set,1,6557.08,6557.08,581.25
ORD-10808,2024-02-20,CUST-1233,Diya Mehta,Corporate,East,Jharkhand,Clothing,T-Shirt,2,2260.68,4521.36,1245.3
ORD-12773,2024-02-20,CUST-1013,Aadhya Mehta,Consumer,Central,Chhattisgarh,Home & Kitchen,Air Fryer,4,1563.92,6255.68,744.0
ORD-11245,2024-02-20,CUST-1054,Aditya Malhotra,Consumer,North,Punjab,Electronics,Smartwatch,4,15571.47,62285.88,6283.18
ORD-12508,2024-02-20,CUST-1267,Aadhya Reddy,Corporate,North,Punjab,Electronics,Smartphone,5,58727.65,293638.25,56711.36
ORD-11259,2024-02-20,CUST-1363,Diya Kapoor,Small Business,West,Rajasthan,Electronics,Headphones,5,23664.62,118323.1,23745.48
ORD-11066,2024-02-20,CUST-1127,Vihaan Patel,Consumer,South,Telangana,Clothing,Kurta,6,2760.61,16563.66,1496.97
ORD-11263,2024-02-20,CUST-1229,Reyansh Chopra,Corporate,North,Uttar Pradesh,Electronics,Smartwatch,7,59152.88,414070.16,76555.44
ORD-11041,2024-02-21,CUST-1133,Anika Verma,Consumer,West,Goa,Home & Kitchen,Mixer Grinder,4,899.71,3598.84,713.31
ORD-12197,2024-02-21,CUST-1032,Rohan Joshi,Consumer,North,Haryana,Sports,Yoga Mat,7,968.81,6781.67,1518.32
ORD-11533,2024-02-21,CUST-1094,Riya Verma,Consumer,West,Goa,Clothing,Kurta,3,436.28,1308.84,232.09
ORD-12383,2024-02-21,CUST-1284,Aditya Agarwal,Small Business,North,Haryana,Electronics,Smartwatch,7,19358.16,135507.12,40856.47
ORD-10475,2024-02-21,CUST-1308,Aadhya Singh,Corporate,South,Karnataka,Home & Kitchen,Air Fryer,1,4869.33,4869.33,1305.92
ORD-12250,2024-02-21,CUST-1299,Myra Gupta,Corporate,North,Uttar Pradesh,Clothing,Saree,7,2646.86,18528.02,5480.63
ORD-11330,2024-02-22,CUST-1244,Navya Sharma,Consumer,North,Punjab,Clothing,Saree,5,1819.02,9095.1,1594.89
ORD-12484,2024-02-22,CUST-1070,Aarav Iyer,Consumer,North,Punjab,Electronics,Tablet,1,29869.48,29869.48,2945.08
ORD-10656,2024-02-22,CUST-1264,Diya Bose,Consumer,West,Rajasthan,Clothing,Jeans,7,2730.21,19111.47,5351.41
ORD-11807,2024-02-22,CUST-1121,Ananya Kumar,Consumer,West,Rajasthan,Electronics,Smartwatch,5,30432.04,152160.2,12592.39
ORD-11101,2024-02-22,CUST-1069,Saanvi Iyer,Small Business,South,Telangana,Electronics,Laptop,7,59332.54,415327.78,113136.8
ORD-11516,2024-02-23,CUST-1348,Arjun Gupta,Consumer,West,Goa,Clothing,T-Shirt,7,2788.7,19520.9,4280.28
ORD-12042,2024-02-23,CUST-1387,Aditya Sharma,Consumer,South,Kerala,Sports,Football,4,1429.69,5718.76,1390.94
ORD-10634,2024-02-23,CUST-1221,Reyansh Bose,Consumer,West,Goa,Clothing,T-Shirt,5,1184.94,5924.7,516.04
ORD-11216,2024-02-23,CUST-1391,Diya Verma,Consumer,North,Uttar Pradesh,Home & Kitchen,Mixer Grinder,4,831.9,3327.6,797.56
ORD-12656,2024-02-23,CUST-1067,Aadhya Reddy,Consumer,West,Goa,Clothing,Kurta,6,603.37,3620.22,1202.96
ORD-12126,2024-02-24,CUST-1296,Krishna Malhotra,Consumer,West,Maharashtra,Sports,Yoga Mat,6,4696.12,28176.72,9423.44
ORD-12066,2024-02-24,CUST-1260,Ishaan Kumar,Small Business,East,Bihar,Home & Kitchen,Bedsheet,7,4847.48,33932.36,7281.51
ORD-10063,2024-02-24,CUST-1053,Aditya Nair,Corporate,North,Punjab,Books,Fiction Novel,1,328.64,328.64,47.87
ORD-11987,2024-02-25,CUST-1270,Vivaan Sharma,Consumer,South,Kerala,Home & Kitchen,Bedsheet,1,4180.79,4180.79,1121.04
ORD-12924,2024-02-26,CUST-1329,Ishita Sharma,Corporate,North,Punjab,Clothing,Jacket,2,410.88,821.76,110.85
ORD-10952,2024-02-26,CUST-1043,Saanvi Kumar,Consumer,North,Uttar Pradesh,Clothing,Jacket,6,542.38,3254.28,1006.44
ORD-11657,2024-02-26,CUST-1283,Vivaan Bhatt,Corporate,East,Jharkhand,Sports,Running Shoes,4,1362.74,5450.96,810.63
ORD-10530,2024-02-26,CUST-1246,Myra Chopra,Consumer,East,West Bengal,Electronics,Laptop,4,5384.71,21538.84,7241.52
ORD-11850,2024-02-26,CUST-1347,Riya Verma,Corporate,East,Bihar,Clothing,Jacket,5,1389.88,6949.4,1389.77
ORD-12077,2024-02-27,CUST-1097,Ishita Pillai,Consumer,East,Odisha,Home & Kitchen,Air Fryer,7,1012.33,7086.31,908.2
ORD-12610,2024-02-27,CUST-1330,Vihaan Joshi,Consumer,North,Haryana,Books,Textbook,4,572.73,2290.92,426.35
ORD-12216,2024-02-27,CUST-1071,Sai Sharma,Consumer,South,Telangana,Sports,Yoga Mat,1,1597.0,1597.0,224.47
ORD-10591,2024-02-28,CUST-1053,Kiara Reddy,Consumer,Central,Chhattisgarh,Clothing,T-Shirt,7,735.33,5147.31,688.2
ORD-11320,2024-02-28,CUST-1159,Navya Malhotra,Consumer,North,Uttar Pradesh,Home & Kitchen,Air Fryer,1,7949.47,7949.47,1648.9
ORD-12648,2024-02-28,CUST-1389,Saanvi Mehta,Consumer,North,Delhi,Books,Biography,1,252.58,252.58,37.64
ORD-12989,2024-02-28,CUST-1135,Myra Verma,Small Business,East,Jharkhand,Clothing,Jacket,4,944.53,3778.12,1297.79
ORD-12374,2024-02-29,CUST-1110,Aarav Reddy,Corporate,South,Telangana,Home & Kitchen,Mixer Grinder,7,7268.02,50876.14,13575.53
ORD-12969,2024-02-29,CUST-1210,Anika Nair,Consumer,Central,Madhya Pradesh,Home & Kitchen,Mixer Grinder,6,6459.4,38756.4,11932.32
ORD-11077,2024-02-29,CUST-1157,Aarav Singh,Consumer,North,Uttar Pradesh,Electronics,Laptop,5,5555.0,27775.0,5162.66
ORD-11908,2024-02-29,CUST-1246,Diya Patel,Consumer,Central,Madhya Pradesh,Clothing,Saree,2,2955.8,5911.6,1409.17
ORD-11907,2024-02-29,CUST-1055,Anika Iyer,Corporate,West,Goa,Clothing,Kurta,5,3286.53,16432.65,3047.4
ORD-11293,2024-03-01,CUST-1357,Vivaan Mehta,Consumer,East,Odisha,Clothing,Saree,4,2193.58,8774.32,1695.15
ORD-12283,2024-03-02,CUST-1338,Diya Malhotra,Consumer,South,Karnataka,Electronics,Headphones,4,38910.86,155643.44,31954.26
ORD-12570,2024-03-02,CUST-1011,Ananya Chopra,Consumer,South,Kerala,Home & Kitchen,Lamp,7,5466.5,38265.5,5875.25
ORD-10080,2024-03-02,CUST-1067,Kiara Iyer,Consumer,Central,Madhya Pradesh,Books,Biography,6,354.72,2128.32,195.77
ORD-11815,2024-03-02,CUST-1227,Riya Kapoor,Consumer,North,Haryana,Clothing,Saree,3,3426.25,10278.75,2919.78
ORD-11858,2024-03-02,CUST-1220,Vivaan Pillai,Consumer,West,Goa,Clothing,Jacket,3,2945.57,8836.71,1417.77
ORD-12665,2024-03-02,CUST-1373,Kiara Iyer,Consumer,South,Telangana,Electronics,Smartphone,6,33761.49,202568.94,63702.77
ORD-10697,2024-03-02,CUST-1175,Kiara Menon,Consumer,Central,Madhya Pradesh,Sports,Dumbbells,1,4399.36,4399.36,408.47
ORD-11338,2024-03-02,CUST-1350,Krishna Kapoor,Consumer,East,Bihar,Electronics,Smartwatch,7,23301.55,163110.85,37192.26
ORD-12320,2024-03-03,CUST-1394,Anika Joshi,Consumer,South,Karnataka,Books,Textbook,6,442.87,2657.22,260.62
ORD-11209,2024-03-03,CUST-1149,Vivaan Malhotra,Small Business,East,Jharkhand,Home & Kitchen,Lamp,1,2489.32,2489.32,815.47
ORD-11642,2024-03-03,CUST-1063,Kiara Iyer,Small Business,West,Goa,Books,Self-Help,1,726.64,726.64,167.46
ORD-12381,2024-03-03,CUST-1196,Sai Iyer,Consumer,Central,Chhattisgarh,Electronics,Laptop,5,26876.07,134380.35,29087.68
ORD-10949,2024-03-04,CUST-1383,Vihaan Patel,Corporate,North,Punjab,Electronics,Tablet,3,5389.71,16169.13,1783.68
ORD-12316,2024-03-04,CUST-1131,Vihaan Patel,Consumer,West,Maharashtra,Electronics,Headphones,1,7020.22,7020.22,2445.31
ORD-11641,2024-03-04,CUST-1279,Reyansh Bhatt,Small Business,East,West Bengal,Electronics,Tablet,3,48948.11,146844.33,16330.53
ORD-10250,2024-03-04,CUST-1208,Navya Bose,Consumer,West,Maharashtra,Electronics,Smartwatch,5,57001.55,285007.75,57704.47
ORD-11403,2024-03-04,CUST-1303,Riya Singh,Consumer,West,Maharashtra,Home & Kitchen,Bedsheet,7,5116.28,35813.96,10464.31
ORD-10492,2024-03-05,CUST-1032,Vivaan Joshi,Corporate,East,Jharkhand,Home & Kitchen,Cookware Set,2,1524.68,3049.36,457.84
ORD-11964,2024-03-05,CUST-1120,Sai Patel,Consumer,East,Odisha,Clothing,Saree,6,1848.62,11091.72,2249.09
ORD-12909,2024-03-06,CUST-1091,Myra Bose,Corporate,South,Telangana,Clothing,Kurta,5,3496.12,17480.6,1670.81
ORD-10750,2024-03-06,CUST-1101,Aditya Kumar,Corporate,East,West Bengal,Home & Kitchen,Air Fryer,6,5289.96,31739.76,10746.1
ORD-11931,2024-03-06,CUST-1163,Saanvi Mehta,Corporate,West,Maharashtra,Electronics,Headphones,1,9991.22,9991.22,2576.36
ORD-11439,2024-03-06,CUST-1017,Aditya Verma,Corporate,West,Gujarat,Clothing,Jacket,7,2271.78,15902.46,3744.32
ORD-11360,2024-03-06,CUST-1145,Ishita Nair,Consumer,West,Goa,Home & Kitchen,Lamp,1,2488.89,2488.89,236.06
ORD-11602,2024-03-07,CUST-1295,Rohan Bose,Consumer,South,Kerala,Electronics,Laptop,5,25940.34,129701.7,13116.05
ORD-10877,2024-03-07,CUST-1068,Aarav Gupta,Corporate,North,Punjab,Sports,Football,1,2318.88,2318.88,490.7
ORD-10756,2024-03-08,CUST-1025,Aadhya Reddy,Small Business,North,Delhi,Sports,Yoga Mat,3,1915.14,5745.42,698.55
ORD-10223,2024-03-08,CUST-1045,Ishaan Rao,Consumer,Central,Madhya Pradesh,Clothing,T-Shirt,2,1065.47,2130.94,358.64
ORD-10661,2024-03-08,CUST-1153,Aarav Chopra,Corporate,West,Rajasthan,Home & Kitchen,Cookware Set,7,5168.42,36178.94,12287.92
ORD-11181,2024-03-08,CUST-1336,Vihaan Bhatt,Corporate,South,Telangana,Books,Textbook,7,242.82,1699.74,482.7
ORD-12994,2024-03-09,CUST-1376,Saanvi Sharma,Consumer,Central,Madhya Pradesh,Clothing,Saree,3,3462.76,10388.28,2301.57
ORD-11160,2024-03-09,CUST-1337,Ishita Singh,Consumer,South,Telangana,Electronics,Headphones,6,48129.41,288776.46,24920.55
ORD-11496,2024-03-09,CUST-1352,Myra Joshi,Consumer,Central,Madhya Pradesh,Clothing,Saree,4,3028.65,12114.6,2293.35
ORD-11621,2024-03-10,CUST-1338,Aadhya Kumar,Consumer,North,Haryana,Electronics,Headphones,5,33881.44,169407.2,54249.19
ORD-11342,2024-03-10,CUST-1149,Aditya Joshi,Small Business,North,Delhi,Electronics,Headphones,3,54815.92,164447.76,53343.05
ORD-11595,2024-03-10,CUST-1118,Vivaan Menon,Consumer,Central,Madhya Pradesh,Electronics,Smartphone,2,8898.22,17796.44,3769.34
ORD-11531,2024-03-11,CUST-1321,Vihaan Menon,Consumer,Central,Madhya Pradesh,Electronics,Smartwatch,2,42457.58,84915.16,23827.56
ORD-12029,2024-03-11,CUST-1074,Reyansh Bhatt,Consumer,West,Gujarat,Home & Kitchen,Cookware Set,2,3893.06,7786.12,2512.7
ORD-11062,2024-03-11,CUST-1101,Aadhya Iyer,Corporate,North,Punjab,Home & Kitchen,Cookware Set,6,4623.39,27740.34,2638.88
ORD-10359,2024-03-11,CUST-1062,Saanvi Pillai,Corporate,West,Rajasthan,Electronics,Smartphone,3,58085.36,174256.08,56188.51
ORD-12436,2024-03-11,CUST-1010,Saanvi Gupta,Corporate,West,Rajasthan,Clothing,Kurta,3,3387.12,10161.36,1405.17
ORD-10039,2024-03-12,CUST-1053,Diya Sharma,Consumer,North,Punjab,Clothing,Jacket,4,3117.63,12470.52,3540.22
ORD-10151,2024-03-12,CUST-1267,Ishita Patel,Consumer,West,Rajasthan,Electronics,Laptop,2,20030.56,40061.12,4726.9
ORD-12747,2024-03-12,CUST-1161,Saanvi Malhotra,Corporate,East,Jharkhand,Home & Kitchen,Cookware Set,1,4120.96,4120.96,1281.61
ORD-10866,2024-03-12,CUST-1006,Sai Gupta,Consumer,North,Haryana,Electronics,Tablet,4,56887.28,227549.12,78267.96
ORD-12252,2024-03-13,CUST-1288,Ishaan Iyer,Small Business,North,Punjab,Clothing,Kurta,3,1047.2,3141.6,548.2
ORD-11015,2024-03-13,CUST-1135,Arjun Bose,Corporate,North,Haryana,Sports,Dumbbells,1,4281.88,4281.88,911.29
ORD-11023,2024-03-13,CUST-1318,Vivaan Mehta,Small Business,West,Gujarat,Books,Textbook,3,662.12,1986.36,337.27
ORD-10776,2024-03-14,CUST-1070,Aarav Sharma,Corporate,South,Telangana,Clothing,Kurta,1,2272.02,2272.02,477.5
ORD-10856,2024-03-14,CUST-1083,Krishna Menon,Small Business,East,Odisha,Clothing,T-Shirt,7,1374.15,9619.05,3056.95
ORD-11079,2024-03-15,CUST-1053,Aditya Bhatt,Small Business,North,Delhi,Sports,Football,4,1245.09,4980.36,565.74
ORD-11478,2024-03-15,CUST-1081,Aadhya Bose,Consumer,North,Uttar Pradesh,Sports,Running Shoes,5,3277.58,16387.9,5087.68
ORD-11061,2024-03-15,CUST-1178,Vihaan Verma,Consumer,North,Punjab,Sports,Yoga Mat,6,1721.77,10330.62,1193.99
ORD-10326,2024-03-15,CUST-1240,Riya Bhatt,Consumer,East,Jharkhand,Electronics,Tablet,4,25330.88,101323.52,31678.75
ORD-10958,2024-03-16,CUST-1306,Aadhya Menon,Consumer,West,Rajasthan,Clothing,Kurta,2,2201.67,4403.34,1492.17
ORD-11643,2024-03-16,CUST-1240,Reyansh Bose,Small Business,North,Uttar Pradesh,Electronics,Headphones,7,56675.68,396729.76,136706.68
ORD-11670,2024-03-16,CUST-1257,Diya Nair,Consumer,South,Kerala,Electronics,Laptop,1,39017.15,39017.15,4106.53
ORD-12088,2024-03-16,CUST-1141,Saanvi Mehta,Corporate,West,Goa,Clothing,Kurta,5,2197.25,10986.25,3528.65
ORD-10214,2024-03-16,CUST-1031,Kiara Singh,Consumer,West,Maharashtra,Sports,Cricket Bat,4,3607.39,14429.56,4934.47
ORD-11724,2024-03-16,CUST-1166,Ishaan Nair,Small Business,South,Karnataka,Electronics,Smartwatch,5,46319.8,231599.0,38478.18
ORD-11905,2024-03-16,CUST-1285,Navya Malhotra,Small Business,East,Jharkhand,Sports,Running Shoes,7,1514.22,10599.54,3082.09
ORD-12758,2024-03-16,CUST-1082,Ishaan Agarwal,Consumer,North,Punjab,Electronics,Headphones,5,6659.62,33298.1,7239.33
ORD-11083,2024-03-16,CUST-1027,Aditya Nair,Corporate,North,Haryana,Books,Fiction Novel,3,574.54,1723.62,508.53
ORD-10287,2024-03-16,CUST-1262,Kiara Nair,Consumer,South,Telangana,Sports,Football,7,4212.11,29484.77,8772.46
ORD-11050,2024-03-17,CUST-1340,Ananya Pillai,Small Business,South,Karnataka,Home & Kitchen,Bedsheet,7,6319.88,44239.16,6279.36
ORD-11786,2024-03-17,CUST-1361,Rohan Rao,Consumer,West,Goa,Home & Kitchen,Mixer Grinder,5,7873.11,39365.55,7872.56
ORD-10614,2024-03-17,CUST-1199,Arjun Reddy,Consumer,North,Uttar Pradesh,Sports,Running Shoes,5,4523.5,22617.5,7556.66
ORD-10815,2024-03-17,CUST-1367,Diya Reddy,Consumer,North,Punjab,Sports,Running Shoes,7,4138.7,28970.9,8273.06
ORD-10559,2024-03-17,CUST-1217,Arjun Patel,Consumer,South,Telangana,Electronics,Laptop,2,26414.75,52829.5,14899.21
ORD-11339,2024-03-18,CUST-1042,Kiara Bhatt,Consumer,North,Delhi,Clothing,Saree,4,1563.42,6253.68,1079.28
ORD-10045,2024-03-18,CUST-1110,Reyansh Gupta,Consumer,South,Karnataka,Electronics,Headphones,7,31433.13,220031.91,32007.39
ORD-10064,2024-03-18,CUST-1006,Aadhya Kapoor,Small Business,East,Odisha,Books,Comics,2,286.08,572.16,110.88
ORD-10719,2024-03-18,CUST-1167,Saanvi Agarwal,Consumer,North,Delhi,Clothing,Jeans,1,2048.92,2048.92,625.97
ORD-12864,2024-03-18,CUST-1293,Ishaan Mehta,Consumer,West,Rajasthan,Electronics,Laptop,6,8375.57,50253.42,12997.54
ORD-12639,2024-03-18,CUST-1249,Aditya Pillai,Consumer,Central,Chhattisgarh,Electronics,Smartwatch,5,2318.2,11591.0,4053.21
ORD-11454,2024-03-19,CUST-1011,Kiara Singh,Consumer,East,Odisha,Electronics,Tablet,2,56949.35,113898.7,12731.58
ORD-10087,2024-03-19,CUST-1098,Vivaan Singh,Consumer,West,Rajasthan,Home & Kitchen,Cookware Set,5,6711.81,33559.05,9687.23
ORD-12318,2024-03-19,CUST-1099,Anika Singh,Corporate,North,Haryana,Electronics,Smartwatch,2,34447.12,68894.24,10127.78
ORD-11779,2024-03-20,CUST-1057,Navya Malhotra,Consumer,North,Haryana,Electronics,Headphones,5,6968.52,34842.6,11223.85
ORD-11008,2024-03-20,CUST-1125,Krishna Sharma,Corporate,Central,Madhya Pradesh,Electronics,Smartphone,1,44880.1,44880.1,13084.19
ORD-11380,2024-03-20,CUST-1201,Reyansh Kapoor,Consumer,South,Kerala,Electronics,Smartphone,4,27135.24,108540.96,22269.69
ORD-10388,2024-03-21,CUST-1215,Diya Singh,Small Business,West,Goa,Electronics,Smartphone,5,14794.77,73973.85,18128.2
ORD-10779,2024-03-21,CUST-1292,Myra Kumar,Corporate,East,West Bengal,Sports,Football,7,3819.91,26739.37,7872.71
ORD-11733,2024-03-21,CUST-1350,Aditya Gupta,Small Business,South,Kerala,Clothing,Kurta,7,3213.27,22492.89,3670.71
ORD-11805,2024-03-21,CUST-1029,Aadhya Joshi,Corporate,East,Jharkhand,Home & Kitchen,Lamp,2,6970.39,13940.78,3192.87
ORD-10003,2024-03-21,CUST-1161,Navya Malhotra,Corporate,South,Telangana,Books,Self-Help,2,216.37,432.74,39.9
ORD-11256,2024-03-21,CUST-1297,Vivaan Kumar,Small Business,West,Goa,Electronics,Tablet,1,13423.44,13423.44,4028.37
ORD-12830,2024-03-21,CUST-1125,Rohan Joshi,Consumer,West,Rajasthan,Sports,Cricket Bat,5,4205.66,21028.3,6224.07
ORD-11202,2024-03-21,CUST-1226,Kiara Mehta,Consumer,West,Goa,Electronics,Smartphone,5,24643.62,123218.1,37226.3
ORD-11000,2024-03-21,CUST-1315,Riya Gupta,Small Business,West,Maharashtra,Home & Kitchen,Air Fryer,4,1792.61,7170.44,1926.88
ORD-11933,2024-03-22,CUST-1072,Aadhya Malhotra,Consumer,West,Gujarat,Electronics,Laptop,7,2608.53,18259.71,4758.6
ORD-11492,2024-03-22,CUST-1356,Ishaan Rao,Consumer,Central,Madhya Pradesh,Home & Kitchen,Mixer Grinder,2,4289.63,8579.26,2293.17
ORD-11262,2024-03-22,CUST-1167,Ishita Sharma,Consumer,West,Goa,Clothing,T-Shirt,2,2035.33,4070.66,752.27
ORD-12277,2024-03-22,CUST-1352,Aditya Verma,Consumer,Central,Madhya Pradesh,Electronics,Smartwatch,3,30516.85,91550.55,17070.33
ORD-12480,2024-03-23,CUST-1099,Diya Chopra,Small Business,North,Uttar Pradesh,Electronics,Smartwatch,1,49120.59,49120.59,10476.45
ORD-12640,2024-03-23,CUST-1238,Ishita Mehta,Corporate,South,Karnataka,Sports,Football,3,3103.3,9309.9,1040.24
ORD-12624,2024-03-23,CUST-1046,Aadhya Patel,Consumer,West,Maharashtra,Clothing,T-Shirt,1,2828.51,2828.51,246.77
ORD-11649,2024-03-23,CUST-1048,Krishna Gupta,Consumer,North,Delhi,Clothing,Kurta,5,2856.85,14284.25,3138.28
ORD-10470,2024-03-23,CUST-1176,Ananya Reddy,Consumer,Central,Chhattisgarh,Clothing,Jeans,1,1326.67,1326.67,152.93
ORD-11463,2024-03-23,CUST-1171,Reyansh Mehta,Consumer,North,Haryana,Electronics,Laptop,7,18015.86,126111.02,10172.93
ORD-10159,2024-03-23,CUST-1205,Saanvi Reddy,Small Business,Central,Madhya Pradesh,Books,Fiction Novel,7,626.32,4384.24,609.32
ORD-10773,2024-03-24,CUST-1341,Saanvi Reddy,Consumer,East,Jharkhand,Electronics,Smartphone,1,27207.72,27207.72,3963.93
ORD-12888,2024-03-24,CUST-1043,Reyansh Chopra,Consumer,South,Kerala,Sports,Football,4,3165.77,12663.08,2995.39
ORD-10088,2024-03-24,CUST-1356,Kiara Kapoor,Consumer,West,Rajasthan,Books,Comics,3,383.96,1151.88,317.45
ORD-12680,2024-03-24,CUST-1076,Ananya Rao,Small Business,East,Odisha,Sports,Football,1,1382.07,1382.07,253.88
ORD-12702,2024-03-25,CUST-1097,Diya Patel,Small Business,South,Karnataka,Home & Kitchen,Lamp,7,696.88,4878.16,1556.63
ORD-12668,2024-03-25,CUST-1300,Rohan Bose,Corporate,North,Uttar Pradesh,Electronics,Smartwatch,5,44171.88,220859.4,74691.57
ORD-11307,2024-03-25,CUST-1243,Aarav Bose,Corporate,West,Maharashtra,Home & Kitchen,Air Fryer,4,1552.84,6211.36,2083.8
ORD-12004,2024-03-25,CUST-1364,Vivaan Bose,Consumer,West,Maharashtra,Home & Kitchen,Mixer Grinder,1,5428.57,5428.57,777.48
ORD-10462,2024-03-25,CUST-1344,Saanvi Chopra,Consumer,East,West Bengal,Sports,Yoga Mat,3,3790.39,11371.17,1768.64
ORD-12366,2024-03-25,CUST-1305,Riya Kumar,Small Business,Central,Chhattisgarh,Clothing,Kurta,3,2620.56,7861.68,2055.76
ORD-12260,2024-03-26,CUST-1353,Kiara Chopra,Consumer,South,Tamil Nadu,Sports,Yoga Mat,3,436.16,1308.48,343.82
ORD-11701,2024-03-26,CUST-1101,Vivaan Agarwal,Corporate,North,Punjab,Books,Self-Help,3,835.43,2506.29,471.72
ORD-10466,2024-03-26,CUST-1132,Sai Pillai,Consumer,West,Gujarat,Sports,Dumbbells,7,398.87,2792.09,768.29
ORD-11721,2024-03-26,CUST-1299,Myra Kumar,Corporate,West,Gujarat,Home & Kitchen,Air Fryer,1,2332.32,2332.32,471.49
ORD-10646,2024-03-27,CUST-1102,Saanvi Singh,Consumer,East,West Bengal,Electronics,Smartwatch,2,7777.12,15554.24,4127.76
ORD-10628,2024-03-27,CUST-1066,Vihaan Verma,Consumer,South,Tamil Nadu,Electronics,Laptop,7,11466.48,80265.36,26021.1
ORD-11227,2024-03-28,CUST-1138,Aadhya Menon,Consumer,East,Jharkhand,Home & Kitchen,Lamp,6,1787.09,10722.54,3205.52
ORD-12018,2024-03-28,CUST-1140,Ananya Kumar,Consumer,East,Bihar,Clothing,Jeans,5,1517.23,7586.15,1183.95
ORD-11633,2024-03-28,CUST-1334,Aditya Verma,Consumer,West,Rajasthan,Home & Kitchen,Lamp,7,2336.42,16354.94,3253.49
ORD-11165,2024-03-29,CUST-1222,Myra Agarwal,Consumer,South,Tamil Nadu,Sports,Running Shoes,6,2823.02,16938.12,4638.31
ORD-12848,2024-03-29,CUST-1022,Ananya Malhotra,Corporate,West,Rajasthan,Home & Kitchen,Air Fryer,4,1678.25,6713.0,1274.66
ORD-11203,2024-03-29,CUST-1075,Diya Pillai,Corporate,Central,Chhattisgarh,Books,Self-Help,5,577.22,2886.1,702.63
ORD-11787,2024-03-29,CUST-1366,Navya Kapoor,Small Business,South,Karnataka,Clothing,Jeans,3,3294.12,9882.36,1940.64
ORD-11021,2024-03-29,CUST-1327,Aadhya Joshi,Consumer,North,Delhi,Clothing,T-Shirt,2,1357.42,2714.84,633.41
ORD-12095,2024-03-29,CUST-1167,Ananya Sharma,Consumer,West,Gujarat,Home & Kitchen,Mixer Grinder,6,6662.63,39975.78,5720.59
ORD-11391,2024-03-29,CUST-1082,Arjun Verma,Consumer,Central,Chhattisgarh,Books,Fiction Novel,1,421.33,421.33,71.47
ORD-12915,2024-03-30,CUST-1060,Riya Singh,Consumer,Central,Chhattisgarh,Clothing,Jeans,5,1822.37,9111.85,2439.5
ORD-11009,2024-03-30,CUST-1090,Riya Patel,Small Business,North,Uttar Pradesh,Clothing,Jeans,5,1033.23,5166.15,1514.83
ORD-12211,2024-03-30,CUST-1123,Rohan Menon,Consumer,West,Goa,Home & Kitchen,Air Fryer,6,2170.49,13022.94,4127.06
ORD-11166,2024-03-30,CUST-1393,Aadhya Chopra,Small Business,South,Tamil Nadu,Home & Kitchen,Mixer Grinder,7,1431.79,10022.53,3221.33
ORD-11831,2024-03-30,CUST-1361,Vihaan Iyer,Corporate,South,Telangana,Electronics,Smartwatch,5,45460.56,227302.8,70311.94
ORD-12124,2024-03-30,CUST-1125,Aadhya Bose,Consumer,North,Uttar Pradesh,Clothing,Saree,3,2533.93,7601.79,1798.68
ORD-10558,2024-03-30,CUST-1103,Aadhya Joshi,Consumer,West,Maharashtra,Electronics,Smartphone,4,48053.52,192214.08,20150.92
ORD-11745,2024-03-31,CUST-1173,Riya Patel,Consumer,South,Tamil Nadu,Books,Self-Help,3,347.58,1042.74,182.14
ORD-12264,2024-03-31,CUST-1132,Navya Verma,Consumer,East,Bihar,Electronics,Tablet,4,42016.34,168065.36,33838.49
ORD-11760,2024-03-31,CUST-1076,Diya Pillai,Small Business,South,Karnataka,Clothing,Jeans,4,2573.71,10294.84,2908.09
ORD-10690,2024-03-31,CUST-1312,Vivaan Kumar,Small Business,South,Tamil Nadu,Clothing,Kurta,1,3388.23,3388.23,290.21
ORD-10451,2024-04-01,CUST-1363,Vihaan Mehta,Consumer,West,Rajasthan,Electronics,Tablet,1,35345.99,35345.99,10874.16
ORD-12977,2024-04-01,CUST-1298,Ishita Kapoor,Consumer,South,Telangana,Books,Fiction Novel,4,824.61,3298.44,495.66
ORD-12282,2024-04-01,CUST-1217,Vihaan Menon,Small Business,East,Odisha,Clothing,T-Shirt,4,1184.76,4739.04,438.53
ORD-11494,2024-04-01,CUST-1293,Ishaan Mehta,Consumer,West,Goa,Books,Self-Help,7,671.72,4702.04,1195.0
ORD-10983,2024-04-02,CUST-1082,Sai Agarwal,Consumer,North,Haryana,Home & Kitchen,Mixer Grinder,7,4888.11,34216.77,10920.34
ORD-11646,2024-04-02,CUST-1190,Diya Reddy,Small Business,Central,Madhya Pradesh,Sports,Running Shoes,2,3773.17,7546.34,2473.79
ORD-11477,2024-04-02,CUST-1143,Myra Iyer,Corporate,West,Gujarat,Sports,Football,2,2656.31,5312.62,1320.11
ORD-11544,2024-04-02,CUST-1350,Sai Bose,Consumer,East,West Bengal,Clothing,Saree,3,2111.78,6335.34,1925.71
ORD-11983,2024-04-02,CUST-1004,Krishna Pillai,Small Business,South,Tamil Nadu,Home & Kitchen,Bedsheet,1,1603.5,1603.5,292.08
ORD-11970,2024-04-02,CUST-1060,Ishita Kapoor,Consumer,North,Uttar Pradesh,Home & Kitchen,Mixer Grinder,2,6355.43,12710.86,2769.5
ORD-12159,2024-04-02,CUST-1204,Krishna Joshi,Small Business,South,Karnataka,Clothing,Kurta,5,3311.08,16555.4,2402.58
ORD-12251,2024-04-02,CUST-1126,Ananya Malhotra,Corporate,South,Telangana,Home & Kitchen,Cookware Set,3,6053.65,18160.95,3949.37
ORD-11728,2024-04-03,CUST-1383,Diya Nair,Consumer,South,Telangana,Electronics,Tablet,7,43963.65,307745.55,56572.03
ORD-11114,2024-04-03,CUST-1111,Rohan Bhatt,Consumer,West,Rajasthan,Clothing,Kurta,2,2341.73,4683.46,581.69
ORD-12963,2024-04-03,CUST-1220,Aadhya Joshi,Consumer,West,Gujarat,Clothing,Jeans,6,969.59,5817.54,1475.17
ORD-12015,2024-04-03,CUST-1369,Ananya Patel,Consumer,East,Bihar,Clothing,T-Shirt,4,3397.72,13590.88,4438.18
ORD-12449,2024-04-03,CUST-1391,Myra Singh,Consumer,West,Maharashtra,Clothing,T-Shirt,1,1822.71,1822.71,507.73
ORD-12749,2024-04-03,CUST-1293,Navya Menon,Small Business,East,Jharkhand,Sports,Running Shoes,1,4050.76,4050.76,810.7
ORD-12384,2024-04-03,CUST-1349,Aarav Mehta,Consumer,Central,Madhya Pradesh,Sports,Yoga Mat,3,360.11,1080.33,225.71
ORD-10731,2024-04-04,CUST-1207,Riya Agarwal,Consumer,North,Punjab,Electronics,Smartphone,7,10942.89,76600.23,18312.21
ORD-11471,2024-04-04,CUST-1018,Sai Malhotra,Consumer,South,Karnataka,Sports,Cricket Bat,5,3162.61,15813.05,2197.81
ORD-11806,2024-04-04,CUST-1108,Ishita Chopra,Small Business,South,Kerala,Electronics,Tablet,4,13246.7,52986.8,18184.97
ORD-11757,2024-04-04,CUST-1247,Reyansh Rao,Corporate,Central,Madhya Pradesh,Home & Kitchen,Cookware Set,3,4154.53,12463.59,3520.69
ORD-12629,2024-04-04,CUST-1042,Vivaan Verma,Corporate,West,Goa,Home & Kitchen,Lamp,4,1851.71,7406.84,1251.59
ORD-12350,2024-04-04,CUST-1070,Saanvi Pillai,Small Business,East,Odisha,Home & Kitchen,Air Fryer,7,5244.33,36710.31,6523.98
ORD-10295,2024-04-05,CUST-1302,Ishaan Mehta,Corporate,North,Uttar Pradesh,Sports,Cricket Bat,5,833.17,4165.85,1454.57
ORD-12131,2024-04-05,CUST-1035,Reyansh Chopra,Consumer,North,Haryana,Clothing,Jeans,2,479.84,959.68,284.95
ORD-12836,2024-04-05,CUST-1399,Ishaan Kapoor,Consumer,South,Telangana,Home & Kitchen,Cookware Set,6,5498.27,32989.62,2927.82
ORD-11678,2024-04-06,CUST-1210,Vihaan Verma,Consumer,Central,Chhattisgarh,Clothing,T-Shirt,2,546.77,1093.54,132.73
ORD-10930,2024-04-06,CUST-1142,Diya Agarwal,Corporate,North,Uttar Pradesh,Sports,Running Shoes,2,2596.24,5192.48,575.14
ORD-12349,2024-04-07,CUST-1126,Riya Iyer,Consumer,West,Gujarat,Clothing,T-Shirt,7,2534.32,17740.24,5409.14
ORD-12544,2024-04-07,CUST-1188,Ishaan Verma,Consumer,North,Punjab,Clothing,Jeans,2,705.88,1411.76,386.73
ORD-12079,2024-04-07,CUST-1211,Vivaan Bose,Small Business,West,Rajasthan,Books,Fiction Novel,3,413.7,1241.1,323.31
ORD-12428,2024-04-08,CUST-1319,Ishita Reddy,Consumer,Central,Madhya Pradesh,Electronics,Tablet,2,54596.53,109193.06,14317.46
ORD-10752,2024-04-08,CUST-1009,Anika Gupta,Corporate,North,Delhi,Electronics,Headphones,6,51931.92,311591.52,97979.17
ORD-10014,2024-04-08,CUST-1103,Ananya Agarwal,Corporate,West,Goa,Sports,Cricket Bat,4,1634.43,6537.72,1062.04
ORD-10444,2024-04-09,CUST-1106,Kiara Bhatt,Consumer,West,Rajasthan,Electronics,Headphones,2,19838.43,39676.86,12274.25
ORD-12083,2024-04-09,CUST-1148,Sai Kapoor,Corporate,North,Delhi,Electronics,Laptop,5,30834.09,154170.45,37058.73
ORD-10423,2024-04-09,CUST-1254,Navya Chopra,Consumer,North,Punjab,Home & Kitchen,Lamp,5,1802.58,9012.9,2823.05
ORD-10418,2024-04-09,CUST-1119,Kiara Patel,Consumer,West,Gujarat,Sports,Running Shoes,2,4168.12,8336.24,1195.9
ORD-11434,2024-04-09,CUST-1278,Arjun Menon,Consumer,Central,Chhattisgarh,Sports,Football,3,304.84,914.52,189.89
ORD-10434,2024-04-10,CUST-1024,Sai Pillai,Consumer,West,Maharashtra,Sports,Running Shoes,2,2821.67,5643.34,1761.76
ORD-12721,2024-04-10,CUST-1268,Aditya Gupta,Small Business,Central,Madhya Pradesh,Books,Fiction Novel,4,200.39,801.56,128.0
ORD-11163,2024-04-10,CUST-1158,Rohan Bose,Corporate,North,Punjab,Sports,Running Shoes,6,2620.72,15724.32,2916.44
ORD-10092,2024-04-11,CUST-1079,Aadhya Bose,Consumer,Central,Madhya Pradesh,Clothing,T-Shirt,6,2577.64,15465.84,3399.12
ORD-12972,2024-04-11,CUST-1206,Reyansh Gupta,Consumer,West,Maharashtra,Sports,Yoga Mat,7,2856.07,19992.49,5595.35
ORD-11385,2024-04-11,CUST-1115,Navya Sharma,Consumer,East,West Bengal,Home & Kitchen,Mixer Grinder,2,5080.44,10160.88,2730.49
ORD-12058,2024-04-11,CUST-1204,Saanvi Mehta,Corporate,North,Punjab,Clothing,Saree,2,1139.1,2278.2,547.55
ORD-12150,2024-04-11,CUST-1068,Arjun Iyer,Corporate,West,Gujarat,Books,Comics,2,825.11,1650.22,254.0
ORD-11305,2024-04-12,CUST-1383,Diya Menon,Corporate,West,Maharashtra,Home & Kitchen,Mixer Grinder,5,6884.51,34422.55,11437.96
ORD-10000,2024-04-12,CUST-1087,Riya Chopra,Corporate,West,Rajasthan,Home & Kitchen,Lamp,5,752.33,3761.65,516.59
ORD-10021,2024-04-12,CUST-1268,Ishita Kapoor,Corporate,North,Delhi,Electronics,Headphones,2,31703.57,63407.14,6415.74
ORD-11852,2024-04-12,CUST-1058,Aarav Sharma,Corporate,West,Maharashtra,Books,Comics,6,692.18,4153.08,1322.93
ORD-12939,2024-04-12,CUST-1004,Myra Nair,Corporate,North,Haryana,Books,Textbook,1,547.55,547.55,150.0
ORD-12302,2024-04-12,CUST-1089,Vihaan Agarwal,Consumer,East,Bihar,Sports,Running Shoes,4,332.76,1331.04,357.89
ORD-12495,2024-04-13,CUST-1044,Vihaan Iyer,Consumer,East,Bihar,Clothing,Jacket,1,586.6,586.6,125.07
ORD-10299,2024-04-13,CUST-1316,Saanvi Joshi,Consumer,North,Haryana,Electronics,Smartwatch,7,8886.86,62208.02,10322.22
ORD-10019,2024-04-13,CUST-1012,Aditya Bhatt,Consumer,West,Rajasthan,Home & Kitchen,Lamp,4,6507.38,26029.52,7675.17
ORD-12733,2024-04-13,CUST-1173,Anika Joshi,Corporate,North,Uttar Pradesh,Home & Kitchen,Bedsheet,6,4159.07,24954.42,2972.16
ORD-12064,2024-04-14,CUST-1134,Diya Mehta,Corporate,South,Kerala,Home & Kitchen,Cookware Set,6,1228.51,7371.06,2094.56
ORD-12857,2024-04-14,CUST-1118,Vivaan Rao,Consumer,East,West Bengal,Sports,Cricket Bat,1,3157.17,3157.17,902.3
ORD-11653,2024-04-14,CUST-1388,Navya Kapoor,Consumer,East,Odisha,Home & Kitchen,Cookware Set,1,2334.57,2334.57,470.71
ORD-12688,2024-04-14,CUST-1193,Rohan Mehta,Consumer,West,Goa,Electronics,Headphones,1,47257.71,47257.71,5724.82
ORD-10622,2024-04-14,CUST-1343,Sai Singh,Consumer,West,Rajasthan,Home & Kitchen,Air Fryer,7,7463.63,52245.41,9860.39
ORD-10169,2024-04-14,CUST-1376,Riya Iyer,Consumer,East,Bihar,Home & Kitchen,Cookware Set,7,1492.13,10444.91,2341.45
ORD-10454,2024-04-14,CUST-1200,Diya Verma,Consumer,South,Telangana,Clothing,Jacket,7,2103.18,14722.26,2626.94
ORD-12611,2024-04-15,CUST-1374,Sai Malhotra,Consumer,North,Haryana,Home & Kitchen,Bedsheet,5,3483.5,17417.5,3113.68
ORD-11985,2024-04-15,CUST-1319,Myra Rao,Consumer,East,West Bengal,Clothing,Jeans,3,2415.34,7246.02,1234.95
ORD-12744,2024-04-16,CUST-1384,Vivaan Rao,Corporate,North,Haryana,Electronics,Smartphone,7,6387.66,44713.62,13588.77
ORD-12519,2024-04-16,CUST-1177,Anika Gupta,Consumer,South,Tamil Nadu,Clothing,Jacket,6,1666.08,9996.48,922.33
ORD-11625,2024-04-16,CUST-1114,Anika Bose,Corporate,North,Haryana,Home & Kitchen,Mixer Grinder,4,7481.49,29925.96,2760.13
ORD-12455,2024-04-16,CUST-1011,Anika Singh,Small Business,North,Haryana,Clothing,Saree,2,2217.95,4435.9,1036.32
ORD-12148,2024-04-16,CUST-1221,Ananya Kumar,Corporate,Central,Madhya Pradesh,Sports,Football,3,3332.94,9998.82,2388.97
ORD-11318,2024-04-16,CUST-1056,Saanvi Bhatt,Small Business,South,Telangana,Clothing,Kurta,7,1095.57,7668.99,2042.29
ORD-11896,2024-04-16,CUST-1170,Ananya Iyer,Consumer,East,West Bengal,Sports,Football,1,4529.76,4529.76,1158.9
ORD-10171,2024-04-16,CUST-1287,Diya Verma,Consumer,South,Kerala,Electronics,Smartphone,3,27832.22,83496.66,6957.24
ORD-11388,2024-04-16,CUST-1270,Krishna Verma,Corporate,West,Maharashtra,Sports,Football,5,2844.12,14220.6,2179.59
ORD-12777,2024-04-17,CUST-1284,Reyansh Sharma,Corporate,Central,Chhattisgarh,Books,Fiction Novel,2,881.7,1763.4,616.35
ORD-12741,2024-04-17,CUST-1073,Aadhya Bose,Corporate,South,Tamil Nadu,Home & Kitchen,Air Fryer,6,6347.22,38083.32,10458.99
ORD-11606,2024-04-17,CUST-1299,Aditya Kapoor,Consumer,North,Uttar Pradesh,Electronics,Laptop,1,27378.34,27378.34,7826.42
ORD-11390,2024-04-17,CUST-1217,Krishna Patel,Consumer,Central,Madhya Pradesh,Home & Kitchen,Air Fryer,3,3056.74,9170.22,1738.25
ORD-10294,2024-04-17,CUST-1194,Aditya Malhotra,Small Business,North,Haryana,Sports,Yoga Mat,2,306.33,612.66,111.56
ORD-12181,2024-04-17,CUST-1047,Ananya Nair,Small Business,East,Odisha,Clothing,Saree,3,2950.93,8852.79,2953.41
ORD-12425,2024-04-17,CUST-1241,Ishita Mehta,Consumer,North,Punjab,Electronics,Headphones,2,42545.89,85091.78,19707.87
ORD-12786,2024-04-18,CUST-1209,Krishna Sharma,Consumer,East,West Bengal,Sports,Dumbbells,6,442.75,2656.5,850.53
ORD-11324,2024-04-18,CUST-1326,Vihaan Verma,Consumer,North,Punjab,Clothing,Jeans,2,1850.91,3701.82,351.78
ORD-11505,2024-04-18,CUST-1388,Kiara Kumar,Consumer,North,Haryana,Clothing,Jacket,1,942.6,942.6,307.64
ORD-12673,2024-04-19,CUST-1089,Rohan Bhatt,Consumer,North,Punjab,Books,Biography,4,308.6,1234.4,234.0
ORD-12491,2024-04-19,CUST-1121,Krishna Iyer,Small Business,South,Karnataka,Clothing,Jeans,7,1201.83,8412.81,1013.61
ORD-12278,2024-04-19,CUST-1381,Riya Patel,Consumer,Central,Chhattisgarh,Home & Kitchen,Lamp,2,2048.04,4096.08,1149.41
ORD-12637,2024-04-19,CUST-1142,Aditya Mehta,Consumer,West,Goa,Clothing,Saree,2,1920.73,3841.46,784.34
ORD-11686,2024-04-19,CUST-1337,Saanvi Bhatt,Corporate,East,Odisha,Clothing,Jacket,3,3121.98,9365.94,2546.02
ORD-10122,2024-04-19,CUST-1116,Sai Rao,Small Business,West,Gujarat,Electronics,Headphones,2,5488.08,10976.16,3740.37
ORD-10916,2024-04-19,CUST-1398,Kiara Reddy,Consumer,West,Maharashtra,Electronics,Tablet,5,16268.18,81340.9,11207.15
ORD-10878,2024-04-20,CUST-1341,Reyansh Bose,Consumer,West,Rajasthan,Electronics,Smartwatch,2,35648.34,71296.68,17485.75
ORD-11082,2024-04-20,CUST-1012,Saanvi Malhotra,Small Business,West,Goa,Electronics,Laptop,6,10020.65,60123.9,13674.26
ORD-12391,2024-04-20,CUST-1265,Navya Sharma,Corporate,Central,Chhattisgarh,Clothing,T-Shirt,4,1531.94,6127.76,1078.79
ORD-10042,2024-04-20,CUST-1359,Krishna Singh,Consumer,North,Haryana,Home & Kitchen,Air Fryer,4,4107.32,16429.28,2167.32
ORD-11725,2024-04-20,CUST-1284,Diya Patel,Consumer,South,Kerala,Books,Textbook,7,465.33,3257.31,330.8
ORD-11177,2024-04-20,CUST-1330,Anika Verma,Corporate,West,Maharashtra,Home & Kitchen,Cookware Set,4,6646.39,26585.56,3785.68
ORD-11416,2024-04-20,CUST-1366,Myra Menon,Small Business,South,Karnataka,Electronics,Laptop,4,30046.84,120187.36,32972.21
ORD-12139,2024-04-20,CUST-1067,Diya Kumar,Consumer,North,Uttar Pradesh,Books,Self-Help,7,357.97,2505.79,404.1
ORD-10148,2024-04-21,CUST-1293,Diya Bose,Corporate,North,Punjab,Clothing,Jacket,4,3431.99,13727.96,4330.85
ORD-11300,2024-04-22,CUST-1114,Rohan Menon,Consumer,East,Jharkhand,Books,Fiction Novel,7,298.94,2092.58,270.8
ORD-11961,2024-04-22,CUST-1254,Sai Verma,Small Business,South,Kerala,Home & Kitchen,Lamp,6,2216.17,13297.02,4588.14
ORD-11569,2024-04-23,CUST-1380,Aarav Singh,Consumer,North,Haryana,Home & Kitchen,Bedsheet,5,6762.1,33810.5,7082.94
ORD-10673,2024-04-23,CUST-1325,Kiara Kumar,Corporate,East,Odisha,Clothing,T-Shirt,6,674.31,4045.86,695.79
ORD-10496,2024-04-23,CUST-1312,Ishita Bhatt,Consumer,South,Tamil Nadu,Home & Kitchen,Lamp,2,7329.88,14659.76,2949.4
ORD-12258,2024-04-23,CUST-1168,Ananya Singh,Consumer,South,Karnataka,Clothing,Jeans,2,3306.31,6612.62,1140.36
ORD-12626,2024-04-23,CUST-1023,Anika Chopra,Small Business,East,West Bengal,Clothing,Jeans,5,2445.84,12229.2,2020.75
ORD-12869,2024-04-24,CUST-1110,Navya Kumar,Consumer,West,Maharashtra,Home & Kitchen,Cookware Set,5,725.28,3626.4,462.7
ORD-11811,2024-04-24,CUST-1321,Krishna Mehta,Small Business,Central,Madhya Pradesh,Clothing,Saree,4,2555.71,10222.84,897.45
ORD-12530,2024-04-24,CUST-1089,Vihaan Verma,Consumer,South,Kerala,Sports,Cricket Bat,3,4479.29,13437.87,1978.9
ORD-11469,2024-04-25,CUST-1341,Ishita Kumar,Consumer,West,Goa,Home & Kitchen,Air Fryer,7,2603.49,18224.43,6320.66
ORD-12505,2024-04-25,CUST-1047,Ananya Gupta,Consumer,South,Karnataka,Home & Kitchen,Lamp,6,6837.15,41022.9,6724.34
ORD-11598,2024-04-25,CUST-1396,Aarav Chopra,Consumer,North,Haryana,Clothing,Kurta,1,1868.36,1868.36,621.42
ORD-10307,2024-04-25,CUST-1278,Ishaan Rao,Consumer,West,Rajasthan,Sports,Football,2,1894.73,3789.46,820.8
ORD-10974,2024-04-26,CUST-1325,Krishna Kapoor,Small Business,North,Uttar Pradesh,Home & Kitchen,Cookware Set,6,2193.02,13158.12,2820.19
ORD-11877,2024-04-26,CUST-1247,Ishaan Rao,Consumer,South,Telangana,Electronics,Smartwatch,4,19122.44,76489.76,24117.27
ORD-12376,2024-04-26,CUST-1148,Ishita Mehta,Consumer,West,Gujarat,Clothing,Jeans,1,2802.07,2802.07,366.28
ORD-10140,2024-04-26,CUST-1145,Anika Sharma,Consumer,West,Goa,Clothing,Saree,7,2254.5,15781.5,4000.49
ORD-12400,2024-04-27,CUST-1065,Rohan Singh,Small Business,West,Maharashtra,Clothing,Jacket,1,3355.73,3355.73,670.83
ORD-11741,2024-04-27,CUST-1160,Anika Chopra,Consumer,South,Karnataka,Clothing,Kurta,3,591.59,1774.77,492.85
ORD-10172,2024-04-27,CUST-1195,Arjun Reddy,Consumer,West,Maharashtra,Clothing,Jeans,5,1472.22,7361.1,1854.73
ORD-12522,2024-04-27,CUST-1177,Kiara Pillai,Consumer,South,Kerala,Clothing,Jacket,4,3414.14,13656.56,2087.79
ORD-10842,2024-04-27,CUST-1251,Reyansh Mehta,Consumer,East,Bihar,Home & Kitchen,Cookware Set,2,4895.09,9790.18,3134.99
ORD-12652,2024-04-28,CUST-1063,Navya Gupta,Consumer,West,Rajasthan,Electronics,Smartphone,6,19938.17,119629.02,31471.96
ORD-11065,2024-04-28,CUST-1361,Myra Mehta,Consumer,North,Punjab,Clothing,T-Shirt,4,1744.55,6978.2,2426.17
ORD-11991,2024-04-28,CUST-1399,Anika Sharma,Consumer,South,Karnataka,Sports,Cricket Bat,7,529.16,3704.12,741.46
ORD-11352,2024-04-28,CUST-1150,Reyansh Sharma,Corporate,North,Delhi,Books,Biography,7,342.18,2395.26,687.75
ORD-12870,2024-04-28,CUST-1279,Saanvi Nair,Small Business,South,Tamil Nadu,Home & Kitchen,Lamp,4,2328.71,9314.84,3082.86
ORD-12554,2024-04-29,CUST-1064,Saanvi Iyer,Small Business,West,Rajasthan,Sports,Cricket Bat,7,2692.33,18846.31,4342.1
ORD-11884,2024-04-29,CUST-1312,Rohan Mehta,Consumer,North,Delhi,Clothing,Jacket,6,2746.99,16481.94,4101.71
ORD-10229,2024-04-30,CUST-1108,Rohan Bhatt,Consumer,South,Tamil Nadu,Electronics,Tablet,7,41580.36,291062.52,63757.69
ORD-12498,2024-05-01,CUST-1244,Ananya Reddy,Corporate,West,Goa,Home & Kitchen,Air Fryer,7,4478.8,31351.6,8051.87
ORD-10239,2024-05-01,CUST-1347,Anika Iyer,Small Business,South,Telangana,Electronics,Headphones,7,48562.94,339940.58,80770.79
ORD-12115,2024-05-01,CUST-1151,Sai Malhotra,Consumer,North,Delhi,Electronics,Smartwatch,2,13721.86,27443.72,7745.73
ORD-12992,2024-05-01,CUST-1073,Rohan Kapoor,Corporate,West,Maharashtra,Sports,Dumbbells,7,4399.29,30795.03,5817.96
ORD-11768,2024-05-02,CUST-1121,Vihaan Nair,Small Business,Central,Madhya Pradesh,Electronics,Laptop,2,36917.37,73834.74,10157.09
ORD-12003,2024-05-02,CUST-1353,Kiara Rao,Small Business,West,Goa,Home & Kitchen,Cookware Set,2,2127.77,4255.54,1406.77
ORD-10404,2024-05-02,CUST-1083,Ananya Patel,Small Business,East,Bihar,Clothing,Kurta,3,700.76,2102.28,655.38
ORD-10316,2024-05-02,CUST-1110,Sai Malhotra,Consumer,North,Haryana,Home & Kitchen,Lamp,6,3432.6,20595.6,4459.73
ORD-11144,2024-05-02,CUST-1320,Vihaan Mehta,Consumer,West,Goa,Home & Kitchen,Lamp,5,4784.94,23924.7,7995.27
ORD-10175,2024-05-03,CUST-1058,Anika Rao,Small Business,South,Kerala,Clothing,Jeans,7,495.91,3471.37,725.61
ORD-10962,2024-05-03,CUST-1136,Riya Verma,Consumer,South,Telangana,Electronics,Smartphone,7,27081.82,189572.74,62650.43
ORD-12071,2024-05-03,CUST-1087,Reyansh Reddy,Consumer,North,Haryana,Home & Kitchen,Cookware Set,2,1193.34,2386.68,811.82
ORD-11377,2024-05-04,CUST-1079,Kiara Chopra,Corporate,East,West Bengal,Electronics,Smartwatch,3,45341.04,136023.12,24222.71
ORD-10582,2024-05-04,CUST-1386,Rohan Joshi,Corporate,East,Odisha,Electronics,Smartwatch,2,17239.56,34479.12,11529.22
ORD-10800,2024-05-04,CUST-1218,Sai Verma,Consumer,West,Maharashtra,Home & Kitchen,Cookware Set,1,3325.14,3325.14,742.83
ORD-11392,2024-05-04,CUST-1106,Aadhya Kapoor,Consumer,West,Rajasthan,Sports,Dumbbells,4,4974.87,19899.48,6943.69
ORD-11090,2024-05-05,CUST-1227,Vihaan Kapoor,Consumer,West,Goa,Electronics,Smartwatch,6,27662.39,165974.34,42645.12
ORD-11016,2024-05-05,CUST-1390,Riya Pillai,Small Business,West,Goa,Sports,Football,5,1290.03,6450.15,1466.15
ORD-12339,2024-05-05,CUST-1207,Anika Verma,Corporate,East,Bihar,Electronics,Headphones,5,31797.91,158989.55,36586.62
ORD-11381,2024-05-05,CUST-1362,Aarav Rao,Small Business,Central,Madhya Pradesh,Clothing,Jeans,3,1021.14,3063.42,797.64
ORD-12401,2024-05-05,CUST-1200,Myra Verma,Small Business,East,West Bengal,Clothing,Kurta,2,1137.68,2275.36,631.72
ORD-12761,2024-05-05,CUST-1182,Reyansh Singh,Corporate,Central,Chhattisgarh,Books,Self-Help,3,218.89,656.67,104.31
ORD-10850,2024-05-06,CUST-1170,Ananya Rao,Consumer,North,Punjab,Clothing,Saree,3,1787.28,5361.84,1812.75
ORD-10931,2024-05-06,CUST-1310,Anika Mehta,Consumer,South,Kerala,Books,Textbook,4,520.35,2081.4,665.15
ORD-12701,2024-05-06,CUST-1200,Rohan Bhatt,Small Business,East,Bihar,Clothing,Saree,1,480.11,480.11,161.78
ORD-11353,2024-05-06,CUST-1285,Aarav Joshi,Corporate,West,Goa,Home & Kitchen,Air Fryer,6,3086.07,18516.42,5938.4
ORD-11927,2024-05-07,CUST-1229,Ishita Joshi,Corporate,East,Odisha,Sports,Cricket Bat,4,4417.3,17669.2,4776.49
ORD-12089,2024-05-08,CUST-1379,Vihaan Pillai,Consumer,South,Tamil Nadu,Home & Kitchen,Mixer Grinder,5,5343.13,26715.65,4690.42
ORD-12753,2024-05-08,CUST-1219,Ishita Nair,Small Business,East,Odisha,Electronics,Tablet,5,11762.51,58812.55,19601.08
ORD-10293,2024-05-08,CUST-1224,Diya Agarwal,Consumer,North,Delhi,Books,Self-Help,3,724.02,2172.06,681.38
ORD-12962,2024-05-08,CUST-1276,Rohan Singh,Small Business,South,Tamil Nadu,Home & Kitchen,Cookware Set,2,7193.43,14386.86,2712.98
ORD-12990,2024-05-08,CUST-1291,Vivaan Rao,Small Business,West,Maharashtra,Clothing,Jeans,5,2897.93,14489.65,1441.21
ORD-10152,2024-05-08,CUST-1365,Arjun Singh,Small Business,North,Uttar Pradesh,Sports,Dumbbells,6,4945.56,29673.36,6262.47
ORD-11425,2024-05-08,CUST-1098,Sai Bhatt,Consumer,North,Uttar Pradesh,Electronics,Smartphone,7,38254.91,267784.37,89786.6
ORD-11332,2024-05-09,CUST-1285,Aarav Sharma,Small Business,Central,Chhattisgarh,Books,Comics,5,578.45,2892.25,697.89
ORD-11017,2024-05-09,CUST-1210,Aditya Pillai,Corporate,East,Jharkhand,Electronics,Smartwatch,2,34434.42,68868.84,8985.06
ORD-10056,2024-05-09,CUST-1010,Arjun Pillai,Corporate,North,Haryana,Home & Kitchen,Bedsheet,6,3566.3,21397.8,2597.8
ORD-10011,2024-05-09,CUST-1279,Anika Patel,Consumer,East,Odisha,Sports,Dumbbells,5,4225.92,21129.6,3520.42
ORD-11680,2024-05-10,CUST-1132,Myra Sharma,Consumer,South,Tamil Nadu,Electronics,Headphones,7,3960.85,27725.95,5950.28
ORD-11363,2024-05-10,CUST-1390,Saanvi Joshi,Consumer,West,Maharashtra,Clothing,T-Shirt,2,3318.76,6637.52,1690.4
ORD-10053,2024-05-11,CUST-1152,Aarav Bose,Corporate,South,Tamil Nadu,Clothing,Jacket,1,1590.06,1590.06,177.39
ORD-11271,2024-05-11,CUST-1265,Navya Joshi,Consumer,North,Delhi,Electronics,Headphones,2,44082.29,88164.58,27360.81
ORD-10379,2024-05-11,CUST-1366,Krishna Bose,Small Business,West,Maharashtra,Home & Kitchen,Cookware Set,3,4054.9,12164.7,3329.33
ORD-12699,2024-05-11,CUST-1374,Ishita Reddy,Consumer,West,Maharashtra,Sports,Football,4,3085.83,12343.32,3819.21
ORD-10356,2024-05-11,CUST-1154,Saanvi Bose,Consumer,Central,Chhattisgarh,Home & Kitchen,Air Fryer,7,1244.61,8712.27,1312.7
ORD-12517,2024-05-12,CUST-1270,Reyansh Bose,Corporate,North,Delhi,Clothing,Jacket,2,885.13,1770.26,584.44
ORD-12662,2024-05-12,CUST-1081,Ishaan Verma,Corporate,West,Rajasthan,Clothing,Kurta,1,3440.12,3440.12,1098.6
ORD-12933,2024-05-12,CUST-1313,Anika Joshi,Corporate,North,Haryana,Clothing,T-Shirt,5,1401.7,7008.5,2091.93
ORD-12612,2024-05-12,CUST-1248,Ananya Pillai,Corporate,South,Kerala,Clothing,Kurta,3,1737.28,5211.84,1411.62
ORD-12953,2024-05-12,CUST-1241,Aarav Mehta,Consumer,West,Maharashtra,Electronics,Smartwatch,7,8698.86,60892.02,10277.87
ORD-12801,2024-05-12,CUST-1049,Rohan Bose,Small Business,West,Rajasthan,Clothing,Saree,5,2974.45,14872.25,3841.62
ORD-11022,2024-05-13,CUST-1082,Sai Kapoor,Consumer,West,Gujarat,Clothing,Jacket,3,836.3,2508.9,478.11
ORD-11408,2024-05-13,CUST-1136,Diya Sharma,Corporate,East,West Bengal,Electronics,Laptop,5,52167.75,260838.75,64336.04
ORD-11168,2024-05-13,CUST-1345,Diya Bose,Corporate,South,Tamil Nadu,Electronics,Smartwatch,2,49546.77,99093.54,22340.54
ORD-11843,2024-05-13,CUST-1117,Myra Rao,Corporate,North,Haryana,Books,Textbook,4,605.76,2423.04,614.34
ORD-12221,2024-05-13,CUST-1159,Riya Bhatt,Corporate,South,Kerala,Sports,Cricket Bat,3,2030.74,6092.22,1778.54
ORD-10195,2024-05-13,CUST-1312,Reyansh Pillai,Corporate,South,Telangana,Electronics,Smartphone,6,34883.0,209298.0,54921.18
ORD-11899,2024-05-14,CUST-1302,Arjun Pillai,Small Business,West,Maharashtra,Books,Textbook,6,723.32,4339.92,725.31
ORD-12641,2024-05-14,CUST-1189,Krishna Nair,Consumer,West,Maharashtra,Sports,Cricket Bat,6,1743.02,10458.12,1095.75
ORD-11957,2024-05-15,CUST-1205,Reyansh Iyer,Small Business,North,Punjab,Electronics,Headphones,5,40902.97,204514.85,33772.59
ORD-12291,2024-05-15,CUST-1366,Arjun Agarwal,Consumer,East,West Bengal,Electronics,Headphones,2,6589.26,13178.52,3899.11
ORD-12615,2024-05-15,CUST-1249,Navya Joshi,Consumer,South,Karnataka,Electronics,Headphones,5,9967.24,49836.2,10169.89
ORD-10501,2024-05-15,CUST-1008,Aadhya Menon,Consumer,East,Bihar,Books,Fiction Novel,6,845.25,5071.5,925.51
ORD-10918,2024-05-15,CUST-1063,Krishna Joshi,Consumer,North,Punjab,Electronics,Headphones,6,20016.9,120101.4,34852.6
ORD-10234,2024-05-16,CUST-1353,Kiara Mehta,Corporate,South,Tamil Nadu,Sports,Yoga Mat,3,3574.15,10722.45,2292.89
ORD-10649,2024-05-16,CUST-1309,Kiara Sharma,Corporate,West,Gujarat,Clothing,T-Shirt,6,921.52,5529.12,998.46
ORD-12968,2024-05-16,CUST-1099,Anika Reddy,Consumer,East,Bihar,Books,Biography,3,327.02,981.06,140.72
ORD-10059,2024-05-16,CUST-1293,Ishita Chopra,Consumer,North,Delhi,Electronics,Smartphone,2,28743.46,57486.92,18766.17
ORD-11923,2024-05-16,CUST-1015,Krishna Menon,Consumer,South,Karnataka,Clothing,Jeans,5,1953.04,9765.2,2810.92
ORD-12032,2024-05-17,CUST-1210,Ananya Kapoor,Corporate,North,Punjab,Home & Kitchen,Cookware Set,3,1420.01,4260.03,1121.57
ORD-10955,2024-05-17,CUST-1271,Vivaan Bose,Corporate,North,Punjab,Electronics,Smartphone,4,15477.34,61909.36,9593.19
ORD-12147,2024-05-18,CUST-1335,Diya Menon,Consumer,North,Punjab,Clothing,Saree,6,1281.26,7687.56,2525.68
ORD-12825,2024-05-18,CUST-1226,Riya Malhotra,Small Business,South,Tamil Nadu,Electronics,Smartwatch,3,14666.41,43999.23,5928.06
ORD-12377,2024-05-18,CUST-1041,Aarav Sharma,Corporate,South,Tamil Nadu,Electronics,Tablet,4,21188.44,84753.76,14400.95
ORD-10266,2024-05-18,CUST-1341,Krishna Patel,Corporate,East,Bihar,Books,Self-Help,2,215.66,431.32,83.25
ORD-11223,2024-05-18,CUST-1235,Rohan Bhatt,Corporate,West,Goa,Books,Self-Help,3,406.51,1219.53,191.13
ORD-11758,2024-05-18,CUST-1090,Krishna Pillai,Consumer,North,Haryana,Books,Biography,6,568.3,3409.8,656.15
ORD-11467,2024-05-18,CUST-1324,Riya Mehta,Corporate,Central,Chhattisgarh,Sports,Yoga Mat,6,2358.67,14152.02,1674.72
ORD-12756,2024-05-19,CUST-1360,Ishaan Singh,Corporate,East,Jharkhand,Home & Kitchen,Bedsheet,4,7201.65,28806.6,8689.15
ORD-11027,2024-05-19,CUST-1357,Navya Chopra,Corporate,South,Kerala,Books,Biography,1,210.33,210.33,31.02
ORD-10271,2024-05-19,CUST-1377,Vivaan Gupta,Consumer,Central,Madhya Pradesh,Electronics,Smartphone,5,26652.52,133262.6,21021.54
ORD-12902,2024-05-19,CUST-1392,Aarav Reddy,Consumer,South,Kerala,Sports,Football,1,4857.76,4857.76,1544.38
ORD-12791,2024-05-19,CUST-1310,Saanvi Nair,Small Business,East,West Bengal,Books,Textbook,1,540.97,540.97,142.55
ORD-12899,2024-05-19,CUST-1241,Kiara Bhatt,Small Business,North,Uttar Pradesh,Clothing,Kurta,2,2407.47,4814.94,1372.84
ORD-10645,2024-05-19,CUST-1240,Anika Malhotra,Consumer,East,Odisha,Clothing,Jeans,5,2033.92,10169.6,1246.03
ORD-12700,2024-05-19,CUST-1226,Diya Kumar,Consumer,North,Delhi,Electronics,Headphones,7,2187.88,15315.16,5168.24
ORD-10717,2024-05-20,CUST-1079,Navya Bhatt,Consumer,West,Goa,Electronics,Tablet,4,7364.12,29456.48,2540.32
ORD-11267,2024-05-20,CUST-1289,Navya Pillai,Corporate,North,Delhi,Clothing,Kurta,7,2120.01,14840.07,3225.64
ORD-10057,2024-05-20,CUST-1323,Diya Singh,Corporate,North,Punjab,Home & Kitchen,Bedsheet,5,1728.79,8643.95,1681.38
ORD-10758,2024-05-21,CUST-1160,Kiara Nair,Consumer,North,Uttar Pradesh,Sports,Yoga Mat,7,3508.43,24559.01,3346.35
ORD-11229,2024-05-22,CUST-1371,Reyansh Malhotra,Consumer,East,Bihar,Home & Kitchen,Mixer Grinder,4,7502.81,30011.24,8858.81
ORD-10887,2024-05-22,CUST-1184,Rohan Patel,Corporate,West,Goa,Clothing,Kurta,6,435.44,2612.64,540.42
ORD-11272,2024-05-22,CUST-1272,Myra Rao,Small Business,South,Karnataka,Books,Textbook,1,780.45,780.45,138.92
ORD-12358,2024-05-22,CUST-1002,Myra Chopra,Consumer,Central,Chhattisgarh,Books,Fiction Novel,6,708.04,4248.24,1286.02
ORD-10272,2024-05-22,CUST-1112,Arjun Patel,Consumer,Central,Chhattisgarh,Home & Kitchen,Mixer Grinder,3,5474.09,16422.27,3826.12
ORD-10157,2024-05-22,CUST-1038,Aadhya Singh,Corporate,North,Haryana,Books,Biography,1,830.4,830.4,192.09
ORD-11078,2024-05-22,CUST-1292,Diya Bose,Consumer,North,Delhi,Clothing,Saree,7,1985.68,13899.76,1590.82
ORD-10825,2024-05-22,CUST-1323,Ishita Mehta,Consumer,East,West Bengal,Clothing,T-Shirt,6,706.18,4237.08,768.78
ORD-12862,2024-05-23,CUST-1075,Aditya Bhatt,Corporate,North,Uttar Pradesh,Home & Kitchen,Bedsheet,2,834.91,1669.82,427.44
ORD-10426,2024-05-23,CUST-1133,Vivaan Agarwal,Consumer,West,Maharashtra,Clothing,T-Shirt,6,402.32,2413.92,246.35
ORD-11975,2024-05-23,CUST-1338,Riya Kapoor,Consumer,North,Punjab,Home & Kitchen,Mixer Grinder,3,2659.67,7979.01,2146.28
ORD-11974,2024-05-24,CUST-1039,Aadhya Chopra,Consumer,Central,Madhya Pradesh,Clothing,Kurta,7,2809.12,19663.84,1781.66
ORD-10942,2024-05-25,CUST-1388,Krishna Nair,Corporate,East,West Bengal,Clothing,Jacket,4,948.92,3795.68,1254.33
ORD-11095,2024-05-25,CUST-1296,Riya Malhotra,Small Business,South,Karnataka,Home & Kitchen,Cookware Set,7,3790.19,26531.33,4380.5
ORD-10481,2024-05-25,CUST-1270,Vivaan Patel,Consumer,Central,Chhattisgarh,Clothing,Saree,3,2562.09,7686.27,2118.22
ORD-11455,2024-05-26,CUST-1165,Ishita Iyer,Corporate,Central,Madhya Pradesh,Electronics,Headphones,4,9176.66,36706.64,12182.87
ORD-11465,2024-05-26,CUST-1021,Diya Mehta,Small Business,South,Telangana,Electronics,Tablet,7,47079.53,329556.71,98261.64
ORD-12470,2024-05-26,CUST-1273,Diya Verma,Corporate,East,Odisha,Sports,Football,3,1976.97,5930.91,901.17
ORD-10901,2024-05-26,CUST-1129,Navya Kapoor,Consumer,East,West Bengal,Electronics,Laptop,4,28283.36,113133.44,26821.76
ORD-10181,2024-05-26,CUST-1021,Myra Bhatt,Small Business,South,Kerala,Clothing,Saree,5,3103.35,15516.75,4675.9
ORD-11164,2024-05-27,CUST-1287,Krishna Joshi,Consumer,East,Bihar,Home & Kitchen,Mixer Grinder,2,3544.91,7089.82,2477.94
ORD-11140,2024-05-27,CUST-1121,Ishaan Gupta,Corporate,North,Punjab,Electronics,Smartphone,4,39100.4,156401.6,23189.0
ORD-12861,2024-05-27,CUST-1370,Anika Menon,Consumer,East,Jharkhand,Clothing,Saree,2,1810.16,3620.32,493.84
ORD-10267,2024-05-28,CUST-1183,Sai Menon,Corporate,Central,Madhya Pradesh,Electronics,Smartwatch,6,18795.79,112774.74,36819.98
ORD-12646,2024-05-28,CUST-1021,Aditya Agarwal,Consumer,North,Delhi,Sports,Running Shoes,4,3916.77,15667.08,3445.46
ORD-10132,2024-05-28,CUST-1010,Myra Verma,Corporate,North,Haryana,Sports,Running Shoes,2,2330.76,4661.52,925.96
ORD-12851,2024-05-28,CUST-1079,Rohan Gupta,Consumer,South,Tamil Nadu,Electronics,Headphones,6,24087.53,144525.18,37721.78
ORD-12911,2024-05-28,CUST-1348,Rohan Menon,Small Business,North,Delhi,Sports,Dumbbells,5,1249.26,6246.3,2167.81
ORD-12520,2024-05-29,CUST-1231,Vivaan Bhatt,Corporate,North,Uttar Pradesh,Books,Self-Help,7,837.03,5859.21,954.02
ORD-11588,2024-05-29,CUST-1205,Anika Pillai,Consumer,West,Goa,Electronics,Tablet,2,23284.18,46568.36,12134.82
ORD-12006,2024-05-29,CUST-1039,Diya Mehta,Small Business,East,Odisha,Sports,Dumbbells,5,3865.37,19326.85,3567.62
ORD-10225,2024-05-30,CUST-1289,Arjun Chopra,Consumer,North,Uttar Pradesh,Electronics,Smartphone,3,28348.02,85044.06,28651.56
ORD-11500,2024-05-30,CUST-1132,Rohan Reddy,Consumer,North,Uttar Pradesh,Books,Comics,3,557.93,1673.79,481.87
ORD-11205,2024-05-30,CUST-1203,Anika Bose,Corporate,South,Telangana,Home & Kitchen,Mixer Grinder,3,7679.09,23037.27,7003.05
ORD-12650,2024-05-30,CUST-1194,Reyansh Chopra,Small Business,East,West Bengal,Clothing,T-Shirt,2,3077.16,6154.32,2120.67
ORD-12784,2024-05-30,CUST-1012,Rohan Bhatt,Small Business,West,Rajasthan,Sports,Football,7,2751.58,19261.06,3975.98
ORD-11333,2024-05-31,CUST-1328,Ishita Agarwal,Consumer,North,Uttar Pradesh,Clothing,Saree,5,2726.53,13632.65,1126.43
ORD-12432,2024-05-31,CUST-1351,Navya Mehta,Consumer,East,Odisha,Clothing,Kurta,1,855.19,855.19,97.98
ORD-12536,2024-05-31,CUST-1176,Navya Chopra,Consumer,South,Tamil Nadu,Clothing,Jeans,3,730.19,2190.57,207.47
ORD-10504,2024-05-31,CUST-1243,Ananya Nair,Consumer,North,Delhi,Home & Kitchen,Cookware Set,3,5345.37,16036.11,2906.98
ORD-12751,2024-05-31,CUST-1171,Vihaan Joshi,Corporate,North,Punjab,Clothing,Saree,5,2765.95,13829.75,1354.87
ORD-12294,2024-05-31,CUST-1397,Ishita Chopra,Consumer,North,Delhi,Electronics,Smartwatch,7,52482.03,367374.21,128092.28
ORD-11525,2024-06-01,CUST-1039,Arjun Kapoor,Consumer,East,Jharkhand,Sports,Cricket Bat,5,3378.39,16891.95,1630.05
ORD-12686,2024-06-01,CUST-1080,Diya Reddy,Consumer,North,Delhi,Home & Kitchen,Air Fryer,3,719.63,2158.89,593.0
ORD-12002,2024-06-01,CUST-1178,Rohan Malhotra,Consumer,South,Telangana,Home & Kitchen,Mixer Grinder,3,983.88,2951.64,396.42
ORD-11487,2024-06-02,CUST-1006,Aadhya Sharma,Corporate,West,Rajasthan,Electronics,Headphones,2,57273.09,114546.18,20086.94
ORD-12157,2024-06-02,CUST-1329,Ananya Malhotra,Corporate,North,Delhi,Sports,Dumbbells,4,3734.55,14938.2,1292.72
ORD-12916,2024-06-02,CUST-1243,Diya Kapoor,Consumer,South,Karnataka,Electronics,Smartphone,4,59583.76,238335.04,61558.92
ORD-10149,2024-06-02,CUST-1380,Ishita Joshi,Corporate,South,Tamil Nadu,Books,Biography,1,564.39,564.39,97.52
ORD-11966,2024-06-03,CUST-1309,Kiara Menon,Consumer,South,Karnataka,Sports,Football,3,1081.05,3243.15,1108.8
ORD-11029,2024-06-03,CUST-1186,Vihaan Mehta,Corporate,South,Tamil Nadu,Sports,Yoga Mat,6,2336.82,14020.92,3993.75
ORD-11359,2024-06-03,CUST-1094,Riya Iyer,Consumer,West,Rajasthan,Electronics,Laptop,3,53346.29,160038.87,31529.61
ORD-12794,2024-06-04,CUST-1137,Vivaan Singh,Consumer,North,Delhi,Clothing,Saree,7,2322.57,16257.99,2900.53
ORD-10630,2024-06-04,CUST-1347,Diya Gupta,Small Business,East,West Bengal,Clothing,Kurta,1,1401.23,1401.23,393.6
ORD-10155,2024-06-04,CUST-1337,Ishaan Menon,Consumer,West,Gujarat,Home & Kitchen,Air Fryer,2,4871.65,9743.3,2999.08
ORD-12023,2024-06-05,CUST-1285,Navya Gupta,Corporate,North,Punjab,Clothing,T-Shirt,1,1968.8,1968.8,443.34
ORD-12816,2024-06-05,CUST-1329,Sai Agarwal,Consumer,East,Bihar,Clothing,Kurta,1,2154.28,2154.28,518.71
ORD-11651,2024-06-05,CUST-1352,Aarav Agarwal,Corporate,East,Bihar,Home & Kitchen,Cookware Set,7,6379.63,44657.41,11503.97
ORD-12877,2024-06-06,CUST-1067,Riya Chopra,Small Business,North,Delhi,Sports,Football,2,4061.99,8123.98,1220.86
ORD-12243,2024-06-06,CUST-1259,Riya Malhotra,Consumer,Central,Chhattisgarh,Home & Kitchen,Cookware Set,1,5326.56,5326.56,1463.23
ORD-11973,2024-06-06,CUST-1214,Myra Iyer,Consumer,North,Haryana,Clothing,Jacket,7,814.21,5699.47,1877.49
ORD-12710,2024-06-06,CUST-1307,Ishita Iyer,Corporate,North,Uttar Pradesh,Electronics,Smartphone,5,3154.2,15771.0,1850.19
ORD-12883,2024-06-07,CUST-1358,Vihaan Kapoor,Corporate,West,Gujarat,Home & Kitchen,Lamp,4,1311.6,5246.4,1776.17
ORD-11506,2024-06-07,CUST-1023,Sai Rao,Corporate,East,Odisha,Clothing,Jacket,5,1903.02,9515.1,1287.92
ORD-11431,2024-06-07,CUST-1152,Reyansh Joshi,Consumer,South,Telangana,Electronics,Laptop,7,31942.95,223600.65,23501.47
ORD-10693,2024-06-07,CUST-1192,Vihaan Nair,Consumer,North,Punjab,Clothing,Kurta,3,3102.57,9307.71,1630.32
ORD-10799,2024-06-08,CUST-1381,Myra Mehta,Small Business,North,Punjab,Home & Kitchen,Mixer Grinder,4,3354.87,13419.48,2058.96
ORD-11089,2024-06-08,CUST-1335,Vihaan Malhotra,Small Business,North,Punjab,Clothing,T-Shirt,6,2021.26,12127.56,2256.88
ORD-10296,2024-06-08,CUST-1351,Ishaan Mehta,Consumer,East,Odisha,Clothing,T-Shirt,1,486.34,486.34,61.84
ORD-10914,2024-06-08,CUST-1395,Navya Gupta,Small Business,North,Haryana,Electronics,Smartphone,3,55566.68,166700.04,52765.38
ORD-10196,2024-06-08,CUST-1194,Vihaan Nair,Consumer,West,Maharashtra,Home & Kitchen,Lamp,5,4182.17,20910.85,1999.45
ORD-12531,2024-06-08,CUST-1282,Vihaan Rao,Consumer,East,Bihar,Clothing,Jacket,7,2480.6,17364.2,4702.06
ORD-12275,2024-06-08,CUST-1382,Vivaan Patel,Small Business,East,Jharkhand,Clothing,Kurta,4,3481.99,13927.96,3176.42
ORD-12223,2024-06-08,CUST-1166,Aarav Verma,Consumer,South,Tamil Nadu,Electronics,Headphones,5,46379.5,231897.5,53538.68
ORD-11665,2024-06-09,CUST-1334,Myra Chopra,Consumer,North,Punjab,Books,Fiction Novel,6,315.96,1895.76,542.43
ORD-11958,2024-06-09,CUST-1244,Ishaan Sharma,Consumer,East,Bihar,Electronics,Tablet,5,48078.39,240391.95,51995.68
ORD-12897,2024-06-09,CUST-1222,Reyansh Singh,Consumer,East,West Bengal,Clothing,Kurta,6,556.18,3337.08,345.91
ORD-10968,2024-06-09,CUST-1393,Krishna Reddy,Corporate,Central,Chhattisgarh,Electronics,Laptop,4,59301.97,237207.88,41064.46
ORD-11295,2024-06-09,CUST-1050,Kiara Mehta,Corporate,East,Bihar,Electronics,Laptop,6,37471.57,224829.42,42127.38
ORD-10847,2024-06-10,CUST-1203,Vivaan Kumar,Consumer,South,Karnataka,Electronics,Smartphone,2,45565.68,91131.36,12048.78
ORD-10627,2024-06-10,CUST-1034,Saanvi Verma,Consumer,South,Telangana,Clothing,Jeans,3,510.4,1531.2,414.8
ORD-10089,2024-06-10,CUST-1026,Diya Kapoor,Corporate,North,Uttar Pradesh,Books,Comics,4,728.19,2912.76,831.52
ORD-12775,2024-06-10,CUST-1189,Anika Bhatt,Corporate,East,Jharkhand,Clothing,Jeans,6,1526.62,9159.72,1915.88
ORD-12468,2024-06-10,CUST-1308,Aadhya Rao,Consumer,West,Goa,Books,Self-Help,1,804.64,804.64,154.21
ORD-10687,2024-06-11,CUST-1275,Krishna Singh,Consumer,North,Haryana,Electronics,Smartwatch,7,21885.96,153201.72,29947.38
ORD-11182,2024-06-11,CUST-1254,Rohan Bhatt,Consumer,Central,Chhattisgarh,Clothing,Kurta,6,2957.78,17746.68,5954.42
ORD-11934,2024-06-11,CUST-1394,Rohan Verma,Corporate,Central,Madhya Pradesh,Home & Kitchen,Lamp,1,6975.86,6975.86,910.47
ORD-12447,2024-06-12,CUST-1370,Krishna Sharma,Corporate,South,Telangana,Clothing,T-Shirt,3,1963.44,5890.32,561.29
ORD-11874,2024-06-12,CUST-1187,Diya Reddy,Consumer,North,Delhi,Sports,Dumbbells,2,984.62,1969.24,329.03
ORD-12533,2024-06-12,CUST-1245,Aditya Mehta,Consumer,West,Rajasthan,Sports,Dumbbells,6,4455.31,26731.86,4300.71
ORD-11409,2024-06-12,CUST-1036,Saanvi Iyer,Consumer,West,Maharashtra,Sports,Running Shoes,7,2856.47,19995.29,5923.94
ORD-11369,2024-06-13,CUST-1242,Aadhya Menon,Consumer,East,Bihar,Clothing,Saree,7,2181.05,15267.35,3673.3
ORD-10881,2024-06-13,CUST-1092,Aarav Rao,Consumer,North,Uttar Pradesh,Sports,Yoga Mat,5,3032.29,15161.45,2653.15
ORD-12086,2024-06-14,CUST-1102,Diya Pillai,Small Business,South,Tamil Nadu,Home & Kitchen,Air Fryer,4,1498.24,5992.96,829.21
ORD-11708,2024-06-14,CUST-1085,Ishaan Nair,Consumer,East,West Bengal,Electronics,Laptop,4,46245.64,184982.56,15826.54
ORD-12454,2024-06-14,CUST-1188,Vivaan Reddy,Consumer,West,Rajasthan,Clothing,Kurta,1,471.85,471.85,65.19
ORD-12542,2024-06-14,CUST-1219,Aditya Rao,Consumer,West,Goa,Electronics,Smartphone,6,12913.81,77482.86,26312.23
ORD-12379,2024-06-14,CUST-1123,Vivaan Menon,Consumer,North,Delhi,Books,Self-Help,2,528.71,1057.42,127.04
ORD-10923,2024-06-14,CUST-1150,Kiara Pillai,Small Business,South,Karnataka,Clothing,Jeans,4,1607.61,6430.44,1714.29
ORD-10256,2024-06-14,CUST-1095,Ananya Joshi,Small Business,West,Rajasthan,Electronics,Laptop,6,9523.19,57139.14,8792.74
ORD-10771,2024-06-15,CUST-1206,Ishita Pillai,Consumer,West,Rajasthan,Sports,Dumbbells,2,3732.15,7464.3,1629.97
ORD-12868,2024-06-15,CUST-1321,Anika Reddy,Consumer,North,Haryana,Electronics,Tablet,7,50918.76,356431.32,94214.11
ORD-11476,2024-06-15,CUST-1269,Vihaan Nair,Consumer,East,West Bengal,Clothing,Jacket,4,3137.5,12550.0,3610.32
ORD-10829,2024-06-15,CUST-1310,Anika Rao,Corporate,North,Delhi,Clothing,Kurta,2,3058.52,6117.04,1204.63
ORD-12020,2024-06-15,CUST-1190,Myra Bhatt,Corporate,East,West Bengal,Sports,Dumbbells,4,1242.14,4968.56,1321.23
ORD-11969,2024-06-16,CUST-1076,Riya Iyer,Consumer,South,Tamil Nadu,Electronics,Headphones,1,36054.27,36054.27,10586.27
ORD-11775,2024-06-16,CUST-1258,Ishita Nair,Corporate,East,West Bengal,Home & Kitchen,Cookware Set,6,7608.06,45648.36,4141.53
ORD-11450,2024-06-16,CUST-1385,Riya Iyer,Consumer,West,Goa,Clothing,Saree,4,1130.86,4523.44,1280.37
ORD-10329,2024-06-16,CUST-1068,Aditya Pillai,Consumer,West,Maharashtra,Electronics,Smartphone,7,40260.22,281821.54,78543.06
ORD-12094,2024-06-16,CUST-1380,Aarav Bose,Corporate,North,Delhi,Sports,Yoga Mat,2,2741.59,5483.18,678.17
ORD-12017,2024-06-17,CUST-1008,Krishna Singh,Small Business,South,Telangana,Electronics,Tablet,7,51919.04,363433.28,83620.97
ORD-12914,2024-06-17,CUST-1076,Riya Nair,Corporate,North,Haryana,Electronics,Laptop,3,37531.69,112595.07,17276.34
ORD-10031,2024-06-18,CUST-1135,Sai Menon,Consumer,South,Kerala,Home & Kitchen,Lamp,5,7609.64,38048.2,6909.18
ORD-11303,2024-06-18,CUST-1093,Aditya Kapoor,Small Business,South,Tamil Nadu,Electronics,Headphones,1,19675.75,19675.75,2084.64
ORD-12025,2024-06-18,CUST-1206,Anika Iyer,Corporate,West,Rajasthan,Electronics,Laptop,7,14644.45,102511.15,30310.78
ORD-10264,2024-06-19,CUST-1200,Ishita Bose,Consumer,North,Delhi,Electronics,Smartphone,4,31326.46,125305.84,24849.18
ORD-10397,2024-06-19,CUST-1083,Diya Kumar,Consumer,West,Gujarat,Clothing,Jacket,7,1098.0,7686.0,939.37
ORD-10194,2024-06-19,CUST-1103,Myra Bose,Consumer,West,Gujarat,Clothing,T-Shirt,4,789.21,3156.84,355.01
ORD-12503,2024-06-19,CUST-1022,Ishita Verma,Consumer,West,Maharashtra,Books,Biography,3,892.18,2676.54,748.73
ORD-12248,2024-06-20,CUST-1078,Reyansh Gupta,Small Business,East,Bihar,Electronics,Headphones,5,5208.02,26040.1,8732.75
ORD-10576,2024-06-20,CUST-1366,Reyansh Bose,Small Business,West,Rajasthan,Home & Kitchen,Cookware Set,6,5553.18,33319.08,3012.7
ORD-11622,2024-06-20,CUST-1396,Vihaan Menon,Corporate,Central,Chhattisgarh,Home & Kitchen,Air Fryer,3,7933.76,23801.28,6260.7
ORD-12122,2024-06-20,CUST-1310,Aadhya Bhatt,Consumer,East,Jharkhand,Home & Kitchen,Lamp,3,5485.33,16455.99,1998.4
ORD-10650,2024-06-21,CUST-1171,Diya Joshi,Corporate,West,Maharashtra,Books,Self-Help,2,659.86,1319.72,328.26
ORD-11132,2024-06-21,CUST-1158,Ishita Pillai,Consumer,South,Tamil Nadu,Clothing,Jeans,6,2329.1,13974.6,2638.04
ORD-11615,2024-06-21,CUST-1133,Aarav Singh,Consumer,West,Rajasthan,Electronics,Smartphone,5,37484.71,187423.55,23807.53
ORD-12553,2024-06-21,CUST-1095,Vivaan Gupta,Small Business,West,Gujarat,Clothing,Saree,5,2138.58,10692.9,907.88
ORD-12849,2024-06-21,CUST-1230,Sai Rao,Corporate,South,Telangana,Clothing,T-Shirt,2,2685.48,5370.96,1461.76
ORD-10698,2024-06-21,CUST-1258,Rohan Gupta,Corporate,Central,Chhattisgarh,Home & Kitchen,Cookware Set,6,760.04,4560.24,760.87
ORD-11650,2024-06-21,CUST-1270,Myra Malhotra,Consumer,East,Bihar,Clothing,Saree,5,982.29,4911.45,981.06
ORD-12398,2024-06-22,CUST-1211,Myra Iyer,Consumer,North,Delhi,Books,Fiction Novel,4,866.31,3465.24,1109.51
ORD-12872,2024-06-22,CUST-1015,Diya Bose,Corporate,Central,Chhattisgarh,Electronics,Laptop,6,36353.08,218118.48,21671.5
ORD-11499,2024-06-22,CUST-1252,Aditya Rao,Consumer,Central,Chhattisgarh,Sports,Yoga Mat,5,813.96,4069.8,770.53
ORD-10062,2024-06-23,CUST-1384,Riya Singh,Consumer,East,Odisha,Clothing,Jeans,5,2735.06,13675.3,4050.66
ORD-10718,2024-06-23,CUST-1143,Aditya Pillai,Consumer,East,Jharkhand,Home & Kitchen,Mixer Grinder,6,7320.6,43923.6,8868.35
ORD-12871,2024-06-23,CUST-1036,Vivaan Menon,Consumer,West,Goa,Electronics,Smartwatch,1,32947.72,32947.72,4581.6
ORD-12965,2024-06-23,CUST-1174,Navya Pillai,Corporate,West,Gujarat,Books,Self-Help,5,288.9,1444.5,389.99
ORD-12319,2024-06-24,CUST-1324,Ananya Kapoor,Consumer,North,Uttar Pradesh,Home & Kitchen,Bedsheet,4,6846.23,27384.92,7358.93
ORD-10480,2024-06-24,CUST-1203,Aadhya Singh,Corporate,East,Odisha,Clothing,Jeans,6,2123.2,12739.2,3309.09
ORD-10598,2024-06-24,CUST-1326,Myra Iyer,Consumer,North,Haryana,Electronics,Smartwatch,4,21534.8,86139.2,24152.94
ORD-10507,2024-06-24,CUST-1209,Aadhya Singh,Consumer,West,Maharashtra,Electronics,Headphones,7,40521.66,283651.62,36996.28
ORD-11072,2024-06-25,CUST-1186,Ananya Gupta,Corporate,South,Karnataka,Books,Comics,2,322.78,645.56,190.77
ORD-12593,2024-06-25,CUST-1138,Kiara Verma,Corporate,North,Haryana,Clothing,Saree,2,589.96,1179.92,332.03
ORD-12890,2024-06-25,CUST-1277,Krishna Menon,Consumer,Central,Madhya Pradesh,Home & Kitchen,Mixer Grinder,7,4274.38,29920.66,6552.62
ORD-12828,2024-06-25,CUST-1244,Kiara Bose,Consumer,North,Delhi,Home & Kitchen,Bedsheet,1,1502.27,1502.27,269.6
ORD-10612,2024-06-25,CUST-1007,Aarav Kapoor,Consumer,West,Rajasthan,Sports,Cricket Bat,5,4979.34,24896.7,3690.16
ORD-11703,2024-06-25,CUST-1098,Ananya Pillai,Small Business,Central,Chhattisgarh,Sports,Cricket Bat,7,4915.75,34410.25,6817.14
ORD-12452,2024-06-25,CUST-1376,Ishaan Reddy,Corporate,East,Jharkhand,Books,Biography,6,627.51,3765.06,615.78
ORD-12310,2024-06-26,CUST-1267,Ishaan Iyer,Consumer,East,Jharkhand,Sports,Dumbbells,6,4752.3,28513.8,9488.61
ORD-12795,2024-06-26,CUST-1291,Myra Sharma,Consumer,North,Punjab,Electronics,Smartphone,5,30624.28,153121.4,52935.02
ORD-11945,2024-06-26,CUST-1013,Anika Patel,Corporate,West,Gujarat,Clothing,Saree,5,1087.47,5437.35,487.12
ORD-11911,2024-06-26,CUST-1378,Aadhya Menon,Corporate,East,Bihar,Clothing,Jacket,7,1746.49,12225.43,3363.31
ORD-11479,2024-06-26,CUST-1248,Sai Gupta,Consumer,North,Delhi,Electronics,Tablet,2,29575.13,59150.26,9895.45
ORD-11437,2024-06-26,CUST-1138,Anika Iyer,Consumer,East,West Bengal,Electronics,Headphones,5,50787.83,253939.15,34649.81
ORD-12457,2024-06-27,CUST-1378,Ananya Pillai,Corporate,North,Punjab,Sports,Yoga Mat,2,4749.53,9499.06,1701.65
ORD-11519,2024-06-27,CUST-1008,Ishaan Bose,Consumer,East,Odisha,Electronics,Tablet,5,2060.49,10302.45,2500.88
ORD-11176,2024-06-27,CUST-1318,Riya Rao,Corporate,West,Gujarat,Books,Self-Help,6,812.98,4877.88,1201.85
ORD-10617,2024-06-27,CUST-1003,Krishna Iyer,Consumer,East,Bihar,Electronics,Laptop,5,41282.69,206413.45,60393.31
ORD-11880,2024-06-28,CUST-1268,Anika Bose,Consumer,East,Bihar,Clothing,Jacket,1,451.57,451.57,65.36
ORD-10596,2024-06-28,CUST-1085,Arjun Singh,Corporate,North,Delhi,Clothing,Saree,2,1417.02,2834.04,750.37
ORD-10763,2024-06-28,CUST-1315,Navya Kumar,Consumer,South,Tamil Nadu,Clothing,T-Shirt,6,605.87,3635.22,937.42
ORD-12273,2024-06-30,CUST-1317,Ananya Malhotra,Consumer,East,Jharkhand,Electronics,Smartwatch,3,48732.87,146198.61,50730.87
ORD-10060,2024-06-30,CUST-1149,Anika Chopra,Small Business,North,Haryana,Electronics,Tablet,2,2266.03,4532.06,869.92
ORD-10855,2024-07-01,CUST-1329,Rohan Bhatt,Corporate,West,Maharashtra,Electronics,Laptop,7,44772.63,313408.41,33340.34
ORD-11113,2024-07-01,CUST-1142,Aarav Reddy,Corporate,North,Punjab,Books,Self-Help,2,243.13,486.26,111.88
ORD-12016,2024-07-01,CUST-1129,Ananya Reddy,Corporate,East,Bihar,Books,Fiction Novel,4,765.21,3060.84,752.67
ORD-12974,2024-07-01,CUST-1260,Vivaan Kumar,Small Business,South,Kerala,Electronics,Tablet,6,29673.5,178041.0,14902.73
ORD-11472,2024-07-01,CUST-1390,Aditya Malhotra,Consumer,West,Gujarat,Clothing,Jacket,1,3441.86,3441.86,1086.95
ORD-12119,2024-07-01,CUST-1352,Navya Iyer,Corporate,West,Goa,Electronics,Smartwatch,7,17124.75,119873.25,36034.2
ORD-10735,2024-07-01,CUST-1276,Ishita Singh,Small Business,West,Maharashtra,Home & Kitchen,Bedsheet,2,4260.02,8520.04,1274.32
ORD-10725,2024-07-01,CUST-1101,Aadhya Iyer,Consumer,West,Gujarat,Electronics,Headphones,1,23058.28,23058.28,4894.61
ORD-10984,2024-07-02,CUST-1211,Diya Sharma,Consumer,West,Rajasthan,Sports,Dumbbells,1,4311.71,4311.71,1030.31
ORD-10956,2024-07-02,CUST-1029,Vivaan Mehta,Consumer,West,Goa,Clothing,Kurta,1,1742.32,1742.32,484.75
ORD-12188,2024-07-02,CUST-1157,Krishna Pillai,Consumer,East,Jharkhand,Home & Kitchen,Mixer Grinder,4,2197.23,8788.92,2000.42
ORD-10103,2024-07-03,CUST-1150,Sai Pillai,Consumer,East,Jharkhand,Clothing,Jeans,6,2584.51,15507.06,1633.72
ORD-10618,2024-07-03,CUST-1352,Vivaan Malhotra,Small Business,North,Uttar Pradesh,Electronics,Smartwatch,4,40940.24,163760.96,48607.9
ORD-11025,2024-07-03,CUST-1163,Reyansh Reddy,Consumer,Central,Chhattisgarh,Clothing,T-Shirt,3,3282.38,9847.14,2106.76
ORD-11266,2024-07-03,CUST-1161,Myra Iyer,Consumer,East,Odisha,Home & Kitchen,Bedsheet,6,2541.15,15246.9,2894.97
ORD-12695,2024-07-03,CUST-1215,Anika Sharma,Consumer,South,Karnataka,Electronics,Smartwatch,2,15486.41,30972.82,5451.59
ORD-11675,2024-07-04,CUST-1299,Rohan Pillai,Consumer,West,Maharashtra,Clothing,Saree,5,949.0,4745.0,1296.07
ORD-10520,2024-07-04,CUST-1155,Riya Rao,Consumer,North,Delhi,Books,Textbook,6,325.22,1951.32,567.1
ORD-10370,2024-07-04,CUST-1228,Riya Bhatt,Consumer,East,West Bengal,Home & Kitchen,Mixer Grinder,6,2686.2,16117.2,1534.04
ORD-12882,2024-07-04,CUST-1147,Saanvi Bhatt,Corporate,West,Goa,Electronics,Laptop,4,45879.77,183519.08,35049.2
ORD-11402,2024-07-05,CUST-1244,Ishaan Kumar,Consumer,South,Telangana,Electronics,Smartwatch,1,10296.29,10296.29,2906.45
ORD-10405,2024-07-06,CUST-1325,Anika Bose,Consumer,West,Rajasthan,Home & Kitchen,Bedsheet,1,6644.99,6644.99,1082.28
ORD-11528,2024-07-06,CUST-1259,Arjun Bose,Consumer,East,Odisha,Clothing,T-Shirt,5,1279.05,6395.25,1890.37
ORD-10183,2024-07-06,CUST-1289,Krishna Iyer,Corporate,West,Rajasthan,Sports,Yoga Mat,6,2880.91,17285.46,4332.85
ORD-11729,2024-07-07,CUST-1265,Aditya Kapoor,Consumer,South,Karnataka,Sports,Football,7,2123.83,14866.81,3625.09
ORD-12269,2024-07-07,CUST-1110,Ananya Joshi,Consumer,West,Goa,Electronics,Laptop,6,54044.03,324264.18,63527.95
ORD-11260,2024-07-07,CUST-1327,Diya Menon,Consumer,South,Telangana,Sports,Football,1,630.55,630.55,179.33
ORD-10788,2024-07-07,CUST-1337,Anika Mehta,Consumer,North,Punjab,Books,Comics,3,553.65,1660.95,354.75
ORD-10330,2024-07-07,CUST-1297,Ananya Gupta,Consumer,South,Telangana,Home & Kitchen,Mixer Grinder,5,3238.63,16193.15,3534.93
ORD-11574,2024-07-08,CUST-1257,Vivaan Patel,Consumer,Central,Madhya Pradesh,Electronics,Smartwatch,3,18713.25,56139.75,14002.49
ORD-12587,2024-07-08,CUST-1055,Ananya Kumar,Consumer,East,Bihar,Electronics,Smartwatch,7,15449.57,108146.99,12432.72
ORD-12166,2024-07-08,CUST-1000,Rohan Kumar,Small Business,South,Kerala,Electronics,Headphones,2,36839.43,73678.86,16088.63
ORD-10549,2024-07-10,CUST-1274,Ishita Sharma,Consumer,South,Telangana,Home & Kitchen,Lamp,5,5821.88,29109.4,4074.22
ORD-10001,2024-07-10,CUST-1187,Anika Mehta,Consumer,Central,Madhya Pradesh,Clothing,Saree,7,2834.05,19838.35,1835.87
ORD-10017,2024-07-10,CUST-1379,Sai Gupta,Consumer,East,West Bengal,Sports,Running Shoes,1,4907.56,4907.56,492.44
ORD-11699,2024-07-11,CUST-1012,Riya Kapoor,Corporate,South,Tamil Nadu,Books,Self-Help,7,702.26,4915.82,1400.56
ORD-12228,2024-07-11,CUST-1063,Myra Sharma,Consumer,North,Haryana,Electronics,Headphones,7,30265.48,211858.36,43335.01
ORD-12419,2024-07-12,CUST-1223,Saanvi Verma,Consumer,North,Haryana,Sports,Football,6,2115.58,12693.48,2209.75
ORD-11732,2024-07-12,CUST-1326,Anika Kapoor,Consumer,North,Punjab,Books,Self-Help,6,457.17,2743.02,423.25
ORD-10782,2024-07-12,CUST-1095,Arjun Chopra,Consumer,West,Rajasthan,Books,Textbook,3,649.85,1949.55,370.72
ORD-10557,2024-07-13,CUST-1329,Sai Nair,Consumer,North,Haryana,Electronics,Headphones,4,53044.65,212178.6,40716.24
ORD-10535,2024-07-13,CUST-1060,Krishna Bhatt,Corporate,South,Karnataka,Home & Kitchen,Mixer Grinder,7,2693.36,18853.52,3282.83
ORD-10289,2024-07-13,CUST-1284,Arjun Pillai,Consumer,East,Bihar,Clothing,Jacket,4,1474.33,5897.32,1789.17
ORD-11464,2024-07-13,CUST-1021,Diya Agarwal,Consumer,East,Odisha,Sports,Dumbbells,6,4187.86,25127.16,7227.22
ORD-10791,2024-07-13,CUST-1105,Sai Kapoor,Consumer,North,Haryana,Clothing,Saree,4,2329.18,9316.72,1599.34
ORD-10945,2024-07-13,CUST-1175,Kiara Joshi,Consumer,West,Goa,Clothing,Jeans,5,1463.1,7315.5,965.61
ORD-10885,2024-07-13,CUST-1214,Aadhya Singh,Corporate,West,Rajasthan,Clothing,T-Shirt,7,3443.35,24103.45,6983.84
ORD-10510,2024-07-14,CUST-1364,Ishita Iyer,Consumer,South,Telangana,Electronics,Smartphone,4,52010.66,208042.64,31586.23
ORD-11782,2024-07-14,CUST-1058,Navya Rao,Corporate,South,Tamil Nadu,Electronics,Headphones,6,21263.82,127582.92,41678.9
ORD-12051,2024-07-14,CUST-1328,Ishita Kapoor,Consumer,South,Karnataka,Books,Fiction Novel,6,162.2,973.2,325.78
ORD-10711,2024-07-14,CUST-1056,Navya Chopra,Corporate,South,Kerala,Home & Kitchen,Cookware Set,4,1215.69,4862.76,1393.27
ORD-10769,2024-07-14,CUST-1209,Anika Malhotra,Small Business,North,Punjab,Home & Kitchen,Bedsheet,6,2852.32,17113.92,4574.15
ORD-10458,2024-07-15,CUST-1391,Kiara Joshi,Consumer,North,Uttar Pradesh,Home & Kitchen,Lamp,2,5651.23,11302.46,3891.53
ORD-10874,2024-07-15,CUST-1256,Navya Bhatt,Corporate,North,Punjab,Sports,Football,6,1696.28,10177.68,1986.37
ORD-12509,2024-07-15,CUST-1374,Riya Sharma,Consumer,West,Goa,Books,Fiction Novel,3,426.5,1279.5,246.6
ORD-12255,2024-07-16,CUST-1040,Aadhya Agarwal,Consumer,West,Gujarat,Home & Kitchen,Bedsheet,4,4265.16,17060.64,5203.64
ORD-11211,2024-07-16,CUST-1143,Arjun Verma,Corporate,East,Bihar,Home & Kitchen,Lamp,7,1060.65,7424.55,1653.1
ORD-10189,2024-07-16,CUST-1174,Aarav Mehta,Corporate,South,Telangana,Home & Kitchen,Mixer Grinder,7,1952.77,13669.39,3588.89
ORD-11654,2024-07-16,CUST-1282,Aadhya Gupta,Corporate,North,Haryana,Clothing,Jeans,5,2289.19,11445.95,2928.86
ORD-11611,2024-07-16,CUST-1307,Myra Agarwal,Corporate,North,Punjab,Home & Kitchen,Mixer Grinder,7,4634.94,32444.58,10756.27
ORD-10929,2024-07-17,CUST-1343,Riya Nair,Consumer,East,Bihar,Home & Kitchen,Cookware Set,4,4531.38,18125.52,1752.45
ORD-10638,2024-07-17,CUST-1366,Diya Pillai,Corporate,South,Kerala,Electronics,Smartwatch,4,19871.57,79486.28,27133.89
ORD-11762,2024-07-18,CUST-1340,Sai Kumar,Corporate,North,Uttar Pradesh,Clothing,Kurta,5,1764.57,8822.85,1132.96
ORD-12214,2024-07-18,CUST-1222,Aditya Bose,Consumer,North,Punjab,Clothing,T-Shirt,4,3315.23,13260.92,2784.12
ORD-12708,2024-07-18,CUST-1137,Rohan Agarwal,Small Business,South,Kerala,Home & Kitchen,Cookware Set,6,834.23,5005.38,900.8
ORD-10129,2024-07-18,CUST-1086,Diya Sharma,Consumer,North,Delhi,Electronics,Tablet,5,4298.1,21490.5,2330.63
ORD-11399,2024-07-19,CUST-1359,Arjun Agarwal,Small Business,West,Goa,Home & Kitchen,Mixer Grinder,2,6860.1,13720.2,4010.67
ORD-11170,2024-07-19,CUST-1124,Rohan Chopra,Corporate,West,Maharashtra,Clothing,Jeans,1,3468.83,3468.83,782.99
ORD-10162,2024-07-19,CUST-1300,Aarav Nair,Small Business,Central,Chhattisgarh,Books,Self-Help,7,730.41,5112.87,1641.14
ORD-10440,2024-07-20,CUST-1006,Anika Kapoor,Consumer,West,Rajasthan,Clothing,Jeans,3,2110.31,6330.93,1151.5
ORD-12220,2024-07-20,CUST-1320,Sai Chopra,Small Business,South,Tamil Nadu,Electronics,Smartwatch,3,5902.23,17706.69,2185.31
ORD-12764,2024-07-20,CUST-1236,Vivaan Bhatt,Corporate,West,Gujarat,Home & Kitchen,Mixer Grinder,3,2498.27,7494.81,1612.12
ORD-10781,2024-07-21,CUST-1159,Anika Patel,Corporate,West,Gujarat,Clothing,Kurta,3,3457.58,10372.74,3004.21
ORD-11577,2024-07-21,CUST-1186,Rohan Sharma,Small Business,South,Telangana,Home & Kitchen,Bedsheet,4,7287.74,29150.96,9628.06
ORD-10679,2024-07-22,CUST-1355,Navya Rao,Consumer,North,Punjab,Home & Kitchen,Air Fryer,7,4877.76,34144.32,10812.87
ORD-12367,2024-07-22,CUST-1191,Saanvi Singh,Corporate,East,Bihar,Clothing,T-Shirt,7,713.45,4994.15,927.7
ORD-12415,2024-07-22,CUST-1004,Aarav Malhotra,Consumer,East,West Bengal,Sports,Football,6,1736.45,10418.7,3461.78
ORD-10187,2024-07-23,CUST-1360,Vivaan Chopra,Consumer,Central,Chhattisgarh,Electronics,Laptop,4,25043.13,100172.52,24065.56
ORD-12087,2024-07-23,CUST-1365,Ishita Nair,Corporate,South,Karnataka,Electronics,Headphones,6,48851.22,293107.32,39225.69
ORD-11153,2024-07-23,CUST-1209,Aarav Gupta,Consumer,West,Rajasthan,Electronics,Smartwatch,2,45952.9,91905.8,26989.26
ORD-10261,2024-07-24,CUST-1344,Arjun Pillai,Consumer,South,Tamil Nadu,Clothing,Jacket,7,1076.44,7535.08,604.14
ORD-12167,2024-07-24,CUST-1230,Arjun Mehta,Small Business,West,Gujarat,Clothing,Jacket,1,2191.42,2191.42,244.67
ORD-12199,2024-07-24,CUST-1368,Ishaan Mehta,Small Business,West,Goa,Clothing,Jeans,2,1062.84,2125.68,238.53
ORD-11759,2024-07-24,CUST-1078,Saanvi Kapoor,Corporate,East,Odisha,Home & Kitchen,Lamp,7,5257.19,36800.33,8212.5
ORD-11777,2024-07-24,CUST-1231,Aadhya Pillai,Small Business,South,Tamil Nadu,Clothing,Jacket,4,873.36,3493.44,995.24
ORD-12780,2024-07-24,CUST-1313,Diya Kapoor,Consumer,North,Uttar Pradesh,Clothing,Saree,4,889.23,3556.92,1151.79
ORD-10211,2024-07-24,CUST-1271,Krishna Agarwal,Small Business,North,Uttar Pradesh,Sports,Dumbbells,3,2732.7,8198.1,1250.94
ORD-10807,2024-07-25,CUST-1342,Vihaan Kapoor,Small Business,North,Haryana,Electronics,Tablet,7,54278.37,379948.59,53524.69
ORD-12362,2024-07-25,CUST-1129,Arjun Verma,Consumer,East,Bihar,Electronics,Smartwatch,5,49271.4,246357.0,54764.64
ORD-11909,2024-07-25,CUST-1345,Aadhya Chopra,Consumer,West,Goa,Books,Comics,4,884.43,3537.72,489.99
ORD-10236,2024-07-25,CUST-1092,Ishaan Sharma,Small Business,West,Rajasthan,Home & Kitchen,Bedsheet,1,1542.66,1542.66,336.07
ORD-12046,2024-07-25,CUST-1081,Vivaan Kumar,Corporate,West,Maharashtra,Books,Textbook,7,636.83,4457.81,617.95
ORD-12288,2024-07-25,CUST-1262,Saanvi Kumar,Consumer,North,Uttar Pradesh,Electronics,Headphones,6,34101.34,204608.04,32794.68
ORD-10676,2024-07-25,CUST-1220,Arjun Kumar,Corporate,West,Goa,Sports,Yoga Mat,4,2845.08,11380.32,3502.01
ORD-10347,2024-07-25,CUST-1113,Vivaan Gupta,Consumer,West,Gujarat,Home & Kitchen,Air Fryer,5,1478.09,7390.45,2063.62
ORD-12546,2024-07-26,CUST-1242,Myra Kapoor,Corporate,South,Karnataka,Electronics,Laptop,4,49826.1,199304.4,58870.99
ORD-12065,2024-07-26,CUST-1107,Aditya Kumar,Consumer,West,Goa,Books,Comics,4,859.65,3438.6,333.97
ORD-11837,2024-07-26,CUST-1396,Vihaan Bose,Small Business,West,Maharashtra,Sports,Dumbbells,6,2939.86,17639.16,3415.69
ORD-11559,2024-07-26,CUST-1338,Aarav Verma,Corporate,East,West Bengal,Sports,Dumbbells,4,4151.65,16606.6,5172.94
ORD-12619,2024-07-26,CUST-1203,Navya Chopra,Consumer,South,Karnataka,Clothing,Jeans,5,3360.07,16800.35,3263.58
ORD-12569,2024-07-26,CUST-1145,Aadhya Reddy,Small Business,East,Bihar,Home & Kitchen,Bedsheet,1,5321.97,5321.97,1621.93
ORD-10873,2024-07-27,CUST-1148,Riya Sharma,Small Business,East,Bihar,Clothing,Jeans,5,2102.68,10513.4,3251.26
ORD-10837,2024-07-27,CUST-1373,Navya Pillai,Consumer,North,Haryana,Electronics,Headphones,6,30488.19,182929.14,39827.09
ORD-10411,2024-07-27,CUST-1215,Aadhya Chopra,Consumer,South,Karnataka,Electronics,Smartphone,6,37841.75,227050.5,78001.66
ORD-12568,2024-07-27,CUST-1106,Reyansh Reddy,Consumer,West,Gujarat,Electronics,Headphones,4,41900.71,167602.84,27255.03
ORD-10665,2024-07-27,CUST-1256,Ishaan Rao,Consumer,West,Maharashtra,Home & Kitchen,Air Fryer,1,4704.02,4704.02,637.99
ORD-11995,2024-07-27,CUST-1297,Vivaan Malhotra,Small Business,North,Haryana,Clothing,Kurta,1,1702.32,1702.32,238.71
ORD-12307,2024-07-27,CUST-1211,Anika Mehta,Consumer,South,Kerala,Clothing,Kurta,5,3192.51,15962.55,5269.56
ORD-10188,2024-07-27,CUST-1106,Ananya Sharma,Small Business,North,Punjab,Clothing,Saree,3,3086.3,9258.9,1796.63
ORD-10637,2024-07-28,CUST-1049,Diya Reddy,Consumer,North,Delhi,Books,Comics,6,725.9,4355.4,492.97
ORD-11187,2024-07-28,CUST-1056,Ananya Sharma,Consumer,North,Uttar Pradesh,Home & Kitchen,Air Fryer,1,3962.59,3962.59,1321.85
ORD-12735,2024-07-28,CUST-1182,Navya Agarwal,Small Business,South,Telangana,Books,Biography,7,474.05,3318.35,463.38
ORD-11241,2024-07-28,CUST-1100,Aditya Menon,Corporate,Central,Madhya Pradesh,Electronics,Laptop,7,33429.68,234007.76,60785.52
ORD-10515,2024-07-28,CUST-1053,Diya Mehta,Consumer,West,Rajasthan,Sports,Dumbbells,4,4856.37,19425.48,5351.27
ORD-12357,2024-07-28,CUST-1211,Riya Bhatt,Small Business,South,Telangana,Clothing,Saree,3,3479.65,10438.95,958.47
ORD-12217,2024-07-28,CUST-1249,Rohan Verma,Consumer,North,Haryana,Home & Kitchen,Mixer Grinder,1,4463.57,4463.57,751.7
ORD-10304,2024-07-29,CUST-1136,Ananya Rao,Consumer,North,Uttar Pradesh,Sports,Yoga Mat,4,613.46,2453.84,228.17
ORD-10417,2024-07-29,CUST-1354,Aadhya Malhotra,Consumer,West,Gujarat,Clothing,Kurta,5,3302.15,16510.75,4608.26
ORD-11949,2024-07-29,CUST-1367,Vivaan Agarwal,Consumer,East,West Bengal,Electronics,Headphones,6,2839.99,17039.94,4747.57
ORD-11902,2024-07-30,CUST-1196,Diya Menon,Consumer,North,Haryana,Electronics,Smartphone,3,57250.74,171752.22,35729.81
ORD-12677,2024-07-30,CUST-1006,Arjun Agarwal,Consumer,West,Goa,Clothing,T-Shirt,4,693.0,2772.0,952.21
ORD-12731,2024-07-30,CUST-1117,Ananya Gupta,Consumer,East,Bihar,Electronics,Laptop,7,2605.69,18239.83,2494.42
ORD-11043,2024-07-31,CUST-1111,Saanvi Nair,Consumer,North,Uttar Pradesh,Home & Kitchen,Air Fryer,2,6954.01,13908.02,3814.49
ORD-10231,2024-07-31,CUST-1086,Ishaan Kumar,Consumer,Central,Chhattisgarh,Home & Kitchen,Air Fryer,1,3667.42,3667.42,748.08
ORD-11904,2024-07-31,CUST-1120,Aadhya Pillai,Consumer,South,Telangana,Clothing,Saree,6,2609.26,15655.56,2069.8
ORD-10449,2024-08-01,CUST-1161,Krishna Reddy,Consumer,North,Delhi,Sports,Dumbbells,3,1884.9,5654.7,1066.53
ORD-11344,2024-08-01,CUST-1017,Saanvi Iyer,Corporate,South,Karnataka,Home & Kitchen,Mixer Grinder,5,5347.62,26738.1,4074.05
ORD-11652,2024-08-01,CUST-1178,Aditya Iyer,Consumer,West,Rajasthan,Electronics,Tablet,1,38138.69,38138.69,5056.97
ORD-12892,2024-08-01,CUST-1336,Aditya Rao,Corporate,South,Tamil Nadu,Electronics,Laptop,5,22175.67,110878.35,33639.23
ORD-12284,2024-08-01,CUST-1163,Reyansh Verma,Corporate,East,Odisha,Clothing,T-Shirt,6,2196.66,13179.96,2975.94
ORD-12808,2024-08-02,CUST-1216,Anika Bhatt,Corporate,Central,Chhattisgarh,Electronics,Smartwatch,4,50704.29,202817.16,56615.45
ORD-12365,2024-08-02,CUST-1096,Aditya Bose,Corporate,East,Odisha,Home & Kitchen,Cookware Set,3,4459.06,13377.18,1607.65
ORD-11535,2024-08-02,CUST-1318,Myra Singh,Corporate,South,Karnataka,Electronics,Laptop,2,22096.37,44192.74,10341.36
ORD-12346,2024-08-02,CUST-1056,Saanvi Menon,Corporate,East,Jharkhand,Clothing,Jacket,1,1878.95,1878.95,183.28
ORD-12575,2024-08-02,CUST-1284,Ishaan Kumar,Consumer,South,Tamil Nadu,Sports,Running Shoes,7,2204.34,15430.38,5261.51
ORD-12426,2024-08-02,CUST-1000,Saanvi Verma,Small Business,East,Odisha,Electronics,Laptop,7,12652.6,88568.2,8056.57
ORD-10436,2024-08-03,CUST-1038,Saanvi Mehta,Consumer,East,Jharkhand,Books,Comics,1,806.07,806.07,221.18
ORD-12922,2024-08-03,CUST-1353,Kiara Menon,Corporate,Central,Chhattisgarh,Clothing,T-Shirt,4,3274.84,13099.36,4569.48
ORD-10333,2024-08-03,CUST-1357,Anika Menon,Small Business,West,Rajasthan,Books,Textbook,4,514.63,2058.52,302.82
ORD-12853,2024-08-04,CUST-1396,Diya Iyer,Corporate,East,Bihar,Clothing,Jeans,2,3419.39,6838.78,1791.46
ORD-10309,2024-08-04,CUST-1380,Rohan Reddy,Consumer,Central,Chhattisgarh,Electronics,Smartphone,2,24985.51,49971.02,13905.87
ORD-12518,2024-08-04,CUST-1070,Vihaan Pillai,Consumer,North,Uttar Pradesh,Clothing,Saree,6,2065.17,12391.02,2118.95
ORD-12314,2024-08-04,CUST-1356,Saanvi Chopra,Consumer,South,Telangana,Electronics,Smartphone,4,49497.87,197991.48,67478.34
ORD-10840,2024-08-04,CUST-1190,Krishna Sharma,Corporate,South,Tamil Nadu,Books,Self-Help,1,203.53,203.53,42.97
ORD-10115,2024-08-05,CUST-1386,Aarav Singh,Consumer,South,Telangana,Electronics,Smartwatch,1,20417.24,20417.24,2006.1
ORD-11578,2024-08-06,CUST-1226,Vivaan Singh,Consumer,North,Delhi,Clothing,Jeans,7,1486.22,10403.54,2649.07
ORD-11126,2024-08-06,CUST-1096,Saanvi Singh,Corporate,South,Karnataka,Clothing,Saree,5,634.79,3173.95,579.89
ORD-11067,2024-08-06,CUST-1193,Myra Rao,Consumer,South,Karnataka,Sports,Yoga Mat,6,3494.31,20965.86,7213.71
ORD-11639,2024-08-06,CUST-1116,Myra Mehta,Consumer,South,Telangana,Home & Kitchen,Air Fryer,5,1162.77,5813.85,1668.35
ORD-11076,2024-08-07,CUST-1351,Diya Sharma,Corporate,West,Goa,Sports,Cricket Bat,3,4620.49,13861.47,2585.52
ORD-11523,2024-08-07,CUST-1330,Krishna Iyer,Consumer,West,Maharashtra,Electronics,Smartphone,1,58594.97,58594.97,18464.84
ORD-11125,2024-08-07,CUST-1036,Sai Bose,Corporate,North,Uttar Pradesh,Electronics,Headphones,3,12958.52,38875.56,11450.77
ORD-12206,2024-08-07,CUST-1256,Reyansh Pillai,Consumer,North,Delhi,Home & Kitchen,Cookware Set,1,2968.74,2968.74,616.82
ORD-12249,2024-08-08,CUST-1127,Rohan Patel,Consumer,South,Telangana,Sports,Football,3,3858.49,11575.47,3114.31
ORD-11495,2024-08-08,CUST-1176,Kiara Bhatt,Consumer,West,Gujarat,Home & Kitchen,Lamp,1,4581.92,4581.92,1562.42
ORD-12458,2024-08-08,CUST-1246,Aarav Joshi,Small Business,Central,Madhya Pradesh,Electronics,Headphones,4,47964.09,191856.36,50940.65
ORD-12770,2024-08-08,CUST-1150,Arjun Joshi,Consumer,North,Haryana,Home & Kitchen,Bedsheet,6,4842.75,29056.5,3143.98
ORD-12907,2024-08-08,CUST-1267,Aadhya Bhatt,Consumer,West,Goa,Sports,Cricket Bat,7,1121.96,7853.72,2687.19
ORD-10125,2024-08-08,CUST-1006,Ishita Gupta,Consumer,East,Jharkhand,Books,Self-Help,3,726.98,2180.94,419.53
ORD-10831,2024-08-09,CUST-1170,Navya Kapoor,Consumer,West,Maharashtra,Home & Kitchen,Lamp,2,4223.82,8447.64,2265.56
ORD-11636,2024-08-09,CUST-1303,Aadhya Bose,Small Business,North,Delhi,Clothing,T-Shirt,4,1635.26,6541.04,623.15
ORD-12060,2024-08-09,CUST-1376,Diya Nair,Small Business,South,Karnataka,Clothing,Jeans,1,2758.61,2758.61,703.25
ORD-10243,2024-08-09,CUST-1355,Aadhya Rao,Consumer,North,Punjab,Electronics,Smartwatch,7,16981.15,118868.05,15534.28
ORD-12981,2024-08-10,CUST-1112,Aditya Patel,Consumer,South,Tamil Nadu,Clothing,Saree,6,1980.94,11885.64,1263.22
ORD-10094,2024-08-10,CUST-1250,Ishita Bose,Corporate,East,Odisha,Sports,Football,7,2425.9,16981.3,4309.28
ORD-10913,2024-08-10,CUST-1195,Rohan Verma,Corporate,West,Goa,Clothing,T-Shirt,5,1146.97,5734.85,1783.16
ORD-10626,2024-08-11,CUST-1198,Arjun Kapoor,Consumer,South,Karnataka,Home & Kitchen,Mixer Grinder,1,2057.46,2057.46,488.94
ORD-12627,2024-08-11,CUST-1283,Aadhya Agarwal,Small Business,West,Rajasthan,Electronics,Tablet,1,16907.69,16907.69,2317.48
ORD-12822,2024-08-11,CUST-1355,Aarav Rao,Small Business,South,Tamil Nadu,Clothing,Saree,5,2061.19,10305.95,3477.37
ORD-11570,2024-08-12,CUST-1197,Kiara Iyer,Small Business,North,Uttar Pradesh,Electronics,Smartphone,4,18149.52,72598.08,23371.89
ORD-12420,2024-08-12,CUST-1103,Riya Bose,Small Business,North,Uttar Pradesh,Electronics,Laptop,7,27117.01,189819.07,52097.99
ORD-11340,2024-08-12,CUST-1018,Diya Chopra,Small Business,West,Gujarat,Clothing,Kurta,7,2185.32,15297.24,1822.63
ORD-12409,2024-08-12,CUST-1170,Aarav Bose,Corporate,South,Telangana,Clothing,Jeans,2,1550.25,3100.5,386.5
ORD-11816,2024-08-12,CUST-1182,Navya Nair,Consumer,West,Rajasthan,Home & Kitchen,Air Fryer,5,6020.62,30103.1,3469.82
ORD-11370,2024-08-12,CUST-1015,Saanvi Kapoor,Consumer,East,Bihar,Books,Biography,4,721.99,2887.96,939.66
ORD-12342,2024-08-12,CUST-1384,Vihaan Kapoor,Consumer,East,Jharkhand,Books,Fiction Novel,5,868.59,4342.95,1310.38
ORD-12606,2024-08-12,CUST-1099,Kiara Joshi,Small Business,West,Rajasthan,Sports,Cricket Bat,1,2398.67,2398.67,220.5
ORD-11810,2024-08-13,CUST-1367,Arjun Malhotra,Small Business,North,Punjab,Electronics,Headphones,1,21264.64,21264.64,2086.84
ORD-12858,2024-08-13,CUST-1186,Vihaan Pillai,Corporate,West,Rajasthan,Books,Textbook,7,634.09,4438.63,672.0
ORD-12664,2024-08-13,CUST-1017,Aarav Bhatt,Consumer,North,Haryana,Books,Textbook,2,665.22,1330.44,289.9
ORD-10079,2024-08-13,CUST-1053,Arjun Kumar,Small Business,South,Karnataka,Electronics,Headphones,7,14154.96,99084.72,21711.14
ORD-10912,2024-08-14,CUST-1292,Arjun Iyer,Consumer,South,Telangana,Electronics,Smartphone,6,18283.86,109703.16,13659.29
ORD-11706,2024-08-14,CUST-1250,Aditya Iyer,Small Business,South,Karnataka,Electronics,Headphones,3,16320.03,48960.09,15291.36
ORD-12602,2024-08-14,CUST-1336,Ishita Malhotra,Consumer,East,Bihar,Electronics,Laptop,7,48852.22,341965.54,103189.4
ORD-12330,2024-08-14,CUST-1348,Kiara Iyer,Consumer,East,Odisha,Books,Comics,2,220.77,441.54,113.81
ORD-11663,2024-08-14,CUST-1004,Saanvi Menon,Consumer,North,Delhi,Electronics,Smartphone,2,50720.44,101440.88,11220.66
ORD-10438,2024-08-14,CUST-1152,Anika Sharma,Consumer,North,Punjab,Clothing,Saree,5,1991.91,9959.55,3077.65
ORD-10564,2024-08-15,CUST-1378,Saanvi Sharma,Small Business,West,Goa,Electronics,Headphones,3,16920.92,50762.76,6074.34
ORD-10611,2024-08-15,CUST-1188,Ishaan Mehta,Consumer,North,Haryana,Home & Kitchen,Air Fryer,4,6954.17,27816.68,7283.78
ORD-10963,2024-08-15,CUST-1078,Krishna Nair,Corporate,South,Tamil Nadu,Clothing,T-Shirt,5,1980.67,9903.35,3082.13
ORD-10343,2024-08-15,CUST-1017,Anika Rao,Consumer,Central,Chhattisgarh,Electronics,Laptop,6,21462.8,128776.8,40413.98
ORD-10034,2024-08-16,CUST-1142,Anika Joshi,Consumer,South,Kerala,Sports,Football,7,4601.7,32211.9,10914.99
ORD-10472,2024-08-16,CUST-1358,Saanvi Verma,Corporate,North,Uttar Pradesh,Sports,Football,7,4810.98,33676.86,8842.28
ORD-11277,2024-08-17,CUST-1363,Sai Singh,Consumer,West,Maharashtra,Home & Kitchen,Mixer Grinder,6,3915.87,23495.22,6004.16
ORD-11662,2024-08-18,CUST-1366,Arjun Mehta,Small Business,East,Odisha,Electronics,Smartwatch,7,44189.53,309326.71,91260.04
ORD-12351,2024-08-18,CUST-1074,Diya Joshi,Consumer,Central,Madhya Pradesh,Electronics,Headphones,3,56941.66,170824.98,27107.49
ORD-10613,2024-08-18,CUST-1300,Myra Malhotra,Consumer,South,Kerala,Electronics,Smartphone,3,42737.3,128211.9,10361.53
ORD-11074,2024-08-18,CUST-1226,Rohan Bhatt,Consumer,East,Bihar,Electronics,Tablet,4,55530.23,222120.92,49346.75
ORD-11912,2024-08-18,CUST-1110,Saanvi Joshi,Consumer,East,Bihar,Sports,Dumbbells,7,1582.1,11074.7,1652.84
ORD-12562,2024-08-19,CUST-1012,Riya Bhatt,Small Business,North,Uttar Pradesh,Electronics,Tablet,3,53744.39,161233.17,49720.03
ORD-11743,2024-08-19,CUST-1204,Ishita Agarwal,Consumer,West,Gujarat,Electronics,Smartphone,1,53797.64,53797.64,4306.74
ORD-11005,2024-08-19,CUST-1048,Saanvi Pillai,Consumer,East,West Bengal,Electronics,Laptop,3,32194.44,96583.32,13281.51
ORD-10538,2024-08-19,CUST-1272,Vihaan Bose,Consumer,South,Telangana,Clothing,Saree,4,2457.58,9830.32,1299.87
ORD-10738,2024-08-19,CUST-1145,Ishaan Rao,Consumer,South,Kerala,Books,Comics,5,320.18,1600.9,438.18
ORD-12714,2024-08-19,CUST-1282,Diya Reddy,Small Business,West,Goa,Books,Biography,5,424.92,2124.6,355.49
ORD-11932,2024-08-20,CUST-1074,Aadhya Agarwal,Small Business,West,Gujarat,Books,Comics,3,188.62,565.86,60.86
ORD-10944,2024-08-20,CUST-1375,Krishna Agarwal,Consumer,South,Tamil Nadu,Books,Textbook,1,353.88,353.88,54.15
ORD-10540,2024-08-20,CUST-1087,Aditya Patel,Small Business,South,Karnataka,Books,Biography,3,453.53,1360.59,203.29
ORD-12896,2024-08-20,CUST-1262,Rohan Iyer,Corporate,East,Bihar,Electronics,Laptop,1,31304.0,31304.0,7764.46
ORD-11010,2024-08-21,CUST-1351,Myra Nair,Consumer,East,West Bengal,Electronics,Laptop,7,57656.29,403594.03,43490.61
ORD-12477,2024-08-21,CUST-1247,Krishna Sharma,Consumer,North,Delhi,Books,Textbook,3,297.24,891.72,259.05
ORD-12874,2024-08-21,CUST-1129,Ishita Gupta,Consumer,Central,Madhya Pradesh,Electronics,Headphones,5,19462.02,97310.1,26390.05
ORD-12878,2024-08-21,CUST-1015,Ishaan Nair,Consumer,North,Haryana,Sports,Yoga Mat,3,978.82,2936.46,368.86
ORD-12705,2024-08-21,CUST-1303,Sai Agarwal,Corporate,East,Odisha,Books,Textbook,7,741.59,5191.13,1471.14
ORD-11714,2024-08-21,CUST-1273,Saanvi Mehta,Consumer,North,Delhi,Home & Kitchen,Lamp,5,4631.92,23159.6,4927.71
ORD-11795,2024-08-22,CUST-1189,Saanvi Menon,Corporate,North,Punjab,Clothing,Saree,5,3035.36,15176.8,3597.07
ORD-10822,2024-08-22,CUST-1025,Aarav Agarwal,Corporate,South,Kerala,Sports,Cricket Bat,2,1581.58,3163.16,415.97
ORD-11172,2024-08-22,CUST-1342,Sai Iyer,Consumer,South,Telangana,Electronics,Smartwatch,5,51810.98,259054.9,86847.3
ORD-12947,2024-08-22,CUST-1051,Reyansh Nair,Consumer,North,Uttar Pradesh,Books,Biography,5,352.77,1763.85,567.22
ORD-10392,2024-08-22,CUST-1087,Vihaan Bose,Consumer,North,Haryana,Electronics,Smartwatch,1,22178.18,22178.18,3627.39
ORD-11742,2024-08-22,CUST-1041,Ananya Kapoor,Consumer,South,Telangana,Electronics,Headphones,2,24897.15,49794.3,4270.21
ORD-12659,2024-08-22,CUST-1112,Navya Rao,Consumer,North,Haryana,Electronics,Headphones,5,22959.46,114797.3,17883.9
ORD-11253,2024-08-22,CUST-1113,Krishna Chopra,Consumer,North,Punjab,Clothing,T-Shirt,2,1480.11,2960.22,835.73
ORD-10537,2024-08-22,CUST-1256,Vihaan Rao,Corporate,North,Uttar Pradesh,Clothing,T-Shirt,5,2532.52,12662.6,1410.22
ORD-12445,2024-08-23,CUST-1321,Vihaan Reddy,Consumer,East,Jharkhand,Clothing,Jeans,3,1324.45,3973.35,893.47
ORD-12790,2024-08-23,CUST-1000,Diya Agarwal,Small Business,East,Bihar,Home & Kitchen,Bedsheet,7,7967.22,55770.54,10513.63
ORD-11644,2024-08-23,CUST-1342,Vivaan Rao,Consumer,South,Tamil Nadu,Electronics,Laptop,6,28840.49,173042.94,15131.47
ORD-12442,2024-08-23,CUST-1021,Arjun Sharma,Consumer,West,Maharashtra,Clothing,Saree,3,1373.17,4119.51,1380.74
ORD-10581,2024-08-23,CUST-1278,Rohan Mehta,Corporate,West,Rajasthan,Clothing,Jeans,3,2226.38,6679.14,553.58
ORD-10744,2024-08-23,CUST-1132,Rohan Menon,Consumer,East,West Bengal,Electronics,Smartwatch,1,55450.51,55450.51,10880.16
ORD-11393,2024-08-23,CUST-1315,Reyansh Sharma,Small Business,East,West Bengal,Sports,Running Shoes,2,499.42,998.84,255.17
ORD-11493,2024-08-24,CUST-1044,Ishaan Bose,Small Business,North,Uttar Pradesh,Clothing,Jacket,5,3017.98,15089.9,5164.51
ORD-11626,2024-08-24,CUST-1115,Riya Singh,Small Business,North,Haryana,Books,Fiction Novel,2,660.26,1320.52,389.3
ORD-11285,2024-08-24,CUST-1387,Krishna Patel,Corporate,West,Goa,Books,Comics,6,227.04,1362.24,335.15
ORD-10374,2024-08-24,CUST-1335,Vihaan Nair,Consumer,South,Kerala,Electronics,Headphones,7,2729.04,19103.28,1975.48
ORD-11321,2024-08-24,CUST-1020,Krishna Verma,Consumer,West,Goa,Electronics,Laptop,7,25741.42,180189.94,21666.29
ORD-10364,2024-08-25,CUST-1267,Riya Sharma,Corporate,East,Odisha,Home & Kitchen,Mixer Grinder,7,3410.06,23870.42,6599.23
ORD-12481,2024-08-25,CUST-1047,Anika Kumar,Corporate,North,Haryana,Books,Self-Help,6,516.13,3096.78,265.32
ORD-12140,2024-08-25,CUST-1309,Anika Menon,Consumer,East,West Bengal,Sports,Football,7,4945.54,34618.78,7474.85
ORD-11371,2024-08-25,CUST-1291,Riya Iyer,Consumer,North,Uttar Pradesh,Clothing,Kurta,7,2201.15,15408.05,4960.16
ORD-11159,2024-08-26,CUST-1355,Vivaan Kapoor,Corporate,North,Uttar Pradesh,Clothing,Kurta,7,1359.93,9519.51,1166.79
ORD-10973,2024-08-26,CUST-1216,Myra Singh,Consumer,West,Rajasthan,Clothing,Jeans,2,881.9,1763.8,365.53
ORD-11080,2024-08-26,CUST-1204,Arjun Reddy,Consumer,West,Goa,Sports,Cricket Bat,4,3079.31,12317.24,3365.35
ORD-10488,2024-08-26,CUST-1131,Vihaan Kumar,Consumer,South,Tamil Nadu,Electronics,Laptop,5,56710.79,283553.95,31354.19
ORD-11086,2024-08-26,CUST-1354,Arjun Chopra,Small Business,South,Telangana,Clothing,Jacket,3,2288.15,6864.45,2159.49
ORD-11149,2024-08-26,CUST-1281,Ishaan Mehta,Corporate,East,West Bengal,Home & Kitchen,Cookware Set,2,2049.11,4098.22,487.41
ORD-10865,2024-08-27,CUST-1394,Vihaan Menon,Corporate,East,West Bengal,Books,Fiction Novel,1,500.9,500.9,59.25
ORD-10452,2024-08-27,CUST-1057,Vivaan Mehta,Consumer,South,Telangana,Books,Biography,1,748.07,748.07,77.24
ORD-11019,2024-08-27,CUST-1386,Arjun Bhatt,Corporate,West,Goa,Clothing,Jacket,2,742.55,1485.1,336.15
ORD-10754,2024-08-28,CUST-1302,Navya Nair,Corporate,Central,Madhya Pradesh,Books,Comics,1,366.5,366.5,111.02
ORD-11274,2024-08-28,CUST-1090,Sai Joshi,Small Business,East,Odisha,Home & Kitchen,Air Fryer,2,2447.19,4894.38,656.56
ORD-10572,2024-08-28,CUST-1392,Reyansh Patel,Consumer,East,Bihar,Electronics,Tablet,4,16575.2,66300.8,19681.12
ORD-11828,2024-08-29,CUST-1190,Arjun Bhatt,Consumer,North,Uttar Pradesh,Electronics,Smartwatch,5,41747.53,208737.65,19480.56
ORD-12834,2024-08-30,CUST-1218,Vihaan Agarwal,Corporate,Central,Madhya Pradesh,Electronics,Smartwatch,1,22527.8,22527.8,7619.69
ORD-10909,2024-08-30,CUST-1178,Ananya Nair,Small Business,South,Telangana,Home & Kitchen,Air Fryer,2,5229.12,10458.24,2174.22
ORD-12286,2024-08-31,CUST-1019,Myra Kapoor,Consumer,South,Kerala,Sports,Running Shoes,5,3640.9,18204.5,1507.33
ORD-10992,2024-09-01,CUST-1125,Arjun Kapoor,Small Business,North,Punjab,Electronics,Tablet,6,13900.92,83405.52,22976.75
ORD-12333,2024-09-01,CUST-1344,Kiara Singh,Consumer,Central,Madhya Pradesh,Electronics,Tablet,5,59592.1,297960.5,48613.22
ORD-12799,2024-09-01,CUST-1250,Aadhya Pillai,Corporate,North,Punjab,Clothing,T-Shirt,5,903.36,4516.8,1252.8
ORD-12586,2024-09-01,CUST-1074,Riya Joshi,Corporate,North,Uttar Pradesh,Clothing,T-Shirt,3,2324.98,6974.94,819.91
ORD-10567,2024-09-01,CUST-1159,Vihaan Kapoor,Consumer,West,Goa,Sports,Running Shoes,4,2441.61,9766.44,2378.51
ORD-10743,2024-09-01,CUST-1246,Aadhya Chopra,Consumer,West,Gujarat,Sports,Football,3,4653.18,13959.54,1450.09
ORD-10640,2024-09-01,CUST-1004,Vivaan Singh,Consumer,North,Uttar Pradesh,Electronics,Smartwatch,3,31453.06,94359.18,20201.75
ORD-12564,2024-09-02,CUST-1297,Kiara Verma,Small Business,North,Punjab,Electronics,Tablet,4,19048.65,76194.6,7986.05
ORD-10362,2024-09-02,CUST-1303,Ananya Kumar,Consumer,East,Bihar,Electronics,Headphones,7,51081.54,357570.78,80290.34
ORD-12253,2024-09-02,CUST-1019,Krishna Patel,Consumer,South,Tamil Nadu,Electronics,Headphones,7,43941.76,307592.32,66892.47
ORD-11556,2024-09-02,CUST-1029,Krishna Menon,Consumer,West,Gujarat,Sports,Running Shoes,2,4185.41,8370.82,675.31
ORD-12055,2024-09-02,CUST-1338,Riya Iyer,Consumer,West,Gujarat,Books,Textbook,3,376.89,1130.67,186.36
ORD-12559,2024-09-02,CUST-1275,Anika Nair,Consumer,East,Odisha,Home & Kitchen,Lamp,5,7641.61,38208.05,9292.25
ORD-11952,2024-09-02,CUST-1259,Riya Agarwal,Consumer,North,Uttar Pradesh,Sports,Dumbbells,2,3765.53,7531.06,1045.71
ORD-12460,2024-09-02,CUST-1114,Aarav Nair,Consumer,West,Gujarat,Books,Fiction Novel,6,879.14,5274.84,585.42
ORD-12061,2024-09-02,CUST-1158,Myra Iyer,Consumer,North,Haryana,Electronics,Smartwatch,4,9073.24,36292.96,8896.24
ORD-10381,2024-09-02,CUST-1036,Anika Bhatt,Consumer,East,Bihar,Books,Biography,5,534.89,2674.45,916.75
ORD-11587,2024-09-03,CUST-1142,Riya Chopra,Small Business,East,West Bengal,Electronics,Smartphone,7,55354.15,387479.05,71956.69
ORD-12171,2024-09-04,CUST-1373,Riya Kumar,Consumer,North,Delhi,Home & Kitchen,Mixer Grinder,5,3380.14,16900.7,5345.38
ORD-10666,2024-09-04,CUST-1291,Kiara Reddy,Consumer,West,Goa,Electronics,Smartphone,6,52699.77,316198.62,104420.74
ORD-11842,2024-09-04,CUST-1047,Aditya Kapoor,Consumer,North,Punjab,Clothing,Kurta,7,3478.85,24351.95,5598.63
ORD-10674,2024-09-04,CUST-1106,Anika Reddy,Corporate,West,Goa,Books,Self-Help,4,425.89,1703.56,182.25
ORD-10543,2024-09-04,CUST-1096,Navya Reddy,Consumer,Central,Madhya Pradesh,Sports,Running Shoes,5,4866.13,24330.65,3761.14
ORD-12769,2024-09-04,CUST-1063,Aarav Bose,Small Business,East,Jharkhand,Electronics,Smartphone,3,39460.93,118382.79,36605.28
ORD-11301,2024-09-05,CUST-1152,Ishita Patel,Corporate,North,Uttar Pradesh,Clothing,Jacket,3,1394.56,4183.68,749.86
ORD-10278,2024-09-05,CUST-1238,Riya Chopra,Consumer,West,Maharashtra,Electronics,Smartwatch,4,42060.11,168240.44,15584.48
ORD-12743,2024-09-06,CUST-1094,Riya Kapoor,Consumer,Central,Madhya Pradesh,Books,Textbook,2,361.03,722.06,209.32
ORD-11194,2024-09-06,CUST-1043,Diya Rao,Consumer,North,Uttar Pradesh,Books,Textbook,6,223.5,1341.0,399.87
ORD-10145,2024-09-06,CUST-1159,Sai Bose,Corporate,East,West Bengal,Clothing,T-Shirt,3,2136.52,6409.56,962.99
ORD-12246,2024-09-06,CUST-1247,Arjun Singh,Consumer,North,Delhi,Home & Kitchen,Cookware Set,6,7893.58,47361.48,5232.87
ORD-10284,2024-09-07,CUST-1255,Kiara Pillai,Consumer,Central,Madhya Pradesh,Electronics,Tablet,7,25905.81,181340.67,58473.38
ORD-10428,2024-09-07,CUST-1229,Vivaan Gupta,Small Business,North,Uttar Pradesh,Clothing,Saree,3,3452.19,10356.57,1134.67
ORD-12846,2024-09-08,CUST-1293,Myra Singh,Corporate,South,Tamil Nadu,Sports,Football,7,4933.92,34537.44,3389.33
ORD-12113,2024-09-08,CUST-1210,Saanvi Pillai,Consumer,North,Delhi,Clothing,Saree,5,1057.6,5288.0,1565.82
ORD-10228,2024-09-08,CUST-1259,Ananya Rao,Consumer,North,Haryana,Electronics,Laptop,6,30903.93,185423.58,53105.13
ORD-12620,2024-09-08,CUST-1026,Riya Singh,Small Business,North,Haryana,Clothing,Jeans,5,3083.25,15416.25,3597.92
ORD-11882,2024-09-08,CUST-1307,Riya Bhatt,Consumer,East,Odisha,Books,Biography,4,584.68,2338.72,226.24
ORD-11452,2024-09-09,CUST-1015,Myra Menon,Corporate,West,Rajasthan,Electronics,Smartwatch,2,20100.83,40201.66,9417.48
ORD-11379,2024-09-09,CUST-1071,Diya Bose,Consumer,Central,Madhya Pradesh,Home & Kitchen,Air Fryer,6,4414.47,26486.82,4723.27
ORD-10018,2024-09-09,CUST-1359,Rohan Gupta,Consumer,South,Kerala,Electronics,Headphones,6,7184.82,43108.92,13660.82
ORD-10288,2024-09-09,CUST-1075,Vihaan Bose,Consumer,South,Telangana,Books,Biography,5,188.47,942.35,187.88
ORD-12169,2024-09-09,CUST-1172,Krishna Nair,Consumer,East,Bihar,Clothing,Saree,1,1300.5,1300.5,253.06
ORD-11784,2024-09-09,CUST-1111,Kiara Bhatt,Consumer,West,Goa,Clothing,T-Shirt,6,2699.51,16197.06,4835.38
ORD-12196,2024-09-09,CUST-1087,Reyansh Kapoor,Small Business,East,Odisha,Books,Biography,6,494.26,2965.56,601.88
ORD-12742,2024-09-09,CUST-1329,Saanvi Iyer,Corporate,West,Goa,Books,Biography,4,403.05,1612.2,344.47
ORD-12950,2024-09-10,CUST-1179,Saanvi Nair,Consumer,East,Jharkhand,Home & Kitchen,Lamp,3,2208.44,6625.32,690.52
ORD-11632,2024-09-10,CUST-1036,Aditya Agarwal,Small Business,South,Tamil Nadu,Clothing,Kurta,6,518.88,3113.28,446.98
ORD-12715,2024-09-11,CUST-1252,Sai Gupta,Consumer,West,Goa,Electronics,Tablet,6,57415.74,344494.44,105334.36
ORD-12395,2024-09-11,CUST-1248,Kiara Agarwal,Consumer,North,Uttar Pradesh,Home & Kitchen,Air Fryer,3,6801.56,20404.68,5022.57
ORD-10600,2024-09-11,CUST-1354,Arjun Malhotra,Consumer,South,Telangana,Home & Kitchen,Bedsheet,5,6731.12,33655.6,9132.2
ORD-12671,2024-09-12,CUST-1303,Reyansh Nair,Consumer,North,Delhi,Books,Textbook,2,837.21,1674.42,246.82
ORD-11486,2024-09-12,CUST-1177,Aarav Bose,Corporate,South,Tamil Nadu,Electronics,Tablet,6,45345.49,272072.94,65104.16
ORD-11798,2024-09-13,CUST-1078,Anika Nair,Consumer,South,Telangana,Home & Kitchen,Cookware Set,2,2391.87,4783.74,384.57
ORD-10849,2024-09-13,CUST-1195,Reyansh Agarwal,Consumer,North,Delhi,Electronics,Laptop,4,51692.72,206770.88,61773.95
ORD-11296,2024-09-13,CUST-1331,Sai Pillai,Corporate,South,Karnataka,Sports,Running Shoes,1,634.83,634.83,196.81
ORD-10875,2024-09-13,CUST-1218,Rohan Nair,Consumer,Central,Chhattisgarh,Home & Kitchen,Mixer Grinder,2,3182.56,6365.12,2183.01
ORD-10372,2024-09-14,CUST-1031,Krishna Iyer,Consumer,North,Haryana,Sports,Dumbbells,7,917.05,6419.35,1050.31
ORD-10369,2024-09-14,CUST-1109,Navya Bhatt,Consumer,South,Karnataka,Clothing,Kurta,6,730.53,4383.18,1494.2
ORD-12528,2024-09-14,CUST-1101,Arjun Mehta,Small Business,North,Uttar Pradesh,Electronics,Smartphone,1,44196.16,44196.16,5380.69
ORD-12666,2024-09-14,CUST-1303,Riya Joshi,Consumer,West,Maharashtra,Sports,Football,3,2823.54,8470.62,1446.73
ORD-12675,2024-09-14,CUST-1015,Aditya Joshi,Consumer,West,Rajasthan,Home & Kitchen,Bedsheet,1,2896.07,2896.07,475.24
ORD-10903,2024-09-14,CUST-1279,Saanvi Menon,Small Business,South,Kerala,Electronics,Headphones,3,59389.54,178168.62,36770.92
ORD-10222,2024-09-14,CUST-1047,Kiara Menon,Consumer,West,Maharashtra,Electronics,Smartphone,5,13354.01,66770.05,5619.14
ORD-11814,2024-09-14,CUST-1348,Rohan Iyer,Small Business,West,Gujarat,Clothing,Saree,2,3053.1,6106.2,2061.48
ORD-11242,2024-09-14,CUST-1153,Vivaan Menon,Small Business,South,Karnataka,Home & Kitchen,Mixer Grinder,6,2245.15,13470.9,4684.94
ORD-11448,2024-09-14,CUST-1234,Anika Patel,Consumer,North,Delhi,Electronics,Headphones,3,43009.71,129029.13,21462.69
ORD-11939,2024-09-15,CUST-1367,Diya Iyer,Corporate,East,West Bengal,Clothing,Kurta,4,1511.1,6044.4,1396.16
ORD-11011,2024-09-15,CUST-1388,Aditya Singh,Consumer,North,Punjab,Electronics,Smartwatch,2,30629.38,61258.76,15684.26
ORD-11955,2024-09-15,CUST-1012,Vihaan Kapoor,Consumer,West,Gujarat,Electronics,Tablet,5,42629.71,213148.55,59202.84
ORD-12609,2024-09-15,CUST-1143,Krishna Kumar,Corporate,West,Goa,Books,Self-Help,5,257.02,1285.1,374.74
ORD-11984,2024-09-15,CUST-1002,Krishna Sharma,Consumer,North,Uttar Pradesh,Sports,Yoga Mat,1,4837.3,4837.3,596.11
ORD-11936,2024-09-15,CUST-1071,Aditya Malhotra,Consumer,West,Rajasthan,Sports,Yoga Mat,1,732.98,732.98,143.74
ORD-11281,2024-09-15,CUST-1270,Kiara Reddy,Consumer,West,Gujarat,Home & Kitchen,Lamp,1,3818.92,3818.92,1213.57
ORD-10671,2024-09-15,CUST-1319,Arjun Kumar,Consumer,South,Telangana,Books,Textbook,2,647.78,1295.56,355.32
ORD-11859,2024-09-15,CUST-1217,Reyansh Bose,Consumer,West,Maharashtra,Sports,Running Shoes,3,4321.46,12964.38,2781.57
ORD-10578,2024-09-15,CUST-1076,Ishaan Mehta,Small Business,Central,Madhya Pradesh,Sports,Cricket Bat,7,1755.73,12290.11,2585.33
ORD-11482,2024-09-16,CUST-1329,Rohan Chopra,Corporate,South,Tamil Nadu,Home & Kitchen,Air Fryer,5,1465.4,7327.0,785.04
ORD-12178,2024-09-16,CUST-1349,Vivaan Kapoor,Small Business,South,Kerala,Clothing,T-Shirt,7,498.51,3489.57,1129.15
ORD-10939,2024-09-16,CUST-1375,Ishita Mehta,Corporate,Central,Chhattisgarh,Electronics,Laptop,2,15343.25,30686.5,8546.18
ORD-12461,2024-09-17,CUST-1369,Aadhya Patel,Consumer,North,Delhi,Clothing,Saree,5,868.53,4342.65,951.93
ORD-12847,2024-09-17,CUST-1133,Aarav Bose,Corporate,East,Odisha,Electronics,Smartwatch,5,52141.92,260709.6,73184.96
ORD-11367,2024-09-17,CUST-1233,Sai Iyer,Consumer,West,Maharashtra,Electronics,Laptop,7,35904.06,251328.42,75845.53
ORD-10663,2024-09-17,CUST-1205,Aadhya Menon,Consumer,South,Telangana,Clothing,T-Shirt,1,2943.43,2943.43,462.47
ORD-11323,2024-09-17,CUST-1379,Rohan Reddy,Small Business,South,Telangana,Clothing,Saree,7,2711.26,18978.82,5978.11
ORD-11563,2024-09-17,CUST-1177,Rohan Agarwal,Corporate,West,Gujarat,Electronics,Smartwatch,4,53885.32,215541.28,72903.24
ORD-10813,2024-09-18,CUST-1042,Saanvi Patel,Corporate,North,Delhi,Home & Kitchen,Air Fryer,5,6906.39,34531.95,11126.21
ORD-12654,2024-09-18,CUST-1218,Aadhya Rao,Small Business,East,West Bengal,Home & Kitchen,Mixer Grinder,5,2120.21,10601.05,1023.94
ORD-12949,2024-09-18,CUST-1101,Aditya Pillai,Consumer,North,Uttar Pradesh,Electronics,Smartphone,3,1783.67,5351.01,1393.01
ORD-11551,2024-09-18,CUST-1117,Aadhya Singh,Consumer,Central,Madhya Pradesh,Electronics,Smartphone,2,22516.93,45033.86,7381.24
ORD-10924,2024-09-18,CUST-1373,Saanvi Menon,Consumer,Central,Chhattisgarh,Books,Biography,1,333.15,333.15,69.23
ORD-12607,2024-09-18,CUST-1244,Rohan Sharma,Consumer,Central,Madhya Pradesh,Books,Textbook,5,873.62,4368.1,842.91
ORD-12317,2024-09-19,CUST-1246,Ishaan Mehta,Small Business,West,Goa,Books,Comics,6,471.55,2829.3,867.48
ORD-10648,2024-09-19,CUST-1342,Navya Mehta,Corporate,West,Maharashtra,Clothing,Jeans,6,2010.46,12062.76,3119.57
ORD-12783,2024-09-20,CUST-1352,Reyansh Chopra,Consumer,South,Karnataka,Sports,Running Shoes,6,3750.79,22504.74,3380.78
ORD-12180,2024-09-20,CUST-1233,Aadhya Gupta,Consumer,East,Jharkhand,Electronics,Smartwatch,5,39427.03,197135.15,30257.01
ORD-10784,2024-09-21,CUST-1351,Krishna Sharma,Consumer,East,Odisha,Clothing,Kurta,2,2105.12,4210.24,1104.19
ORD-11825,2024-09-21,CUST-1246,Aadhya Mehta,Corporate,East,West Bengal,Sports,Yoga Mat,7,3852.11,26964.77,4498.22
ORD-11564,2024-09-22,CUST-1065,Sai Verma,Corporate,West,Gujarat,Electronics,Laptop,4,21216.41,84865.64,13537.62
ORD-11052,2024-09-22,CUST-1360,Rohan Bose,Consumer,East,Jharkhand,Clothing,T-Shirt,6,1478.07,8868.42,1635.58
ORD-12829,2024-09-22,CUST-1240,Reyansh Chopra,Corporate,North,Delhi,Books,Fiction Novel,6,873.65,5241.9,900.23
ORD-11903,2024-09-22,CUST-1060,Ishaan Pillai,Corporate,South,Telangana,Books,Biography,1,571.88,571.88,134.45
ORD-11195,2024-09-22,CUST-1341,Reyansh Malhotra,Corporate,South,Tamil Nadu,Electronics,Laptop,5,27861.33,139306.65,48451.71
ORD-11100,2024-09-22,CUST-1315,Reyansh Malhotra,Small Business,South,Karnataka,Home & Kitchen,Mixer Grinder,4,6741.39,26965.56,6668.83
ORD-10306,2024-09-23,CUST-1050,Diya Chopra,Corporate,Central,Chhattisgarh,Electronics,Laptop,5,32488.27,162441.35,26285.4
ORD-10708,2024-09-23,CUST-1112,Krishna Bhatt,Consumer,West,Goa,Books,Comics,3,550.05,1650.15,246.41
ORD-10433,2024-09-23,CUST-1114,Aadhya Kumar,Consumer,North,Haryana,Electronics,Smartphone,4,32883.52,131534.08,12281.13
ORD-10726,2024-09-23,CUST-1230,Rohan Nair,Consumer,East,Jharkhand,Electronics,Tablet,4,1981.05,7924.2,2032.98
ORD-12513,2024-09-24,CUST-1100,Ishita Bose,Corporate,West,Rajasthan,Electronics,Tablet,4,30051.84,120207.36,12328.15
ORD-12557,2024-09-24,CUST-1098,Diya Bhatt,Consumer,Central,Madhya Pradesh,Home & Kitchen,Mixer Grinder,6,2083.89,12503.34,3066.58
ORD-12321,2024-09-25,CUST-1336,Reyansh Bose,Small Business,East,Jharkhand,Clothing,Jacket,6,1984.42,11906.52,1780.49
ORD-10579,2024-09-25,CUST-1001,Diya Chopra,Consumer,West,Rajasthan,Electronics,Tablet,2,8333.04,16666.08,1803.43
ORD-10629,2024-09-25,CUST-1021,Riya Singh,Consumer,West,Rajasthan,Sports,Cricket Bat,6,4016.3,24097.8,2005.24
ORD-11610,2024-09-25,CUST-1356,Saanvi Kumar,Corporate,North,Haryana,Clothing,Saree,7,1592.48,11147.36,2659.7
ORD-11694,2024-09-25,CUST-1259,Aditya Gupta,Consumer,East,Odisha,Sports,Football,7,638.32,4468.24,867.54
ORD-10518,2024-09-25,CUST-1375,Aditya Bose,Consumer,West,Rajasthan,Electronics,Smartwatch,6,31080.9,186485.4,29043.7
ORD-12369,2024-09-25,CUST-1360,Navya Singh,Small Business,South,Tamil Nadu,Clothing,Kurta,5,607.82,3039.1,807.43
ORD-12052,2024-09-26,CUST-1386,Ishaan Singh,Corporate,North,Uttar Pradesh,Electronics,Headphones,3,31362.13,94086.39,27238.58
ORD-12466,2024-09-26,CUST-1105,Arjun Menon,Small Business,North,Uttar Pradesh,Books,Biography,5,434.69,2173.45,506.31
ORD-10352,2024-09-26,CUST-1096,Vihaan Agarwal,Corporate,West,Gujarat,Clothing,Jeans,2,2439.07,4878.14,1083.15
ORD-12121,2024-09-26,CUST-1379,Diya Agarwal,Consumer,South,Karnataka,Electronics,Headphones,3,53114.65,159343.95,34297.44
ORD-10419,2024-09-26,CUST-1312,Ishita Kapoor,Corporate,Central,Chhattisgarh,Home & Kitchen,Lamp,6,5623.77,33742.62,9714.69
ORD-11468,2024-09-27,CUST-1377,Aadhya Kumar,Consumer,South,Kerala,Home & Kitchen,Air Fryer,1,6067.19,6067.19,647.71
ORD-11532,2024-09-27,CUST-1145,Vivaan Verma,Consumer,East,West Bengal,Clothing,Kurta,1,2181.25,2181.25,601.81
ORD-11648,2024-09-27,CUST-1061,Rohan Singh,Consumer,West,Gujarat,Books,Textbook,4,475.29,1901.16,533.81
ORD-10363,2024-09-27,CUST-1327,Ananya Patel,Corporate,North,Punjab,Electronics,Tablet,2,40515.26,81030.52,18025.14
ORD-10408,2024-09-27,CUST-1231,Arjun Reddy,Consumer,West,Gujarat,Home & Kitchen,Bedsheet,5,4838.5,24192.5,4219.07
ORD-11702,2024-09-28,CUST-1350,Vihaan Menon,Consumer,North,Punjab,Home & Kitchen,Lamp,7,4122.73,28859.11,4852.42
ORD-12660,2024-09-28,CUST-1399,Diya Menon,Consumer,West,Goa,Clothing,Jacket,5,1155.68,5778.4,1426.73
ORD-11881,2024-09-28,CUST-1282,Ishaan Agarwal,Corporate,North,Punjab,Books,Comics,5,232.34,1161.7,393.48
ORD-12488,2024-09-28,CUST-1345,Diya Malhotra,Small Business,West,Maharashtra,Clothing,Kurta,4,3211.18,12844.72,2556.56
ORD-10879,2024-09-28,CUST-1058,Myra Iyer,Consumer,West,Maharashtra,Clothing,Jeans,5,1615.06,8075.3,2492.01
ORD-11679,2024-09-29,CUST-1047,Diya Nair,Corporate,Central,Madhya Pradesh,Electronics,Laptop,1,9170.36,9170.36,1061.81
ORD-11619,2024-09-30,CUST-1096,Riya Rao,Consumer,West,Goa,Clothing,Saree,5,3421.53,17107.65,5581.55
ORD-11228,2024-09-30,CUST-1113,Aarav Gupta,Consumer,South,Kerala,Electronics,Smartphone,7,6935.33,48547.31,13104.91
ORD-11562,2024-10-01,CUST-1160,Krishna Kapoor,Corporate,South,Karnataka,Clothing,Saree,1,970.33,1552.53,388.5
ORD-12242,2024-10-01,CUST-1167,Kiara Sharma,Small Business,East,West Bengal,Books,Self-Help,7,671.09,7516.21,1785.3
ORD-11780,2024-10-01,CUST-1150,Rohan Reddy,Corporate,East,West Bengal,Clothing,Saree,3,3190.07,15312.34,3299.98
ORD-10387,2024-10-01,CUST-1016,Ishita Iyer,Small Business,Central,Madhya Pradesh,Home & Kitchen,Cookware Set,3,5727.53,27492.14,4333.53
ORD-10625,2024-10-01,CUST-1290,Saanvi Joshi,Consumer,South,Tamil Nadu,Electronics,Smartphone,3,34008.73,163241.9,29748.13
ORD-12811,2024-10-02,CUST-1217,Rohan Iyer,Corporate,South,Karnataka,Clothing,T-Shirt,1,1179.06,1886.5,623.43
ORD-12704,2024-10-02,CUST-1363,Aarav Menon,Corporate,North,Uttar Pradesh,Home & Kitchen,Cookware Set,4,1918.33,12277.31,3603.52
ORD-10852,2024-10-02,CUST-1328,Myra Malhotra,Small Business,West,Goa,Home & Kitchen,Bedsheet,5,6022.49,48179.92,13728.58
ORD-10793,2024-10-02,CUST-1246,Sai Mehta,Small Business,West,Rajasthan,Sports,Football,1,2406.2,3849.92,1282.53
ORD-12960,2024-10-03,CUST-1130,Reyansh Kapoor,Consumer,Central,Madhya Pradesh,Sports,Yoga Mat,2,3511.9,11238.08,3317.07
ORD-11169,2024-10-03,CUST-1227,Kiara Kapoor,Corporate,South,Tamil Nadu,Sports,Cricket Bat,4,2413.41,15445.82,2405.16
ORD-11135,2024-10-03,CUST-1151,Navya Gupta,Consumer,South,Tamil Nadu,Electronics,Laptop,1,57069.3,91310.88,8162.46
ORD-12403,2024-10-03,CUST-1312,Sai Iyer,Corporate,East,Odisha,Home & Kitchen,Cookware Set,2,6877.9,22009.28,7667.42
ORD-10135,2024-10-04,CUST-1107,Riya Reddy,Consumer,East,West Bengal,Home & Kitchen,Air Fryer,7,1790.28,20051.14,5619.58
ORD-12227,2024-10-04,CUST-1191,Anika Kumar,Corporate,North,Delhi,Electronics,Smartwatch,3,2707.53,12996.14,1753.36
ORD-10342,2024-10-04,CUST-1000,Aarav Sharma,Corporate,West,Maharashtra,Electronics,Smartphone,4,31474.98,201439.87,22130.78
ORD-11358,2024-10-04,CUST-1314,Anika Agarwal,Corporate,South,Tamil Nadu,Books,Fiction Novel,1,578.8,926.08,260.56
ORD-11545,2024-10-05,CUST-1212,Sai Rao,Consumer,North,Punjab,Home & Kitchen,Cookware Set,1,1704.83,2727.73,370.55
ORD-12092,2024-10-05,CUST-1250,Ishaan Rao,Consumer,North,Haryana,Books,Self-Help,1,857.23,1371.57,402.25
ORD-10118,2024-10-05,CUST-1120,Diya Sharma,Small Business,South,Telangana,Electronics,Smartwatch,6,31976.04,306969.98,93023.65
ORD-11833,2024-10-05,CUST-1273,Aditya Iyer,Consumer,West,Rajasthan,Electronics,Laptop,4,5281.82,33803.65,3464.07
ORD-11655,2024-10-05,CUST-1019,Sai Gupta,Small Business,North,Delhi,Home & Kitchen,Mixer Grinder,3,4210.86,20212.13,2214.23
ORD-11192,2024-10-05,CUST-1269,Aditya Nair,Consumer,North,Haryana,Sports,Cricket Bat,2,2307.75,7384.8,1067.38
ORD-12978,2024-10-05,CUST-1290,Aarav Kumar,Consumer,North,Uttar Pradesh,Clothing,Jeans,1,781.83,1250.93,331.33
ORD-12263,2024-10-06,CUST-1058,Rohan Verma,Consumer,East,Jharkhand,Electronics,Headphones,4,48822.73,312465.47,89060.08
ORD-10450,2024-10-06,CUST-1304,Arjun Sharma,Consumer,West,Gujarat,Electronics,Smartwatch,2,10474.65,33518.88,9082.0
ORD-11889,2024-10-06,CUST-1026,Myra Rao,Consumer,West,Goa,Clothing,Saree,1,2209.96,3535.94,930.34
ORD-12597,2024-10-06,CUST-1392,Krishna Reddy,Corporate,East,Odisha,Electronics,Smartwatch,5,18704.56,149636.48,12184.15
ORD-11863,2024-10-06,CUST-1369,Aarav Menon,Corporate,West,Gujarat,Clothing,Jeans,2,2134.19,6829.41,880.53
ORD-10742,2024-10-07,CUST-1158,Riya Patel,Consumer,South,Telangana,Electronics,Smartwatch,1,10864.34,17382.94,2577.65
ORD-10490,2024-10-07,CUST-1306,Anika Sharma,Consumer,North,Punjab,Home & Kitchen,Mixer Grinder,4,6467.02,41388.93,5906.95
ORD-12603,2024-10-07,CUST-1244,Navya Iyer,Consumer,South,Kerala,Electronics,Smartwatch,4,19187.25,122798.4,29578.3
ORD-10377,2024-10-07,CUST-1062,Navya Chopra,Corporate,South,Tamil Nadu,Books,Textbook,1,606.16,969.86,271.99
ORD-11075,2024-10-08,CUST-1395,Ishita Mehta,Small Business,South,Kerala,Sports,Yoga Mat,1,2273.24,3637.18,1164.71
ORD-12062,2024-10-08,CUST-1093,Arjun Pillai,Consumer,South,Karnataka,Electronics,Tablet,5,7508.05,60064.4,8466.59
ORD-10906,2024-10-08,CUST-1200,Ishita Nair,Corporate,North,Delhi,Clothing,Saree,5,2453.53,19628.24,4948.19
ORD-10513,2024-10-09,CUST-1092,Aadhya Mehta,Consumer,Central,Madhya Pradesh,Clothing,Kurta,1,3255.6,5208.96,779.31
ORD-11141,2024-10-09,CUST-1086,Aditya Agarwal,Consumer,East,Jharkhand,Clothing,Jacket,2,1019.44,3262.21,583.36
ORD-11396,2024-10-09,CUST-1144,Reyansh Rao,Consumer,West,Rajasthan,Home & Kitchen,Cookware Set,3,5729.11,27499.73,4285.0
ORD-10846,2024-10-09,CUST-1396,Kiara Verma,Consumer,North,Uttar Pradesh,Clothing,Jeans,4,616.34,3944.58,887.39
ORD-10713,2024-10-10,CUST-1085,Aarav Kapoor,Consumer,North,Punjab,Sports,Dumbbells,3,4012.88,19261.82,5780.58
ORD-12417,2024-10-10,CUST-1387,Krishna Pillai,Consumer,West,Goa,Home & Kitchen,Mixer Grinder,6,7696.08,73882.37,20581.94
ORD-11136,2024-10-10,CUST-1207,Vivaan Pillai,Consumer,West,Goa,Clothing,Kurta,2,1645.41,5265.31,1732.14
ORD-10101,2024-10-10,CUST-1311,Anika Malhotra,Consumer,North,Delhi,Clothing,Kurta,4,2130.23,13633.47,1543.34
ORD-12821,2024-10-10,CUST-1200,Arjun Patel,Consumer,South,Telangana,Books,Biography,5,220.92,1767.36,273.78
ORD-10919,2024-10-11,CUST-1003,Ishaan Kumar,Corporate,West,Rajasthan,Electronics,Smartwatch,4,54566.37,349224.77,81656.13
ORD-10485,2024-10-11,CUST-1349,Kiara Mehta,Consumer,East,Jharkhand,Books,Self-Help,2,756.64,2421.25,567.12
ORD-12354,2024-10-12,CUST-1144,Aditya Sharma,Consumer,West,Maharashtra,Books,Fiction Novel,7,415.01,4648.11,1227.98
ORD-12814,2024-10-12,CUST-1318,Ananya Menon,Consumer,West,Gujarat,Clothing,Saree,6,1898.65,18227.04,3164.38
ORD-10632,2024-10-12,CUST-1090,Ananya Rao,Consumer,West,Goa,Home & Kitchen,Mixer Grinder,2,3455.36,11057.15,1123.35
ORD-11354,2024-10-13,CUST-1123,Arjun Agarwal,Small Business,South,Karnataka,Electronics,Laptop,5,10195.3,81562.4,23699.47
ORD-10848,2024-10-13,CUST-1259,Navya Menon,Consumer,East,West Bengal,Electronics,Laptop,5,37970.76,303766.08,60224.48
ORD-10291,2024-10-14,CUST-1289,Vihaan Malhotra,Consumer,West,Gujarat,Electronics,Headphones,5,59566.04,476528.32,122965.37
ORD-10863,2024-10-14,CUST-1186,Ishaan Nair,Consumer,North,Delhi,Books,Comics,5,662.91,5303.28,592.59
ORD-10716,2024-10-14,CUST-1343,Ananya Sharma,Consumer,North,Uttar Pradesh,Electronics,Smartphone,2,35112.61,112360.35,30653.66
ORD-10441,2024-10-14,CUST-1102,Sai Gupta,Consumer,North,Uttar Pradesh,Electronics,Smartphone,1,43781.97,70051.15,21081.27
ORD-12736,2024-10-14,CUST-1175,Rohan Bose,Consumer,South,Kerala,Electronics,Laptop,2,33676.27,107764.06,21445.04
ORD-10156,2024-10-15,CUST-1200,Kiara Reddy,Corporate,North,Uttar Pradesh,Electronics,Headphones,4,14790.0,94656.0,20674.46
ORD-12763,2024-10-16,CUST-1275,Ishaan Verma,Corporate,South,Tamil Nadu,Electronics,Headphones,3,56063.0,269102.4,84809.3
ORD-12225,2024-10-16,CUST-1181,Vivaan Pillai,Consumer,East,West Bengal,Books,Biography,7,890.15,9969.68,1522.95
ORD-10209,2024-10-16,CUST-1312,Arjun Iyer,Consumer,West,Rajasthan,Electronics,Smartwatch,5,25869.1,206952.8,33554.01
ORD-11290,2024-10-16,CUST-1351,Saanvi Joshi,Consumer,South,Telangana,Electronics,Headphones,3,15181.26,72870.05,22765.67
ORD-11058,2024-10-16,CUST-1285,Saanvi Kapoor,Small Business,South,Tamil Nadu,Books,Biography,7,409.8,4589.76,1263.32
ORD-12499,2024-10-16,CUST-1244,Aadhya Gupta,Consumer,Central,Madhya Pradesh,Home & Kitchen,Cookware Set,2,4850.05,15520.16,2955.4
ORD-12210,2024-10-17,CUST-1326,Diya Patel,Consumer,Central,Madhya Pradesh,Clothing,Jeans,7,1934.17,21662.7,5310.43
ORD-11317,2024-10-17,CUST-1355,Diya Bhatt,Consumer,West,Maharashtra,Home & Kitchen,Bedsheet,2,1835.46,5873.47,507.79
ORD-10165,2024-10-17,CUST-1368,Anika Joshi,Consumer,South,Telangana,Electronics,Tablet,6,50249.05,482390.88,67051.2
ORD-12493,2024-10-18,CUST-1134,Rohan Verma,Consumer,West,Maharashtra,Home & Kitchen,Lamp,7,6255.99,70067.09,14424.55
ORD-12595,2024-10-18,CUST-1386,Ananya Agarwal,Consumer,West,Rajasthan,Sports,Running Shoes,7,1575.88,17649.86,3011.4
ORD-11401,2024-10-19,CUST-1119,Vihaan Verma,Small Business,South,Kerala,Electronics,Tablet,4,17397.36,111343.1,13454.13
ORD-12001,2024-10-19,CUST-1348,Krishna Singh,Consumer,South,Tamil Nadu,Books,Textbook,1,193.57,309.71,55.77
ORD-10597,2024-10-19,CUST-1153,Navya Pillai,Corporate,West,Rajasthan,Sports,Dumbbells,1,1162.25,1859.6,529.56
ORD-11838,2024-10-19,CUST-1311,Navya Mehta,Consumer,South,Kerala,Home & Kitchen,Cookware Set,2,7655.64,24498.05,8305.75
ORD-10102,2024-10-19,CUST-1178,Arjun Sharma,Consumer,Central,Madhya Pradesh,Home & Kitchen,Air Fryer,6,4151.24,39851.9,6665.04
ORD-11623,2024-10-20,CUST-1167,Ishaan Malhotra,Consumer,Central,Madhya Pradesh,Clothing,Jeans,1,3405.84,5449.34,1338.86
ORD-10884,2024-10-20,CUST-1335,Myra Joshi,Small Business,East,Odisha,Sports,Football,1,3198.6,5117.76,422.01
ORD-12730,2024-10-20,CUST-1239,Navya Bose,Consumer,North,Punjab,Electronics,Smartwatch,6,39095.69,375318.62,102217.03
ORD-12824,2024-10-20,CUST-1001,Sai Menon,Small Business,South,Tamil Nadu,Electronics,Smartwatch,4,11670.07,74688.45,16291.15
ORD-12331,2024-10-20,CUST-1250,Aadhya Joshi,Consumer,East,Jharkhand,Clothing,Jeans,6,1075.94,10329.02,1551.99
ORD-10688,2024-10-21,CUST-1208,Aadhya Malhotra,Small Business,South,Telangana,Clothing,Jeans,5,956.28,7650.24,739.34
ORD-10814,2024-10-21,CUST-1029,Krishna Kumar,Consumer,South,Tamil Nadu,Home & Kitchen,Mixer Grinder,3,3102.26,14890.85,2027.74
ORD-12908,2024-10-21,CUST-1213,Aarav Mehta,Consumer,South,Karnataka,Sports,Cricket Bat,3,418.0,2006.4,281.28
ORD-12552,2024-10-21,CUST-1155,Ishaan Pillai,Consumer,West,Maharashtra,Electronics,Tablet,6,57572.78,552698.69,138953.58
ORD-12328,2024-10-21,CUST-1384,Reyansh Nair,Consumer,Central,Madhya Pradesh,Electronics,Headphones,5,8772.83,70182.64,23709.71
ORD-10700,2024-10-21,CUST-1215,Aditya Iyer,Consumer,East,Odisha,Electronics,Smartphone,6,8406.19,80699.42,19044.15
ORD-12208,2024-10-22,CUST-1272,Sai Pillai,Consumer,North,Punjab,Sports,Running Shoes,4,3928.28,25140.99,2148.37
ORD-12037,2024-10-22,CUST-1281,Arjun Nair,Small Business,Central,Madhya Pradesh,Home & Kitchen,Air Fryer,5,4194.03,33552.24,9255.43
ORD-11916,2024-10-22,CUST-1217,Aditya Joshi,Small Business,South,Karnataka,Electronics,Smartwatch,2,21903.72,70091.9,11895.95
ORD-10004,2024-10-22,CUST-1156,Saanvi Iyer,Corporate,West,Maharashtra,Electronics,Tablet,7,11168.12,125082.94,10482.14
ORD-12049,2024-10-22,CUST-1055,Sai Nair,Consumer,North,Delhi,Clothing,Jeans,7,2668.06,29882.27,4264.77
ORD-10170,2024-10-22,CUST-1356,Saanvi Bose,Consumer,West,Maharashtra,Clothing,Jacket,5,1069.76,8558.08,1579.79
ORD-10251,2024-10-22,CUST-1321,Saanvi Rao,Consumer,West,Gujarat,Sports,Dumbbells,5,746.07,5968.56,1434.86
ORD-11057,2024-10-22,CUST-1127,Saanvi Malhotra,Corporate,West,Maharashtra,Sports,Dumbbells,5,2801.5,22412.0,6442.8
ORD-12955,2024-10-23,CUST-1298,Vivaan Joshi,Consumer,Central,Madhya Pradesh,Books,Fiction Novel,7,352.42,3947.1,623.32
ORD-12173,2024-10-23,CUST-1007,Reyansh Patel,Consumer,North,Punjab,Clothing,Jeans,2,3349.3,10717.76,3078.61
ORD-10499,2024-10-23,CUST-1329,Ishaan Sharma,Consumer,East,Odisha,Electronics,Laptop,7,32836.11,367764.43,113027.08
ORD-10569,2024-10-24,CUST-1367,Vivaan Mehta,Consumer,West,Rajasthan,Books,Textbook,7,191.5,2144.8,176.91
ORD-11867,2024-10-24,CUST-1285,Ishita Iyer,Corporate,South,Kerala,Clothing,Saree,3,1978.75,9498.0,2279.87
ORD-11357,2024-10-24,CUST-1337,Ishaan Patel,Consumer,North,Delhi,Sports,Dumbbells,7,1436.79,16092.05,3159.87
ORD-11154,2024-10-24,CUST-1346,Aarav Verma,Corporate,North,Delhi,Home & Kitchen,Lamp,3,3464.77,16630.9,5459.46
ORD-12045,2024-10-25,CUST-1027,Krishna Kumar,Consumer,North,Delhi,Sports,Football,4,1791.74,11467.14,3924.96
ORD-12386,2024-10-25,CUST-1221,Krishna Iyer,Corporate,East,Bihar,Books,Biography,2,627.84,2009.09,549.33
ORD-10804,2024-10-26,CUST-1203,Vihaan Bose,Consumer,West,Goa,Clothing,Saree,3,507.73,2437.1,788.62
ORD-10382,2024-10-26,CUST-1041,Arjun Mehta,Small Business,North,Uttar Pradesh,Electronics,Headphones,1,11981.09,19169.74,1793.28
ORD-10660,2024-10-26,CUST-1159,Anika Reddy,Consumer,Central,Chhattisgarh,Home & Kitchen,Cookware Set,1,4928.95,7886.32,1163.23
ORD-12787,2024-10-26,CUST-1010,Arjun Gupta,Small Business,Central,Madhya Pradesh,Electronics,Smartwatch,5,33265.02,266120.16,58256.06
ORD-10917,2024-10-26,CUST-1072,Vivaan Singh,Small Business,East,Jharkhand,Sports,Dumbbells,7,2594.73,29060.98,4356.24
ORD-12913,2024-10-27,CUST-1308,Kiara Malhotra,Consumer,East,West Bengal,Sports,Yoga Mat,1,4507.53,7212.05,2265.52
ORD-12451,2024-10-27,CUST-1109,Reyansh Agarwal,Corporate,East,Bihar,Electronics,Tablet,4,26278.44,168182.02,21214.14
ORD-11707,2024-10-27,CUST-1096,Kiara Patel,Consumer,West,Maharashtra,Clothing,Jeans,7,1445.88,16193.86,1579.18
ORD-11143,2024-10-27,CUST-1096,Navya Kapoor,Corporate,East,Jharkhand,Sports,Cricket Bat,3,4349.89,20879.47,2414.95
ORD-10993,2024-10-27,CUST-1198,Arjun Rao,Corporate,South,Kerala,Books,Self-Help,7,697.56,7812.67,791.2
ORD-11412,2024-10-28,CUST-1286,Aarav Pillai,Consumer,South,Kerala,Sports,Cricket Bat,2,1335.16,4272.51,1109.55
ORD-11821,2024-10-28,CUST-1246,Ishaan Nair,Consumer,West,Maharashtra,Home & Kitchen,Lamp,1,1444.96,2311.94,639.89
ORD-12813,2024-10-28,CUST-1291,Aarav Sharma,Consumer,West,Rajasthan,Books,Fiction Novel,5,610.18,4881.44,1220.91
ORD-10200,2024-10-28,CUST-1107,Saanvi Chopra,Consumer,South,Tamil Nadu,Home & Kitchen,Lamp,1,4501.52,7202.43,787.95
ORD-12259,2024-10-28,CUST-1063,Ishita Sharma,Consumer,West,Goa,Electronics,Laptop,4,38351.49,245449.54,77376.13
ORD-11861,2024-10-28,CUST-1059,Rohan Gupta,Small Business,South,Karnataka,Home & Kitchen,Cookware Set,3,3679.82,17663.14,1652.11
ORD-11935,2024-10-29,CUST-1319,Aadhya Bhatt,Corporate,East,Jharkhand,Clothing,Kurta,7,576.97,6462.06,1161.44
ORD-10785,2024-10-29,CUST-1260,Arjun Chopra,Consumer,North,Punjab,Clothing,Saree,1,1983.46,3173.54,353.29
ORD-12289,2024-10-31,CUST-1162,Riya Chopra,Corporate,West,Gujarat,Sports,Football,7,1095.06,12264.67,1228.05
ORD-12634,2024-10-31,CUST-1358,Vihaan Menon,Corporate,South,Kerala,Clothing,Jacket,4,998.41,6389.82,1736.11
ORD-12873,2024-10-31,CUST-1124,Kiara Singh,Corporate,West,Maharashtra,Clothing,T-Shirt,4,2448.03,15667.39,2897.56
ORD-12371,2024-11-01,CUST-1385,Aarav Gupta,Small Business,South,Kerala,Home & Kitchen,Cookware Set,2,5013.74,16043.97,1825.98
ORD-12689,2024-11-01,CUST-1328,Vivaan Joshi,Consumer,West,Goa,Home & Kitchen,Air Fryer,7,845.85,9473.52,1295.32
ORD-10384,2024-11-01,CUST-1265,Vihaan Malhotra,Corporate,North,Punjab,Home & Kitchen,Lamp,7,3085.04,34552.45,11739.4
ORD-12713,2024-11-01,CUST-1380,Rohan Reddy,Consumer,East,West Bengal,Electronics,Smartphone,7,54469.28,610055.94,84703.12
ORD-11088,2024-11-02,CUST-1191,Aditya Reddy,Consumer,West,Goa,Electronics,Smartwatch,2,27145.28,86864.9,9294.97
ORD-11906,2024-11-02,CUST-1140,Ishaan Rao,Consumer,South,Karnataka,Electronics,Laptop,5,23149.57,185196.56,22776.24
ORD-11998,2024-11-02,CUST-1395,Aadhya Verma,Corporate,East,Odisha,Sports,Yoga Mat,4,1718.38,10997.63,1512.42
ORD-12767,2024-11-02,CUST-1284,Saanvi Rao,Consumer,West,Gujarat,Sports,Running Shoes,6,4926.34,47292.86,6384.26
ORD-11664,2024-11-02,CUST-1203,Myra Rao,Corporate,East,Odisha,Electronics,Headphones,6,8614.74,82701.5,19061.02
ORD-11116,2024-11-03,CUST-1373,Ishaan Verma,Small Business,West,Gujarat,Clothing,Kurta,3,1758.18,8439.26,2927.89
ORD-10606,2024-11-03,CUST-1138,Vivaan Mehta,Consumer,West,Maharashtra,Home & Kitchen,Air Fryer,3,3121.07,14981.14,1468.21
ORD-10486,2024-11-03,CUST-1355,Ishita Menon,Corporate,North,Punjab,Clothing,T-Shirt,4,705.5,4515.2,1406.02
ORD-10722,2024-11-03,CUST-1369,Sai Rao,Consumer,Central,Chhattisgarh,Home & Kitchen,Cookware Set,7,3092.27,34633.42,11490.43
ORD-12576,2024-11-03,CUST-1000,Myra Kumar,Consumer,West,Maharashtra,Electronics,Tablet,6,16015.31,153746.98,45428.55
ORD-12298,2024-11-03,CUST-1317,Vihaan Rao,Consumer,South,Kerala,Home & Kitchen,Mixer Grinder,6,7137.64,68521.34,23720.58
ORD-10794,2024-11-03,CUST-1183,Diya Nair,Corporate,South,Tamil Nadu,Home & Kitchen,Mixer Grinder,4,2477.6,15856.64,4218.15
ORD-11718,2024-11-04,CUST-1030,Reyansh Gupta,Consumer,South,Karnataka,Home & Kitchen,Air Fryer,6,1067.52,10248.19,2443.46
ORD-11257,2024-11-04,CUST-1193,Sai Mehta,Corporate,North,Delhi,Sports,Dumbbells,7,3690.42,41332.7,7023.67
ORD-12739,2024-11-04,CUST-1154,Ananya Agarwal,Corporate,North,Delhi,Clothing,Kurta,5,1864.03,14912.24,1773.92
ORD-10729,2024-11-05,CUST-1218,Navya Nair,Consumer,East,West Bengal,Clothing,Jeans,7,1154.15,12926.48,3890.47
ORD-11073,2024-11-05,CUST-1120,Myra Chopra,Corporate,West,Goa,Sports,Yoga Mat,3,3335.1,16008.48,2186.54
ORD-12651,2024-11-05,CUST-1300,Ishita Verma,Corporate,North,Uttar Pradesh,Sports,Football,1,1926.29,3082.06,859.84
ORD-10759,2024-11-05,CUST-1006,Ishita Menon,Consumer,South,Karnataka,Clothing,Jacket,5,655.26,5242.08,1572.25
ORD-11824,2024-11-06,CUST-1194,Diya Iyer,Consumer,North,Delhi,Electronics,Smartwatch,2,48149.48,154078.34,34210.29
ORD-11697,2024-11-07,CUST-1061,Ishaan Verma,Consumer,North,Punjab,Clothing,Jacket,6,1160.62,11141.95,1017.48
ORD-12144,2024-11-07,CUST-1020,Saanvi Reddy,Consumer,South,Kerala,Home & Kitchen,Lamp,5,7901.23,63209.84,11188.06
ORD-10111,2024-11-07,CUST-1171,Reyansh Sharma,Consumer,West,Maharashtra,Electronics,Smartwatch,5,38539.36,308314.88,43651.7
ORD-12964,2024-11-07,CUST-1377,Diya Sharma,Corporate,South,Telangana,Clothing,Jeans,7,1183.48,13254.98,3501.81
ORD-11265,2024-11-08,CUST-1101,Aditya Bose,Consumer,Central,Chhattisgarh,Electronics,Smartwatch,7,29575.65,331247.28,51007.66
ORD-10146,2024-11-08,CUST-1370,Arjun Agarwal,Corporate,East,West Bengal,Electronics,Headphones,1,56901.61,91042.58,17558.22
ORD-10281,2024-11-08,CUST-1170,Reyansh Verma,Consumer,South,Tamil Nadu,Books,Self-Help,6,783.5,7521.6,1371.5
ORD-12056,2024-11-09,CUST-1001,Ishita Bhatt,Small Business,North,Haryana,Sports,Football,1,1668.54,2669.66,631.71
ORD-10652,2024-11-10,CUST-1268,Aarav Sharma,Consumer,North,Delhi,Electronics,Smartphone,6,5843.44,56097.02,8615.97
ORD-12667,2024-11-10,CUST-1374,Kiara Bhatt,Corporate,South,Tamil Nadu,Electronics,Smartwatch,5,24851.84,198814.72,27198.95
ORD-10263,2024-11-10,CUST-1245,Myra Verma,Consumer,North,Haryana,Home & Kitchen,Lamp,2,7520.27,24064.86,5015.98
ORD-12341,2024-11-11,CUST-1149,Anika Singh,Consumer,West,Gujarat,Home & Kitchen,Bedsheet,2,4239.76,13567.23,3832.4
ORD-11147,2024-11-11,CUST-1061,Aadhya Malhotra,Consumer,East,West Bengal,Sports,Yoga Mat,3,1960.97,9412.66,2350.73
ORD-11316,2024-11-11,CUST-1363,Saanvi Menon,Corporate,West,Maharashtra,Home & Kitchen,Air Fryer,6,5207.08,49987.97,4597.08
ORD-12598,2024-11-11,CUST-1185,Ishaan Sharma,Small Business,West,Goa,Home & Kitchen,Lamp,4,4887.05,31277.12,10724.06
ORD-10235,2024-11-12,CUST-1006,Arjun Agarwal,Consumer,South,Telangana,Sports,Cricket Bat,2,624.52,1998.46,415.78
ORD-10210,2024-11-12,CUST-1238,Sai Menon,Small Business,South,Telangana,Electronics,Smartwatch,1,51132.88,81812.61,24587.18
ORD-10654,2024-11-12,CUST-1320,Diya Mehta,Corporate,South,Karnataka,Clothing,T-Shirt,6,3425.82,32887.87,6158.3
ORD-12073,2024-11-12,CUST-1099,Kiara Chopra,Small Business,South,Karnataka,Clothing,Jacket,1,2105.88,3369.41,984.32
ORD-10279,2024-11-12,CUST-1313,Vihaan Rao,Consumer,South,Kerala,Electronics,Smartphone,6,17768.82,170580.67,55431.42
ORD-11813,2024-11-13,CUST-1123,Krishna Nair,Consumer,East,Odisha,Home & Kitchen,Bedsheet,4,4092.63,26192.83,2706.52
ORD-12028,2024-11-13,CUST-1218,Vihaan Malhotra,Small Business,West,Rajasthan,Clothing,Jacket,6,3496.69,33568.22,9007.08
ORD-10590,2024-11-13,CUST-1131,Kiara Menon,Small Business,Central,Chhattisgarh,Electronics,Headphones,3,56666.71,272000.21,51304.56
ORD-12261,2024-11-13,CUST-1346,Aadhya Malhotra,Corporate,West,Maharashtra,Clothing,Kurta,1,3204.27,5126.83,900.04
ORD-12706,2024-11-13,CUST-1014,Krishna Singh,Consumer,South,Kerala,Books,Textbook,6,318.24,3055.1,415.62
ORD-12840,2024-11-13,CUST-1022,Ishita Iyer,Consumer,West,Rajasthan,Electronics,Smartphone,2,23563.84,75404.29,17862.9
ORD-11246,2024-11-13,CUST-1016,Saanvi Chopra,Corporate,West,Rajasthan,Sports,Yoga Mat,7,3708.15,41531.28,9568.47
ORD-10651,2024-11-14,CUST-1078,Arjun Bhatt,Corporate,East,West Bengal,Books,Biography,4,405.43,2594.75,612.68
ORD-11575,2024-11-14,CUST-1208,Ananya Mehta,Consumer,North,Delhi,Sports,Running Shoes,1,3550.32,5680.51,755.41
ORD-11411,2024-11-14,CUST-1258,Arjun Bose,Consumer,South,Tamil Nadu,Books,Comics,7,439.05,4917.36,394.72
ORD-10620,2024-11-14,CUST-1196,Rohan Singh,Consumer,Central,Madhya Pradesh,Sports,Yoga Mat,5,1648.27,13186.16,2011.11
ORD-11667,2024-11-14,CUST-1064,Arjun Menon,Consumer,South,Karnataka,Books,Comics,6,666.52,6398.59,1131.11
ORD-12218,2024-11-14,CUST-1268,Krishna Joshi,Consumer,South,Telangana,Home & Kitchen,Bedsheet,7,5018.64,56208.77,5100.08
ORD-12738,2024-11-15,CUST-1317,Sai Joshi,Corporate,Central,Chhattisgarh,Sports,Running Shoes,3,1544.14,7411.87,683.07
ORD-11326,2024-11-15,CUST-1129,Ananya Reddy,Consumer,East,West Bengal,Home & Kitchen,Mixer Grinder,3,5797.09,27826.03,9219.27
ORD-12146,2024-11-15,CUST-1369,Anika Patel,Consumer,North,Delhi,Electronics,Tablet,1,24250.82,38801.31,3794.64
ORD-12098,2024-11-15,CUST-1365,Diya Kapoor,Consumer,South,Karnataka,Electronics,Laptop,3,22152.31,106331.09,22958.71
ORD-11677,2024-11-15,CUST-1080,Rohan Bose,Consumer,South,Telangana,Clothing,Jacket,7,1869.87,20942.54,6866.76
ORD-12987,2024-11-17,CUST-1121,Diya Singh,Consumer,West,Rajasthan,Electronics,Smartphone,4,24076.2,154087.68,47117.96
ORD-10920,2024-11-17,CUST-1014,Vivaan Menon,Small Business,North,Uttar Pradesh,Clothing,Jeans,5,2719.08,21752.64,2835.94
ORD-12021,2024-11-17,CUST-1269,Aditya Pillai,Consumer,West,Rajasthan,Sports,Cricket Bat,3,1728.99,8299.15,2480.73
ORD-10386,2024-11-18,CUST-1183,Saanvi Verma,Consumer,West,Maharashtra,Clothing,Kurta,7,1618.02,18121.82,4508.86
ORD-12852,2024-11-18,CUST-1191,Ishita Bose,Consumer,South,Tamil Nadu,Electronics,Smartwatch,7,50771.11,568636.43,104631.02
ORD-12768,2024-11-18,CUST-1183,Navya Nair,Consumer,Central,Madhya Pradesh,Sports,Running Shoes,2,1704.99,5455.97,813.83
ORD-12807,2024-11-18,CUST-1115,Diya Singh,Consumer,North,Uttar Pradesh,Books,Self-Help,5,435.62,3484.96,763.94
ORD-11785,2024-11-18,CUST-1262,Ishaan Nair,Consumer,North,Delhi,Home & Kitchen,Cookware Set,6,7845.11,75313.06,15056.28
ORD-10976,2024-11-19,CUST-1209,Reyansh Malhotra,Small Business,East,Odisha,Sports,Football,4,2883.45,18454.08,3803.16
ORD-10106,2024-11-19,CUST-1278,Navya Rao,Small Business,West,Gujarat,Clothing,Jacket,3,1564.58,7509.98,1878.67
ORD-11206,2024-11-19,CUST-1147,Ananya Chopra,Consumer,East,Jharkhand,Home & Kitchen,Bedsheet,3,5909.77,28366.9,3612.15
ORD-11106,2024-11-20,CUST-1239,Aarav Kumar,Consumer,East,Bihar,Books,Comics,2,556.91,1782.11,401.15
ORD-11682,2024-11-20,CUST-1150,Reyansh Kapoor,Consumer,Central,Madhya Pradesh,Clothing,Jeans,5,3139.92,25119.36,3020.73
ORD-12865,2024-11-20,CUST-1291,Myra Menon,Consumer,North,Delhi,Electronics,Headphones,4,35417.39,226671.3,21544.77
ORD-12854,2024-11-21,CUST-1375,Anika Agarwal,Consumer,West,Maharashtra,Electronics,Tablet,5,51115.96,408927.68,95524.6
ORD-12142,2024-11-21,CUST-1232,Riya Malhotra,Consumer,Central,Madhya Pradesh,Home & Kitchen,Mixer Grinder,4,4476.83,28651.71,4561.0
ORD-10547,2024-11-21,CUST-1153,Riya Bhatt,Corporate,South,Karnataka,Electronics,Smartwatch,4,51551.95,329932.48,47154.63
ORD-10301,2024-11-21,CUST-1211,Krishna Sharma,Small Business,West,Rajasthan,Clothing,Saree,4,948.38,6069.63,1917.26
ORD-10012,2024-11-21,CUST-1147,Aditya Menon,Consumer,West,Rajasthan,Home & Kitchen,Air Fryer,7,3461.84,38772.61,6672.3
ORD-12177,2024-11-21,CUST-1374,Myra Kapoor,Consumer,West,Goa,Clothing,Jacket,3,803.21,3855.41,378.23
ORD-12404,2024-11-21,CUST-1171,Arjun Bose,Consumer,North,Delhi,Electronics,Laptop,6,2215.41,21267.94,6274.37
ORD-11200,2024-11-21,CUST-1332,Anika Reddy,Corporate,West,Rajasthan,Clothing,Jeans,4,2021.98,12940.67,1201.61
ORD-11937,2024-11-22,CUST-1347,Ananya Reddy,Consumer,East,Odisha,Electronics,Smartphone,1,34722.05,55555.28,5820.48
ORD-10147,2024-11-22,CUST-1085,Ananya Iyer,Consumer,West,Maharashtra,Clothing,Saree,1,653.35,1045.36,350.55
ORD-10336,2024-11-22,CUST-1103,Aditya Rao,Corporate,North,Delhi,Home & Kitchen,Bedsheet,7,6883.33,77093.3,23578.17
ORD-12644,2024-11-22,CUST-1212,Myra Verma,Small Business,North,Uttar Pradesh,Home & Kitchen,Air Fryer,1,6612.59,10580.14,2274.95
ORD-11294,2024-11-23,CUST-1219,Myra Patel,Consumer,West,Gujarat,Clothing,T-Shirt,3,2783.63,13361.42,3326.07
ORD-11312,2024-11-23,CUST-1323,Krishna Patel,Consumer,West,Gujarat,Electronics,Headphones,5,19324.74,154597.92,38646.53
ORD-12952,2024-11-23,CUST-1335,Ananya Chopra,Consumer,West,Gujarat,Electronics,Laptop,2,36100.38,115521.22,24514.8
ORD-11470,2024-11-23,CUST-1243,Anika Malhotra,Consumer,West,Rajasthan,Home & Kitchen,Cookware Set,2,3444.04,11020.93,3526.95
ORD-11155,2024-11-23,CUST-1176,Arjun Agarwal,Corporate,South,Telangana,Electronics,Smartphone,5,32241.12,257928.96,57681.97
ORD-11601,2024-11-23,CUST-1348,Ishaan Singh,Corporate,North,Delhi,Electronics,Smartphone,4,27023.88,172952.83,19983.48
ORD-10108,2024-11-23,CUST-1303,Diya Kumar,Consumer,East,Odisha,Sports,Running Shoes,5,3810.32,30482.56,8327.3
ORD-10975,2024-11-24,CUST-1088,Ishaan Singh,Consumer,West,Maharashtra,Home & Kitchen,Mixer Grinder,1,3343.95,5350.32,1376.27
ORD-11394,2024-11-24,CUST-1345,Anika Singh,Consumer,South,Karnataka,Home & Kitchen,Bedsheet,3,4259.32,20444.74,2929.33
ORD-12774,2024-11-24,CUST-1268,Navya Joshi,Small Business,West,Goa,Electronics,Tablet,1,11930.01,19088.02,6016.56
ORD-11629,2024-11-25,CUST-1166,Kiara Chopra,Small Business,South,Karnataka,Books,Textbook,2,201.37,644.38,78.42
ORD-12613,2024-11-25,CUST-1180,Arjun Menon,Corporate,Central,Madhya Pradesh,Home & Kitchen,Cookware Set,7,2782.45,31163.44,7170.87
ORD-11171,2024-11-26,CUST-1089,Ishita Bose,Consumer,East,Bihar,Home & Kitchen,Cookware Set,5,3553.94,28431.52,4153.23
ORD-10335,2024-11-26,CUST-1089,Sai Joshi,Small Business,East,Bihar,Clothing,Kurta,5,1130.43,9043.44,2635.87
ORD-12579,2024-11-26,CUST-1125,Sai Verma,Consumer,North,Haryana,Home & Kitchen,Cookware Set,2,7503.88,24012.42,7264.33
ORD-10587,2024-11-27,CUST-1321,Riya Singh,Corporate,South,Telangana,Sports,Dumbbells,2,3417.8,10936.96,2080.47
ORD-10081,2024-11-27,CUST-1037,Vivaan Bose,Corporate,North,Haryana,Home & Kitchen,Lamp,3,1199.74,5758.75,579.07
ORD-12732,2024-11-28,CUST-1297,Aarav Verma,Small Business,North,Uttar Pradesh,Home & Kitchen,Cookware Set,3,784.95,3767.76,1105.53
ORD-11696,2024-11-28,CUST-1092,Ishita Mehta,Consumer,West,Goa,Electronics,Headphones,1,24560.12,39296.19,9830.63
ORD-10798,2024-11-28,CUST-1051,Sai Mehta,Small Business,Central,Chhattisgarh,Home & Kitchen,Bedsheet,7,4012.45,44939.44,12971.36
ORD-11793,2024-11-28,CUST-1343,Riya Kumar,Corporate,South,Tamil Nadu,Sports,Dumbbells,6,3581.87,34385.95,9549.32
ORD-11355,2024-11-28,CUST-1317,Arjun Iyer,Consumer,West,Rajasthan,Books,Biography,6,483.7,4643.52,789.4
ORD-12966,2024-11-28,CUST-1235,Saanvi Bhatt,Consumer,East,Jharkhand,Home & Kitchen,Cookware Set,1,2867.72,4588.35,483.92
ORD-10556,2024-11-28,CUST-1352,Vihaan Mehta,Small Business,West,Maharashtra,Clothing,Jacket,5,1227.39,9819.12,2258.32
ORD-11616,2024-11-28,CUST-1378,Diya Agarwal,Consumer,Central,Madhya Pradesh,Sports,Football,2,3081.23,9859.94,1739.94
ORD-11438,2024-11-28,CUST-1106,Ananya Pillai,Consumer,Central,Madhya Pradesh,Home & Kitchen,Cookware Set,2,3231.8,10341.76,1309.36
ORD-12297,2024-11-28,CUST-1140,Ananya Menon,Consumer,East,Odisha,Electronics,Smartphone,6,12236.53,117470.69,32405.89
ORD-10966,2024-11-28,CUST-1382,Vihaan Verma,Corporate,West,Goa,Books,Biography,1,824.5,1319.2,331.52
ORD-11059,2024-11-29,CUST-1043,Aarav Gupta,Small Business,West,Goa,Clothing,Kurta,4,825.02,5280.13,1347.25
ORD-10946,2024-11-29,CUST-1167,Vivaan Iyer,Consumer,Central,Madhya Pradesh,Electronics,Tablet,5,28507.06,228056.48,62121.68
ORD-10308,2024-11-29,CUST-1216,Kiara Joshi,Consumer,North,Uttar Pradesh,Sports,Dumbbells,3,2165.66,10395.17,2109.74
ORD-10972,2024-11-29,CUST-1206,Ananya Rao,Consumer,South,Tamil Nadu,Electronics,Smartwatch,2,50221.32,160708.22,55186.67
ORD-10541,2024-11-29,CUST-1054,Anika Malhotra,Consumer,East,Bihar,Clothing,T-Shirt,3,1435.84,6892.03,1505.51
ORD-10998,2024-11-29,CUST-1065,Myra Gupta,Consumer,South,Telangana,Electronics,Laptop,3,11703.02,56174.5,14393.37
ORD-10643,2024-11-29,CUST-1375,Myra Malhotra,Consumer,East,Odisha,Sports,Cricket Bat,6,2158.76,20724.1,2635.18
ORD-12635,2024-11-30,CUST-1225,Rohan Malhotra,Consumer,Central,Madhya Pradesh,Sports,Running Shoes,1,812.66,1300.26,312.65
ORD-10400,2024-11-30,CUST-1132,Navya Bose,Corporate,East,West Bengal,Clothing,T-Shirt,7,664.33,7440.5,1127.84
ORD-10721,2024-11-30,CUST-1046,Kiara Menon,Consumer,South,Telangana,Electronics,Smartwatch,2,16201.5,51844.8,13482.99
ORD-10631,2024-11-30,CUST-1116,Vivaan Kapoor,Consumer,West,Rajasthan,Home & Kitchen,Cookware Set,3,4488.2,21543.36,4606.91
ORD-12441,2024-11-30,CUST-1192,Navya Pillai,Corporate,South,Tamil Nadu,Electronics,Smartwatch,3,50802.21,243850.61,72571.93
ORD-10416,2024-12-01,CUST-1237,Ishita Kapoor,Consumer,East,Bihar,Books,Fiction Novel,6,332.71,1996.26,217.39
ORD-11705,2024-12-01,CUST-1124,Rohan Singh,Consumer,North,Delhi,Electronics,Smartphone,7,24196.03,169372.21,31397.42
ORD-12574,2024-12-01,CUST-1240,Kiara Rao,Corporate,South,Tamil Nadu,Electronics,Smartphone,4,5090.84,20363.36,5079.53
ORD-12123,2024-12-01,CUST-1226,Navya Chopra,Consumer,East,Jharkhand,Clothing,Kurta,4,1772.51,7090.04,2175.03
ORD-10355,2024-12-02,CUST-1364,Navya Mehta,Corporate,North,Punjab,Sports,Football,1,2048.79,2048.79,584.22
ORD-12011,2024-12-02,CUST-1196,Aarav Gupta,Small Business,East,Odisha,Home & Kitchen,Air Fryer,3,4276.04,12828.12,1712.39
ORD-10969,2024-12-02,CUST-1096,Aadhya Singh,Consumer,West,Goa,Clothing,Kurta,1,621.46,621.46,129.73
ORD-10186,2024-12-02,CUST-1159,Ishita Pillai,Small Business,West,Goa,Clothing,Jeans,2,2613.25,5226.5,1152.16
ORD-10675,2024-12-02,CUST-1004,Myra Verma,Corporate,Central,Madhya Pradesh,Home & Kitchen,Cookware Set,2,7832.53,15665.06,5079.29
ORD-10883,2024-12-03,CUST-1395,Anika Iyer,Consumer,North,Uttar Pradesh,Books,Comics,5,504.82,2524.1,727.92
ORD-11954,2024-12-03,CUST-1345,Aditya Malhotra,Corporate,North,Haryana,Clothing,Jacket,7,2837.33,19861.31,5647.35
ORD-10551,2024-12-03,CUST-1335,Reyansh Kapoor,Small Business,West,Rajasthan,Sports,Football,7,4539.01,31773.07,5949.2
ORD-12803,2024-12-03,CUST-1104,Ishita Iyer,Consumer,West,Maharashtra,Sports,Dumbbells,6,4567.12,27402.72,3217.91
ORD-12372,2024-12-03,CUST-1085,Navya Reddy,Small Business,North,Uttar Pradesh,Home & Kitchen,Cookware Set,3,2358.25,7074.75,2311.58
ORD-12725,2024-12-03,CUST-1059,Aarav Mehta,Consumer,East,Jharkhand,Books,Self-Help,2,401.48,802.96,176.64
ORD-10443,2024-12-03,CUST-1181,Krishna Pillai,Consumer,North,Delhi,Home & Kitchen,Bedsheet,2,1414.55,2829.1,887.29
ORD-11382,2024-12-04,CUST-1074,Myra Pillai,Consumer,North,Uttar Pradesh,Clothing,Jeans,6,1497.8,8986.8,1933.87
ORD-11999,2024-12-04,CUST-1298,Anika Reddy,Corporate,West,Rajasthan,Electronics,Laptop,4,43506.31,174025.24,38421.74
ORD-11322,2024-12-04,CUST-1065,Sai Joshi,Consumer,North,Punjab,Home & Kitchen,Cookware Set,6,6674.16,40044.96,3637.28
ORD-11251,2024-12-05,CUST-1123,Saanvi Agarwal,Consumer,North,Punjab,Home & Kitchen,Lamp,7,2785.75,19500.25,3416.1
ORD-10710,2024-12-05,CUST-1248,Sai Sharma,Consumer,East,Odisha,Electronics,Smartphone,5,25762.04,128810.2,33808.7
ORD-10244,2024-12-05,CUST-1380,Arjun Patel,Consumer,West,Goa,Clothing,Kurta,5,2955.41,14777.05,2893.73
ORD-10585,2024-12-05,CUST-1379,Ishaan Verma,Corporate,East,Odisha,Electronics,Smartphone,7,32673.27,228712.89,63919.85
ORD-10024,2024-12-06,CUST-1099,Rohan Kumar,Consumer,East,West Bengal,Clothing,Saree,2,447.44,894.88,236.85
ORD-12229,2024-12-06,CUST-1028,Ishita Iyer,Consumer,North,Punjab,Home & Kitchen,Mixer Grinder,3,1481.93,4445.79,1305.74
ORD-12698,2024-12-06,CUST-1324,Sai Nair,Consumer,South,Kerala,Clothing,Jeans,2,2882.78,5765.56,2002.29
ORD-11979,2024-12-06,CUST-1249,Ananya Bose,Small Business,Central,Chhattisgarh,Home & Kitchen,Air Fryer,3,3740.07,11220.21,2221.88
ORD-12145,2024-12-07,CUST-1383,Myra Rao,Corporate,West,Gujarat,Books,Fiction Novel,5,610.97,3054.85,993.99
ORD-12100,2024-12-07,CUST-1375,Riya Reddy,Corporate,West,Goa,Clothing,Jacket,3,2368.56,7105.68,968.02
ORD-11224,2024-12-07,CUST-1026,Ananya Verma,Consumer,North,Punjab,Clothing,T-Shirt,5,510.7,2553.5,287.15
ORD-11631,2024-12-07,CUST-1214,Diya Menon,Small Business,West,Maharashtra,Books,Biography,7,870.66,6094.62,1351.57
ORD-10524,2024-12-07,CUST-1207,Navya Chopra,Corporate,South,Karnataka,Books,Comics,1,403.92,403.92,99.18
ORD-11031,2024-12-08,CUST-1218,Ananya Reddy,Consumer,Central,Chhattisgarh,Books,Textbook,5,466.76,2333.8,412.38
ORD-11901,2024-12-08,CUST-1154,Vivaan Mehta,Corporate,East,Jharkhand,Home & Kitchen,Bedsheet,7,2660.49,18623.43,2264.25
ORD-12589,2024-12-08,CUST-1318,Anika Gupta,Corporate,East,Jharkhand,Electronics,Smartwatch,2,49019.6,98039.2,23790.86
ORD-11764,2024-12-08,CUST-1340,Sai Patel,Corporate,West,Gujarat,Home & Kitchen,Air Fryer,3,3411.57,10234.71,3387.85
ORD-11558,2024-12-08,CUST-1010,Krishna Bhatt,Consumer,North,Delhi,Electronics,Smartphone,6,6179.18,37075.08,6914.83
ORD-12549,2024-12-08,CUST-1242,Reyansh Joshi,Consumer,South,Kerala,Electronics,Smartphone,6,36023.12,216138.72,54175.68
ORD-11420,2024-12-09,CUST-1199,Ishaan Pillai,Consumer,South,Karnataka,Home & Kitchen,Bedsheet,1,6589.89,6589.89,854.48
ORD-12464,2024-12-09,CUST-1175,Navya Pillai,Corporate,Central,Madhya Pradesh,Clothing,Kurta,1,3478.64,3478.64,783.3
ORD-10174,2024-12-09,CUST-1050,Ananya Mehta,Consumer,East,Bihar,Electronics,Laptop,2,19822.57,39645.14,7136.41
ORD-11040,2024-12-09,CUST-1306,Aditya Nair,Consumer,East,Bihar,Books,Fiction Novel,4,528.06,2112.24,697.49
ORD-12802,2024-12-10,CUST-1021,Anika Bhatt,Consumer,Central,Madhya Pradesh,Electronics,Smartwatch,6,15300.55,91803.3,30550.31
ORD-12182,2024-12-10,CUST-1382,Kiara Kumar,Consumer,West,Rajasthan,Electronics,Laptop,5,52157.86,260789.3,42012.41
ORD-11196,2024-12-10,CUST-1390,Rohan Kumar,Consumer,East,Odisha,Electronics,Smartphone,5,43952.17,219760.85,29044.74
ORD-12601,2024-12-10,CUST-1182,Vivaan Iyer,Consumer,North,Uttar Pradesh,Electronics,Smartphone,2,30386.81,60773.62,14895.98
ORD-10498,2024-12-10,CUST-1193,Saanvi Verma,Consumer,Central,Chhattisgarh,Electronics,Smartwatch,1,57541.79,57541.79,17901.24
ORD-11731,2024-12-11,CUST-1245,Aarav Menon,Corporate,North,Delhi,Electronics,Smartphone,5,4614.73,23073.65,6199.19
ORD-12315,2024-12-11,CUST-1357,Aarav Agarwal,Small Business,West,Goa,Clothing,T-Shirt,4,1107.9,4431.6,648.57
ORD-10728,2024-12-11,CUST-1120,Riya Singh,Consumer,East,Bihar,Home & Kitchen,Lamp,5,3632.87,18164.35,3648.46
ORD-11730,2024-12-11,CUST-1333,Krishna Bose,Consumer,West,Gujarat,Sports,Yoga Mat,3,2656.67,7970.01,984.52
ORD-10164,2024-12-12,CUST-1217,Diya Patel,Consumer,West,Maharashtra,Electronics,Smartphone,3,9691.41,29074.23,3865.31
ORD-12085,2024-12-12,CUST-1213,Reyansh Sharma,Small Business,Central,Madhya Pradesh,Electronics,Smartphone,7,24681.85,172772.95,28033.6
ORD-11004,2024-12-12,CUST-1191,Ananya Kapoor,Consumer,West,Goa,Home & Kitchen,Mixer Grinder,2,6620.85,13241.7,2903.23
ORD-12537,2024-12-12,CUST-1164,Arjun Agarwal,Small Business,North,Uttar Pradesh,Books,Self-Help,2,896.83,1793.66,371.52
ORD-12956,2024-12-13,CUST-1297,Vihaan Kapoor,Consumer,North,Delhi,Electronics,Headphones,2,29034.46,58068.92,11542.45
ORD-12752,2024-12-13,CUST-1385,Ananya Gupta,Consumer,East,Odisha,Clothing,Jacket,6,857.6,5145.6,1549.44
ORD-10521,2024-12-14,CUST-1281,Anika Patel,Consumer,East,West Bengal,Sports,Football,3,4467.09,13401.27,2023.86
ORD-10574,2024-12-14,CUST-1066,Anika Singh,Consumer,South,Karnataka,Clothing,Kurta,1,2348.49,2348.49,393.41
ORD-10959,2024-12-15,CUST-1305,Ananya Mehta,Small Business,North,Uttar Pradesh,Sports,Football,4,2064.89,8259.56,1658.26
ORD-11685,2024-12-15,CUST-1228,Ishita Agarwal,Small Business,South,Kerala,Home & Kitchen,Cookware Set,3,5333.69,16001.07,2484.2
ORD-11311,2024-12-15,CUST-1209,Vihaan Reddy,Small Business,East,West Bengal,Books,Self-Help,5,473.95,2369.75,512.46
ORD-11913,2024-12-15,CUST-1310,Myra Kumar,Consumer,East,West Bengal,Clothing,Saree,6,704.19,4225.14,1031.44
ORD-10254,2024-12-15,CUST-1049,Vivaan Pillai,Consumer,South,Tamil Nadu,Clothing,Jeans,6,631.95,3791.7,473.3
ORD-12239,2024-12-16,CUST-1383,Kiara Kumar,Small Business,South,Tamil Nadu,Clothing,Jeans,4,2786.92,11147.68,2275.73
ORD-11138,2024-12-16,CUST-1226,Ishaan Pillai,Consumer,South,Tamil Nadu,Clothing,Saree,2,667.43,1334.86,453.77
ORD-11120,2024-12-16,CUST-1045,Riya Gupta,Consumer,South,Karnataka,Electronics,Smartphone,6,40273.98,241643.88,31475.49
ORD-12979,2024-12-16,CUST-1051,Reyansh Pillai,Consumer,East,Jharkhand,Sports,Running Shoes,5,4062.18,20310.9,1987.38
ORD-11110,2024-12-17,CUST-1312,Kiara Singh,Consumer,Central,Chhattisgarh,Home & Kitchen,Cookware Set,7,678.49,4749.43,385.12
ORD-10368,2024-12-17,CUST-1278,Rohan Chopra,Corporate,West,Gujarat,Electronics,Smartphone,2,25034.96,50069.92,16764.42
ORD-11959,2024-12-17,CUST-1165,Vivaan Mehta,Consumer,South,Kerala,Sports,Football,3,3190.53,9571.59,1106.72
ORD-11914,2024-12-18,CUST-1394,Ishaan Pillai,Small Business,North,Delhi,Home & Kitchen,Mixer Grinder,5,5321.96,26609.8,8925.77
ORD-11183,2024-12-18,CUST-1025,Ishita Nair,Consumer,West,Goa,Clothing,Kurta,1,673.68,673.68,150.16
ORD-10477,2024-12-18,CUST-1288,Anika Rao,Consumer,Central,Chhattisgarh,Electronics,Laptop,5,12677.14,63385.7,19693.17
ORD-11630,2024-12-18,CUST-1235,Navya Rao,Corporate,West,Goa,Home & Kitchen,Air Fryer,7,7380.13,51660.91,7182.26
ORD-11673,2024-12-19,CUST-1054,Arjun Singh,Consumer,North,Uttar Pradesh,Home & Kitchen,Bedsheet,4,5846.03,23384.12,3495.68
ORD-12433,2024-12-19,CUST-1267,Ananya Kumar,Corporate,West,Maharashtra,Electronics,Smartphone,5,56708.7,283543.5,49016.84
ORD-12390,2024-12-20,CUST-1186,Diya Kumar,Consumer,South,Telangana,Sports,Yoga Mat,6,3047.09,18282.54,4057.67
ORD-11413,2024-12-20,CUST-1171,Ishita Nair,Consumer,North,Haryana,Clothing,Kurta,5,2759.92,13799.6,1249.24
ORD-11297,2024-12-20,CUST-1380,Kiara Sharma,Consumer,South,Kerala,Clothing,Jeans,2,2003.18,4006.36,1171.78
ORD-10143,2024-12-21,CUST-1296,Vihaan Patel,Small Business,North,Uttar Pradesh,Electronics,Laptop,6,14675.59,88053.54,7362.92
ORD-10415,2024-12-21,CUST-1021,Ishaan Bhatt,Consumer,North,Uttar Pradesh,Electronics,Laptop,2,41111.77,82223.54,16691.63
ORD-12309,2024-12-22,CUST-1292,Ishita Patel,Consumer,South,Tamil Nadu,Books,Textbook,2,285.06,570.12,76.73
ORD-10767,2024-12-22,CUST-1257,Ishita Singh,Corporate,South,Karnataka,Clothing,Saree,2,1000.47,2000.94,378.21
ORD-11521,2024-12-22,CUST-1129,Navya Iyer,Consumer,North,Haryana,Sports,Running Shoes,6,3965.63,23793.78,7852.0
ORD-12592,2024-12-22,CUST-1237,Aditya Kapoor,Corporate,South,Kerala,Home & Kitchen,Mixer Grinder,2,7670.61,15341.22,1515.21
ORD-11498,2024-12-23,CUST-1253,Saanvi Patel,Consumer,Central,Chhattisgarh,Home & Kitchen,Mixer Grinder,5,3193.78,15968.9,3865.93
ORD-11093,2024-12-23,CUST-1358,Rohan Gupta,Corporate,North,Punjab,Home & Kitchen,Mixer Grinder,7,4286.09,30002.63,5334.66
ORD-10407,2024-12-23,CUST-1370,Sai Nair,Corporate,West,Rajasthan,Clothing,T-Shirt,6,2756.11,16536.66,2851.69
ORD-11720,2024-12-23,CUST-1184,Navya Patel,Small Business,North,Punjab,Home & Kitchen,Cookware Set,6,1057.75,6346.5,1461.69
ORD-10035,2024-12-23,CUST-1027,Krishna Bhatt,Consumer,South,Telangana,Clothing,Jeans,4,1205.84,4823.36,921.39
ORD-10845,2024-12-23,CUST-1292,Arjun Kapoor,Corporate,North,Delhi,Electronics,Smartwatch,4,52088.87,208355.48,26777.25
ORD-12446,2024-12-24,CUST-1135,Vivaan Singh,Consumer,North,Punjab,Electronics,Smartphone,2,21822.84,43645.68,7647.06
ORD-10439,2024-12-24,CUST-1188,Navya Iyer,Small Business,South,Tamil Nadu,Clothing,T-Shirt,6,1138.85,6833.1,743.73
ORD-10922,2024-12-25,CUST-1011,Ishita Menon,Consumer,South,Telangana,Home & Kitchen,Lamp,4,3257.81,13031.24,1670.66
ORD-12919,2024-12-25,CUST-1358,Sai Rao,Corporate,East,Jharkhand,Electronics,Smartphone,1,41219.92,41219.92,8325.52
ORD-10867,2024-12-25,CUST-1388,Ishita Reddy,Consumer,Central,Chhattisgarh,Clothing,T-Shirt,1,2038.93,2038.93,410.27
ORD-11596,2024-12-26,CUST-1196,Rohan Pillai,Corporate,South,Telangana,Sports,Dumbbells,5,1089.38,5446.9,1789.29
ORD-11947,2024-12-26,CUST-1033,Vivaan Singh,Corporate,North,Punjab,Electronics,Tablet,1,36357.14,36357.14,4591.5
ORD-11283,2024-12-26,CUST-1352,Ishita Patel,Small Business,West,Rajasthan,Clothing,Kurta,4,998.68,3994.72,1103.63
ORD-10694,2024-12-27,CUST-1322,Myra Patel,Consumer,West,Maharashtra,Electronics,Headphones,1,2330.83,2330.83,472.82
ORD-11554,2024-12-27,CUST-1060,Navya Singh,Corporate,Central,Chhattisgarh,Books,Self-Help,4,563.9,2255.6,374.31
ORD-10432,2024-12-27,CUST-1243,Anika Nair,Consumer,North,Haryana,Books,Comics,3,753.84,2261.52,357.48
ORD-10373,2024-12-27,CUST-1340,Myra Singh,Consumer,East,Bihar,Books,Textbook,6,180.25,1081.5,223.34
ORD-12604,2024-12-28,CUST-1061,Anika Kapoor,Consumer,East,Bihar,Electronics,Smartwatch,1,2688.66,2688.66,589.28
ORD-10851,2024-12-28,CUST-1137,Krishna Bose,Consumer,North,Haryana,Sports,Football,6,1691.59,10149.54,2351.0
ORD-12926,2024-12-28,CUST-1187,Arjun Iyer,Small Business,East,Odisha,Electronics,Tablet,3,20771.08,62313.24,16583.7
ORD-12655,2024-12-28,CUST-1137,Myra Sharma,Consumer,East,Odisha,Clothing,Saree,4,2417.93,9671.72,1341.92
ORD-11930,2024-12-28,CUST-1351,Krishna Reddy,Consumer,West,Gujarat,Clothing,Saree,4,1698.75,6795.0,1455.42
ORD-12534,2024-12-29,CUST-1275,Diya Joshi,Consumer,South,Kerala,Sports,Football,2,2257.6,4515.2,922.57
ORD-12563,2024-12-29,CUST-1158,Kiara Verma,Corporate,North,Punjab,Electronics,Smartwatch,3,35051.93,105155.79,26087.56
ORD-12548,2024-12-29,CUST-1205,Kiara Menon,Consumer,West,Gujarat,Books,Fiction Novel,2,530.46,1060.92,329.66
ORD-11335,2024-12-29,CUST-1049,Krishna Menon,Consumer,East,Bihar,Electronics,Tablet,2,42095.44,84190.88,13909.65
ORD-10303,2024-12-29,CUST-1172,Riya Patel,Consumer,West,Maharashtra,Electronics,Smartwatch,3,12418.44,37255.32,11530.11
ORD-10066,2024-12-29,CUST-1114,Anika Bhatt,Small Business,North,Punjab,Home & Kitchen,Air Fryer,1,5287.74,5287.74,1615.04
ORD-12772,2024-12-30,CUST-1188,Saanvi Gupta,Consumer,South,Karnataka,Books,Self-Help,3,211.05,633.15,73.38
ORD-10828,2024-12-30,CUST-1392,Rohan Reddy,Small Business,South,Telangana,Electronics,Tablet,5,26699.53,133497.65,30899.13
ORD-12895,2024-12-31,CUST-1226,Kiara Menon,Small Business,Central,Chhattisgarh,Electronics,Smartwatch,5,5532.58,27662.9,4692.73
ORD-10245,2024-12-31,CUST-1330,Vivaan Nair,Small Business,West,Goa,Home & Kitchen,Lamp,1,1302.39,1302.39,367.29
ORD-11860,2025-01-01,CUST-1314,Aditya Rao,Consumer,Central,Madhya Pradesh,Electronics,Smartwatch,6,4036.75,31486.65,7725.62
ORD-11692,2025-01-01,CUST-1016,Aarav Kapoor,Consumer,East,Odisha,Sports,Yoga Mat,2,4011.63,10430.24,2676.7
ORD-10899,2025-01-01,CUST-1107,Kiara Patel,Small Business,Central,Madhya Pradesh,Clothing,Kurta,5,2135.25,13879.12,4374.8
ORD-12614,2025-01-02,CUST-1274,Vihaan Iyer,Consumer,East,Jharkhand,Clothing,T-Shirt,7,1167.74,10626.43,1129.67
ORD-11430,2025-01-02,CUST-1189,Diya Gupta,Consumer,North,Delhi,Sports,Cricket Bat,5,1948.94,12668.11,2502.89
ORD-11504,2025-01-02,CUST-1270,Anika Reddy,Small Business,North,Uttar Pradesh,Electronics,Tablet,5,35850.71,233029.61,52969.91
ORD-10240,2025-01-02,CUST-1191,Arjun Menon,Consumer,West,Rajasthan,Home & Kitchen,Bedsheet,4,2042.82,10622.66,3454.72
ORD-10662,2025-01-04,CUST-1368,Vivaan Verma,Consumer,North,Punjab,Clothing,T-Shirt,2,817.84,2126.38,705.56
ORD-11347,2025-01-04,CUST-1238,Rohan Verma,Small Business,South,Tamil Nadu,Home & Kitchen,Bedsheet,4,4200.91,21844.73,2399.92
ORD-11231,2025-01-04,CUST-1349,Reyansh Malhotra,Consumer,West,Goa,Home & Kitchen,Cookware Set,1,760.88,989.14,270.78
ORD-10571,2025-01-04,CUST-1215,Ananya Agarwal,Consumer,South,Tamil Nadu,Home & Kitchen,Bedsheet,4,6015.86,31282.47,6572.04
ORD-11994,2025-01-05,CUST-1032,Saanvi Sharma,Small Business,South,Telangana,Home & Kitchen,Lamp,1,1355.25,1761.83,348.95
ORD-10098,2025-01-05,CUST-1354,Kiara Sharma,Consumer,South,Karnataka,Electronics,Tablet,2,43375.76,112776.98,14532.87
ORD-12090,2025-01-05,CUST-1203,Aadhya Bose,Consumer,West,Gujarat,Home & Kitchen,Lamp,4,2777.5,14443.0,2444.95
ORD-11162,2025-01-05,CUST-1362,Arjun Patel,Small Business,South,Kerala,Electronics,Laptop,5,5584.25,36297.62,10320.52
ORD-11142,2025-01-05,CUST-1225,Sai Chopra,Small Business,North,Uttar Pradesh,Clothing,Jeans,7,837.25,7618.98,842.92
ORD-10300,2025-01-06,CUST-1082,Aditya Agarwal,Consumer,East,Jharkhand,Books,Textbook,6,868.22,6772.12,1482.45
ORD-10154,2025-01-06,CUST-1363,Vivaan Bose,Small Business,Central,Chhattisgarh,Home & Kitchen,Bedsheet,4,6662.49,34644.95,5057.19
ORD-10385,2025-01-06,CUST-1197,Navya Bose,Consumer,South,Tamil Nadu,Sports,Running Shoes,1,3019.15,3924.9,401.5
ORD-11341,2025-01-07,CUST-1383,Krishna Joshi,Small Business,West,Rajasthan,Books,Textbook,7,401.16,3650.56,748.78
ORD-10616,2025-01-07,CUST-1169,Ananya Reddy,Small Business,South,Telangana,Electronics,Tablet,7,20180.04,183638.36,56647.36
ORD-12241,2025-01-08,CUST-1070,Vivaan Joshi,Corporate,West,Maharashtra,Clothing,Jacket,1,3468.8,4509.44,1497.33
ORD-10037,2025-01-08,CUST-1097,Anika Rao,Corporate,West,Goa,Sports,Yoga Mat,1,4120.63,5356.82,1874.48
ORD-12245,2025-01-08,CUST-1296,Aadhya Chopra,Corporate,South,Telangana,Electronics,Smartwatch,4,20370.82,105928.26,22900.69
ORD-11746,2025-01-08,CUST-1057,Sai Kumar,Consumer,East,Bihar,Books,Fiction Novel,3,472.62,1843.22,416.08
ORD-10420,2025-01-08,CUST-1028,Navya Malhotra,Consumer,Central,Madhya Pradesh,Sports,Cricket Bat,3,2268.97,8848.98,1937.32
ORD-11118,2025-01-09,CUST-1306,Anika Verma,Consumer,West,Maharashtra,Books,Comics,4,516.6,2686.32,495.92
ORD-12766,2025-01-09,CUST-1365,Ishita Bose,Consumer,East,Jharkhand,Clothing,Kurta,1,1877.22,2440.39,687.79
ORD-10892,2025-01-09,CUST-1287,Ishita Verma,Small Business,Central,Madhya Pradesh,Electronics,Laptop,2,9999.57,25998.88,2432.39
ORD-10961,2025-01-09,CUST-1188,Sai Agarwal,Corporate,West,Gujarat,Electronics,Smartphone,7,16848.62,153322.44,18101.93
ORD-11841,2025-01-10,CUST-1116,Ishaan Kumar,Consumer,South,Kerala,Home & Kitchen,Cookware Set,1,7377.31,9590.5,769.18
ORD-10077,2025-01-10,CUST-1072,Aarav Joshi,Consumer,South,Telangana,Home & Kitchen,Lamp,7,2215.08,20157.23,2099.19
ORD-11146,2025-01-10,CUST-1082,Saanvi Malhotra,Consumer,South,Tamil Nadu,Electronics,Tablet,1,6445.79,8379.53,844.27
ORD-12044,2025-01-11,CUST-1101,Sai Rao,Consumer,South,Telangana,Electronics,Smartphone,4,7210.1,37492.52,7216.62
ORD-12407,2025-01-11,CUST-1209,Sai Rao,Consumer,West,Rajasthan,Books,Biography,6,370.2,2887.56,285.34
ORD-10566,2025-01-11,CUST-1352,Arjun Verma,Consumer,South,Kerala,Electronics,Smartphone,7,54497.72,495929.25,137097.86
ORD-11444,2025-01-11,CUST-1082,Myra Reddy,Consumer,South,Telangana,Electronics,Tablet,3,36827.88,143628.73,45508.03
ORD-10826,2025-01-12,CUST-1385,Ishita Patel,Consumer,South,Kerala,Home & Kitchen,Cookware Set,5,5585.47,36305.56,4794.39
ORD-11415,2025-01-12,CUST-1060,Aditya Reddy,Corporate,East,Odisha,Electronics,Laptop,4,27513.05,143067.86,40229.39
ORD-12102,2025-01-12,CUST-1284,Aditya Verma,Corporate,West,Goa,Home & Kitchen,Air Fryer,1,7810.56,10153.73,1748.01
ORD-10857,2025-01-12,CUST-1381,Aarav Verma,Corporate,Central,Chhattisgarh,Electronics,Smartwatch,5,35699.59,232047.33,62514.12
ORD-11112,2025-01-13,CUST-1201,Anika Nair,Corporate,West,Maharashtra,Electronics,Tablet,2,55335.87,143873.26,38097.82
ORD-12267,2025-01-13,CUST-1361,Ananya Rao,Consumer,North,Uttar Pradesh,Home & Kitchen,Air Fryer,7,6608.54,60137.71,17323.34
ORD-10854,2025-01-13,CUST-1248,Vivaan Rao,Consumer,South,Tamil Nadu,Electronics,Smartwatch,5,46738.56,303800.64,98908.28
ORD-11085,2025-01-14,CUST-1040,Anika Sharma,Small Business,North,Uttar Pradesh,Books,Textbook,6,729.85,5692.83,1809.87
ORD-12935,2025-01-14,CUST-1000,Riya Bose,Small Business,East,Bihar,Books,Biography,7,535.31,4871.32,892.17
ORD-11244,2025-01-14,CUST-1276,Aarav Kumar,Small Business,North,Delhi,Clothing,Jacket,1,2980.76,3874.99,394.04
ORD-11421,2025-01-14,CUST-1116,Ananya Malhotra,Small Business,Central,Madhya Pradesh,Home & Kitchen,Mixer Grinder,1,1580.86,2055.12,299.96
ORD-11310,2025-01-14,CUST-1047,Vivaan Menon,Consumer,South,Kerala,Electronics,Smartphone,6,16001.97,124815.37,37471.61
ORD-11898,2025-01-14,CUST-1167,Rohan Malhotra,Consumer,West,Gujarat,Home & Kitchen,Cookware Set,7,1467.95,13358.34,3133.63
ORD-10954,2025-01-15,CUST-1373,Riya Pillai,Consumer,East,Odisha,Clothing,Jeans,6,3203.5,24987.3,6259.8
ORD-11953,2025-01-15,CUST-1364,Vivaan Bhatt,Consumer,South,Kerala,Home & Kitchen,Mixer Grinder,7,707.01,6433.79,2098.58
ORD-12900,2025-01-15,CUST-1025,Vihaan Menon,Consumer,West,Gujarat,Home & Kitchen,Lamp,7,6659.9,60605.09,11142.32
ORD-11356,2025-01-16,CUST-1080,Vivaan Singh,Consumer,South,Telangana,Home & Kitchen,Lamp,4,7345.87,38198.52,7857.01
ORD-10938,2025-01-16,CUST-1162,Kiara Pillai,Consumer,South,Tamil Nadu,Clothing,Jeans,2,2980.23,7748.6,944.82
ORD-10615,2025-01-16,CUST-1258,Aarav Iyer,Consumer,North,Uttar Pradesh,Clothing,Saree,4,2287.04,11892.61,3478.37
ORD-11557,2025-01-16,CUST-1142,Sai Rao,Corporate,East,West Bengal,Sports,Cricket Bat,3,2566.59,10009.7,1337.68
ORD-12156,2025-01-17,CUST-1000,Diya Joshi,Corporate,East,Odisha,Electronics,Smartphone,1,10946.63,14230.62,2259.41
ORD-10838,2025-01-17,CUST-1270,Saanvi Nair,Corporate,South,Kerala,Books,Textbook,1,263.32,342.32,51.2
ORD-12565,2025-01-17,CUST-1166,Aarav Chopra,Consumer,Central,Madhya Pradesh,Sports,Cricket Bat,5,1915.3,12449.45,3173.84
ORD-12265,2025-01-18,CUST-1021,Diya Rao,Consumer,South,Karnataka,Clothing,T-Shirt,4,3011.22,15658.34,4449.02
ORD-10437,2025-01-18,CUST-1213,Anika Kumar,Corporate,East,Jharkhand,Clothing,Jeans,1,2886.97,3753.06,593.23
ORD-12630,2025-01-18,CUST-1215,Aarav Rao,Corporate,East,West Bengal,Electronics,Smartphone,4,40621.78,211233.26,53730.54
ORD-10989,2025-01-18,CUST-1071,Myra Bose,Consumer,North,Haryana,Clothing,Saree,2,1790.43,4655.12,966.43
ORD-12183,2025-01-19,CUST-1131,Riya Kapoor,Consumer,West,Gujarat,Clothing,Kurta,2,555.26,1443.68,209.22
ORD-12588,2025-01-19,CUST-1078,Aditya Malhotra,Consumer,South,Karnataka,Electronics,Tablet,3,55430.37,216178.44,17838.87
ORD-11098,2025-01-19,CUST-1157,Kiara Gupta,Consumer,East,Bihar,Electronics,Smartwatch,5,13329.58,86642.27,11422.34
ORD-11571,2025-01-19,CUST-1191,Vihaan Singh,Corporate,North,Punjab,Electronics,Headphones,5,14151.0,91981.5,8176.47
ORD-12745,2025-01-19,CUST-1366,Navya Verma,Consumer,South,Karnataka,Clothing,Saree,4,669.36,3480.67,1051.59
ORD-11254,2025-01-19,CUST-1318,Sai Kumar,Corporate,North,Delhi,Electronics,Smartphone,1,41711.52,54224.98,11560.16
ORD-12759,2025-01-20,CUST-1194,Ananya Malhotra,Consumer,East,West Bengal,Home & Kitchen,Lamp,4,5890.97,30633.04,7679.46
ORD-10297,2025-01-20,CUST-1279,Ishita Reddy,Corporate,West,Gujarat,Clothing,Kurta,5,678.62,4411.03,837.12
ORD-12109,2025-01-20,CUST-1218,Aditya Malhotra,Small Business,North,Punjab,Electronics,Smartphone,3,47613.92,185694.29,64477.98
ORD-10090,2025-01-21,CUST-1014,Ishita Joshi,Small Business,West,Goa,Electronics,Smartwatch,1,1572.06,2043.68,287.95
ORD-12118,2025-01-21,CUST-1053,Navya Sharma,Consumer,West,Maharashtra,Books,Fiction Novel,6,373.72,2915.02,853.28
ORD-10706,2025-01-21,CUST-1319,Myra Mehta,Small Business,East,Jharkhand,Clothing,Kurta,6,2391.52,18653.86,3212.32
ORD-11319,2025-01-21,CUST-1396,Ishaan Reddy,Consumer,West,Goa,Electronics,Smartwatch,6,55699.79,434458.36,58369.84
ORD-11693,2025-01-22,CUST-1296,Vivaan Joshi,Consumer,South,Kerala,Home & Kitchen,Cookware Set,2,614.34,1597.28,525.22
ORD-12133,2025-01-22,CUST-1210,Ananya Rao,Consumer,West,Rajasthan,Clothing,Kurta,4,2999.53,15597.56,2286.07
ORD-12240,2025-01-22,CUST-1397,Aarav Rao,Consumer,East,Jharkhand,Clothing,Saree,6,2509.04,19570.51,3424.07
ORD-10280,2025-01-22,CUST-1170,Krishna Bose,Corporate,South,Telangana,Clothing,Jeans,7,1083.38,9858.76,2480.09
ORD-11407,2025-01-23,CUST-1283,Vivaan Nair,Corporate,West,Maharashtra,Clothing,Kurta,6,1090.68,8507.3,1500.59
ORD-11461,2025-01-23,CUST-1248,Rohan Rao,Consumer,Central,Chhattisgarh,Clothing,Jeans,5,559.22,3634.93,655.77
ORD-11827,2025-01-23,CUST-1268,Rohan Reddy,Corporate,West,Rajasthan,Sports,Yoga Mat,6,746.94,5826.13,847.36
ORD-12547,2025-01-24,CUST-1297,Aditya Bhatt,Consumer,West,Gujarat,Electronics,Smartphone,6,45155.38,352211.96,96252.35
ORD-12608,2025-01-24,CUST-1037,Krishna Malhotra,Consumer,South,Kerala,Sports,Dumbbells,1,1790.25,2327.33,712.38
ORD-11397,2025-01-25,CUST-1333,Ananya Iyer,Consumer,West,Goa,Books,Comics,5,737.57,4794.21,417.65
ORD-10536,2025-01-25,CUST-1336,Myra Menon,Corporate,East,West Bengal,Electronics,Smartwatch,3,2575.29,10043.63,2075.42
ORD-12222,2025-01-25,CUST-1187,Aadhya Bhatt,Small Business,Central,Madhya Pradesh,Electronics,Laptop,3,48514.41,189206.2,51896.74
ORD-11950,2025-01-26,CUST-1211,Navya Singh,Consumer,East,Jharkhand,Books,Biography,6,735.44,5736.43,761.03
ORD-10383,2025-01-26,CUST-1144,Anika Iyer,Corporate,North,Delhi,Electronics,Tablet,5,2637.71,17145.11,2715.25
ORD-11466,2025-01-26,CUST-1036,Ishita Iyer,Consumer,Central,Chhattisgarh,Clothing,Kurta,5,1982.32,12885.08,3096.72
ORD-11751,2025-01-26,CUST-1135,Vihaan Kumar,Corporate,South,Karnataka,Books,Textbook,2,218.52,568.15,111.77
ORD-10589,2025-01-27,CUST-1252,Arjun Singh,Corporate,East,Odisha,Sports,Running Shoes,1,2193.05,2850.97,255.95
ORD-12856,2025-01-27,CUST-1178,Aditya Nair,Consumer,North,Haryana,Home & Kitchen,Air Fryer,3,5504.43,21467.28,2463.45
ORD-11526,2025-01-27,CUST-1034,Rohan Chopra,Corporate,East,Odisha,Books,Textbook,5,649.78,4223.57,559.67
ORD-11156,2025-01-27,CUST-1322,Aditya Sharma,Small Business,South,Tamil Nadu,Books,Comics,1,150.25,195.33,17.17
ORD-12566,2025-01-28,CUST-1152,Aarav Singh,Consumer,East,Odisha,Clothing,Kurta,5,2775.44,18040.36,2570.09
ORD-11208,2025-01-28,CUST-1209,Vihaan Gupta,Consumer,East,Jharkhand,Electronics,Headphones,3,16853.21,65727.52,11899.14
ORD-11765,2025-01-28,CUST-1390,Ishaan Gupta,Consumer,East,West Bengal,Sports,Yoga Mat,2,4710.63,12247.64,4228.14
ORD-12008,2025-01-28,CUST-1390,Kiara Rao,Small Business,Central,Madhya Pradesh,Clothing,Jacket,2,2644.65,6876.09,963.28
ORD-10932,2025-01-28,CUST-1388,Diya Reddy,Small Business,South,Kerala,Electronics,Laptop,1,35104.37,45635.68,15573.85
ORD-10526,2025-01-29,CUST-1138,Saanvi Iyer,Corporate,South,Tamil Nadu,Electronics,Laptop,3,12639.19,49292.84,6491.98
ORD-11197,2025-01-29,CUST-1277,Ananya Nair,Small Business,North,Punjab,Clothing,T-Shirt,3,3490.13,13611.51,1902.47
ORD-11105,2025-01-29,CUST-1276,Ishaan Sharma,Consumer,East,Odisha,Home & Kitchen,Mixer Grinder,6,6866.0,53554.8,5226.76
ORD-12490,2025-01-30,CUST-1141,Kiara Chopra,Consumer,Central,Chhattisgarh,Clothing,Jeans,7,1332.45,12125.3,4091.37
ORD-10619,2025-01-30,CUST-1013,Anika Bose,Consumer,North,Uttar Pradesh,Sports,Running Shoes,2,4192.6,10900.76,1373.97
ORD-11967,2025-01-30,CUST-1336,Ishaan Rao,Corporate,South,Kerala,Sports,Running Shoes,5,3273.09,21275.09,4176.13
ORD-10134,2025-01-31,CUST-1257,Ananya Rao,Consumer,North,Punjab,Books,Comics,5,516.3,3355.95,578.71
ORD-11269,2025-01-31,CUST-1070,Arjun Kumar,Consumer,East,Jharkhand,Books,Biography,2,159.73,415.3,37.82
ORD-12412,2025-01-31,CUST-1294,Vivaan Kumar,Small Business,Central,Chhattisgarh,Electronics,Smartwatch,4,52497.84,272988.77,89337.98
ORD-10075,2025-01-31,CUST-1033,Aditya Mehta,Consumer,East,Jharkhand,Clothing,Kurta,6,974.97,7604.77,627.86
ORD-11796,2025-01-31,CUST-1270,Rohan Menon,Consumer,West,Rajasthan,Clothing,T-Shirt,3,2195.13,8561.01,1944.75
ORD-10862,2025-01-31,CUST-1268,Anika Reddy,Corporate,West,Maharashtra,Clothing,Jeans,6,2792.16,21778.85,7128.01
ORD-11184,2025-01-31,CUST-1321,Rohan Pillai,Consumer,South,Tamil Nadu,Home & Kitchen,Lamp,4,3154.17,16401.68,2681.97
ORD-11565,2025-02-02,CUST-1327,Aditya Reddy,Consumer,South,Kerala,Sports,Football,3,1181.15,3543.45,1076.28
ORD-12117,2025-02-02,CUST-1371,Aadhya Sharma,Consumer,West,Gujarat,Sports,Dumbbells,4,2559.14,10236.56,3017.58
ORD-11879,2025-02-02,CUST-1244,Kiara Pillai,Consumer,Central,Madhya Pradesh,Clothing,Jacket,2,1472.68,2945.36,825.01
ORD-11704,2025-02-02,CUST-1355,Vivaan Verma,Corporate,Central,Madhya Pradesh,Home & Kitchen,Air Fryer,3,2834.65,8503.95,1160.62
ORD-11480,2025-02-03,CUST-1330,Aadhya Singh,Consumer,West,Gujarat,Electronics,Smartphone,2,55430.9,110861.8,27577.56
ORD-11963,2025-02-03,CUST-1125,Aarav Bhatt,Corporate,West,Goa,Books,Fiction Novel,2,362.82,725.64,114.45
ORD-11237,2025-02-03,CUST-1072,Navya Chopra,Consumer,North,Punjab,Home & Kitchen,Air Fryer,3,2751.22,8253.66,1153.31
ORD-12129,2025-02-03,CUST-1287,Ananya Malhotra,Consumer,East,Jharkhand,Home & Kitchen,Cookware Set,3,5480.28,16440.84,3717.22
ORD-11284,2025-02-04,CUST-1390,Arjun Joshi,Consumer,North,Uttar Pradesh,Clothing,Kurta,7,1654.26,11579.82,3313.01
ORD-10086,2025-02-04,CUST-1284,Aadhya Bose,Small Business,East,West Bengal,Electronics,Headphones,4,45354.63,181418.52,30364.88
ORD-10141,2025-02-04,CUST-1123,Kiara Joshi,Corporate,East,Jharkhand,Books,Textbook,3,574.16,1722.48,214.67
ORD-11175,2025-02-04,CUST-1022,Riya Iyer,Corporate,West,Rajasthan,Home & Kitchen,Air Fryer,7,5064.37,35450.59,8240.05
ORD-11286,2025-02-04,CUST-1304,Saanvi Sharma,Consumer,West,Rajasthan,Electronics,Headphones,2,59677.25,119354.5,15149.22
ORD-12970,2025-02-05,CUST-1041,Aarav Patel,Consumer,West,Maharashtra,Home & Kitchen,Bedsheet,1,675.25,675.25,88.42
ORD-10074,2025-02-05,CUST-1130,Saanvi Verma,Corporate,East,Bihar,Electronics,Headphones,5,32520.51,162602.55,36645.48
ORD-11803,2025-02-05,CUST-1104,Ishaan Kapoor,Consumer,North,Punjab,Electronics,Smartwatch,1,16358.27,16358.27,1870.66
ORD-10391,2025-02-05,CUST-1034,Krishna Menon,Corporate,North,Haryana,Clothing,Jacket,2,1478.96,2957.92,492.99
ORD-12163,2025-02-06,CUST-1161,Anika Sharma,Small Business,South,Tamil Nadu,Clothing,Kurta,5,1319.19,6595.95,1134.36
ORD-10453,2025-02-06,CUST-1254,Riya Menon,Consumer,West,Rajasthan,Clothing,Jeans,4,2992.5,11970.0,1463.76
ORD-10561,2025-02-06,CUST-1280,Riya Bhatt,Consumer,West,Gujarat,Electronics,Smartwatch,4,44885.81,179543.24,20577.59
ORD-12247,2025-02-06,CUST-1049,Riya Agarwal,Small Business,North,Haryana,Home & Kitchen,Lamp,4,4042.0,16168.0,2602.27
ORD-11878,2025-02-06,CUST-1354,Riya Bose,Corporate,West,Gujarat,Home & Kitchen,Lamp,7,4916.39,34414.73,5705.93
ORD-10043,2025-02-06,CUST-1132,Sai Sharma,Consumer,West,Gujarat,Electronics,Tablet,1,22325.5,22325.5,2342.36
ORD-12329,2025-02-06,CUST-1278,Kiara Iyer,Consumer,East,Jharkhand,Electronics,Smartphone,5,58309.88,291549.4,59374.06
ORD-10206,2025-02-07,CUST-1277,Aarav Agarwal,Consumer,North,Punjab,Books,Fiction Novel,2,689.37,1378.74,269.44
ORD-10219,2025-02-07,CUST-1321,Rohan Agarwal,Small Business,South,Tamil Nadu,Sports,Cricket Bat,6,3036.26,18217.56,2463.0
ORD-11845,2025-02-07,CUST-1192,Ishaan Pillai,Consumer,South,Telangana,Electronics,Headphones,3,8716.29,26148.87,5047.09
ORD-10890,2025-02-08,CUST-1253,Riya Bhatt,Consumer,North,Uttar Pradesh,Home & Kitchen,Bedsheet,5,1551.54,7757.7,2062.71
ORD-10511,2025-02-08,CUST-1351,Aditya Pillai,Small Business,South,Telangana,Electronics,Laptop,1,48024.34,48024.34,9907.04
ORD-12162,2025-02-08,CUST-1085,Ishaan Sharma,Consumer,South,Telangana,Books,Biography,1,624.12,624.12,214.67
ORD-12069,2025-02-09,CUST-1236,Myra Pillai,Consumer,South,Tamil Nadu,Clothing,T-Shirt,7,640.91,4486.37,1153.11
ORD-10727,2025-02-09,CUST-1106,Aarav Menon,Small Business,South,Karnataka,Sports,Football,5,961.62,4808.1,676.61
ORD-11389,2025-02-09,CUST-1290,Vivaan Singh,Small Business,East,Odisha,Electronics,Headphones,7,45437.78,318064.46,27332.97
ORD-12792,2025-02-09,CUST-1124,Rohan Agarwal,Small Business,West,Maharashtra,Electronics,Smartphone,2,9536.03,19072.06,3201.4
ORD-11188,2025-02-09,CUST-1201,Ishita Mehta,Consumer,West,Gujarat,Electronics,Tablet,2,42015.78,84031.56,27293.5
ORD-12921,2025-02-09,CUST-1371,Vihaan Rao,Corporate,North,Punjab,Clothing,T-Shirt,1,1596.81,1596.81,552.47
ORD-12057,2025-02-10,CUST-1149,Saanvi Nair,Consumer,South,Tamil Nadu,Clothing,Saree,7,2540.16,17781.12,5505.45
ORD-11012,2025-02-10,CUST-1148,Aditya Bhatt,Consumer,North,Delhi,Sports,Running Shoes,5,1281.09,6405.45,2145.52
ORD-10695,2025-02-11,CUST-1285,Saanvi Joshi,Consumer,West,Gujarat,Clothing,Jeans,2,570.62,1141.24,334.09
ORD-11671,2025-02-11,CUST-1238,Anika Kapoor,Small Business,West,Maharashtra,Clothing,Jacket,7,697.94,4885.58,1010.03
ORD-10144,2025-02-11,CUST-1335,Aadhya Mehta,Consumer,North,Punjab,Electronics,Headphones,6,26589.88,159539.28,14766.18
ORD-10803,2025-02-11,CUST-1386,Aditya Chopra,Consumer,West,Maharashtra,Sports,Yoga Mat,4,442.87,1771.48,349.12
ORD-11055,2025-02-11,CUST-1278,Anika Kapoor,Consumer,Central,Madhya Pradesh,Clothing,T-Shirt,6,2194.51,13167.06,4031.37
ORD-12084,2025-02-12,CUST-1077,Saanvi Malhotra,Corporate,South,Karnataka,Clothing,Jacket,1,1276.39,1276.39,157.17
ORD-11298,2025-02-12,CUST-1324,Anika Mehta,Consumer,West,Goa,Sports,Running Shoes,3,2997.38,8992.14,1758.83
ORD-12456,2025-02-12,CUST-1102,Reyansh Verma,Small Business,South,Tamil Nadu,Clothing,Kurta,1,1171.86,1171.86,396.28
ORD-12012,2025-02-12,CUST-1354,Rohan Verma,Corporate,West,Rajasthan,Home & Kitchen,Cookware Set,2,2350.91,4701.82,784.48
ORD-11198,2025-02-12,CUST-1062,Myra Kapoor,Consumer,Central,Chhattisgarh,Home & Kitchen,Mixer Grinder,7,3370.09,23590.63,3612.65
ORD-12590,2025-02-13,CUST-1356,Ishaan Nair,Consumer,North,Punjab,Electronics,Smartphone,1,41668.96,41668.96,9727.69
ORD-11180,2025-02-13,CUST-1109,Sai Chopra,Consumer,Central,Chhattisgarh,Electronics,Laptop,5,56341.83,281709.15,71737.87
ORD-11048,2025-02-13,CUST-1280,Aarav Gupta,Small Business,Central,Chhattisgarh,Clothing,Jeans,5,3144.38,15721.9,5223.16
ORD-12946,2025-02-13,CUST-1002,Ishaan Verma,Consumer,West,Rajasthan,Sports,Football,4,1003.32,4013.28,650.78
ORD-12995,2025-02-14,CUST-1208,Kiara Malhotra,Consumer,Central,Madhya Pradesh,Electronics,Smartwatch,7,50531.67,353721.69,47185.59
ORD-11872,2025-02-14,CUST-1210,Aadhya Singh,Consumer,South,Tamil Nadu,Electronics,Headphones,6,33468.71,200812.26,18056.42
ORD-12617,2025-02-14,CUST-1381,Aarav Gupta,Corporate,East,Bihar,Electronics,Tablet,7,34448.4,241138.8,26612.18
ORD-12785,2025-02-14,CUST-1327,Aditya Mehta,Consumer,North,Uttar Pradesh,Electronics,Laptop,6,30884.44,185306.64,28359.42
ORD-11145,2025-02-14,CUST-1125,Ishaan Gupta,Consumer,North,Punjab,Sports,Dumbbells,3,3412.0,10236.0,1255.4
ORD-12863,2025-02-14,CUST-1295,Rohan Singh,Corporate,West,Goa,Home & Kitchen,Cookware Set,7,7361.22,51528.54,4467.16
ORD-11552,2025-02-15,CUST-1269,Aarav Kumar,Small Business,West,Rajasthan,Electronics,Tablet,3,54423.4,163270.2,45187.57
ORD-10446,2025-02-15,CUST-1305,Myra Pillai,Small Business,West,Maharashtra,Home & Kitchen,Air Fryer,7,4218.24,29527.68,2808.09
ORD-11423,2025-02-16,CUST-1111,Krishna Kapoor,Small Business,East,Odisha,Electronics,Headphones,4,22786.3,91145.2,21814.39
ORD-12101,2025-02-16,CUST-1235,Sai Kapoor,Consumer,West,Maharashtra,Sports,Yoga Mat,1,4817.65,4817.65,818.26
ORD-10311,2025-02-16,CUST-1038,Reyansh Kapoor,Corporate,North,Haryana,Books,Comics,1,622.57,622.57,181.5
ORD-11511,2025-02-16,CUST-1305,Kiara Kumar,Consumer,East,Bihar,Sports,Cricket Bat,7,2015.33,14107.31,2270.0
ORD-12984,2025-02-16,CUST-1358,Rohan Gupta,Consumer,North,Uttar Pradesh,Electronics,Headphones,4,8893.42,35573.68,9014.96
ORD-12633,2025-02-17,CUST-1049,Navya Menon,Small Business,East,Odisha,Home & Kitchen,Cookware Set,6,5906.67,35440.02,8360.46
ORD-10999,2025-02-17,CUST-1379,Kiara Verma,Consumer,South,Telangana,Sports,Dumbbells,3,943.34,2830.02,751.8
ORD-11096,2025-02-17,CUST-1323,Saanvi Menon,Consumer,South,Tamil Nadu,Electronics,Headphones,3,35543.7,106631.1,17316.12
ORD-12075,2025-02-18,CUST-1092,Myra Chopra,Corporate,East,Odisha,Electronics,Tablet,2,30797.8,61595.6,13880.69
ORD-12048,2025-02-18,CUST-1124,Aadhya Rao,Small Business,North,Punjab,Home & Kitchen,Mixer Grinder,3,799.09,2397.27,203.45
ORD-10032,2025-02-18,CUST-1125,Riya Reddy,Consumer,East,Jharkhand,Home & Kitchen,Air Fryer,3,4828.9,14486.7,4377.21
ORD-12435,2025-02-18,CUST-1154,Ishita Mehta,Consumer,South,Karnataka,Sports,Cricket Bat,2,1035.25,2070.5,414.38
ORD-12682,2025-02-20,CUST-1388,Krishna Mehta,Corporate,Central,Chhattisgarh,Electronics,Headphones,2,14955.72,29911.44,9533.87
ORD-12040,2025-02-20,CUST-1165,Ishaan Menon,Corporate,West,Rajasthan,Sports,Football,1,402.47,402.47,59.96
ORD-11435,2025-02-20,CUST-1262,Vihaan Rao,Small Business,West,Gujarat,Home & Kitchen,Air Fryer,6,6527.96,39167.76,3648.64
ORD-10604,2025-02-20,CUST-1170,Aadhya Kapoor,Corporate,West,Rajasthan,Home & Kitchen,Cookware Set,4,2060.12,8240.48,1840.36
ORD-11873,2025-02-21,CUST-1314,Riya Patel,Corporate,West,Gujarat,Electronics,Tablet,7,40209.57,281466.99,46308.44
ORD-11710,2025-02-22,CUST-1266,Reyansh Sharma,Corporate,West,Gujarat,Home & Kitchen,Air Fryer,5,7852.73,39263.65,5172.96
ORD-11351,2025-02-22,CUST-1133,Ananya Agarwal,Consumer,West,Gujarat,Clothing,Jeans,3,3335.8,10007.4,2750.51
ORD-12287,2025-02-22,CUST-1145,Reyansh Iyer,Consumer,South,Tamil Nadu,Clothing,Jacket,6,1172.71,7036.26,2187.63
ORD-10456,2025-02-22,CUST-1151,Aditya Joshi,Corporate,Central,Madhya Pradesh,Clothing,Kurta,2,2827.06,5654.12,1036.05
ORD-12110,2025-02-22,CUST-1249,Navya Agarwal,Small Business,West,Maharashtra,Clothing,T-Shirt,4,1697.95,6791.8,1077.14
ORD-10323,2025-02-22,CUST-1133,Ishaan Sharma,Consumer,South,Tamil Nadu,Electronics,Tablet,7,19215.55,134508.85,23466.51
ORD-11038,2025-02-22,CUST-1111,Ishaan Chopra,Small Business,Central,Chhattisgarh,Clothing,Jacket,4,936.66,3746.64,709.32
ORD-10720,2025-02-23,CUST-1079,Kiara Rao,Consumer,West,Maharashtra,Sports,Football,7,4234.0,29638.0,3002.43
ORD-12724,2025-02-23,CUST-1272,Riya Chopra,Small Business,Central,Madhya Pradesh,Clothing,Kurta,6,684.76,4108.56,407.29
ORD-11092,2025-02-23,CUST-1085,Diya Joshi,Consumer,East,Bihar,Books,Self-Help,5,192.88,964.4,225.32
ORD-10801,2025-02-23,CUST-1206,Aditya Rao,Consumer,East,Bihar,Electronics,Headphones,6,31122.73,186736.38,20245.08
ORD-11387,2025-02-23,CUST-1134,Rohan Joshi,Corporate,South,Karnataka,Sports,Cricket Bat,4,2389.53,9558.12,1630.59
ORD-12431,2025-02-24,CUST-1048,Ishaan Mehta,Consumer,East,Bihar,Books,Biography,1,723.41,723.41,96.62
ORD-12985,2025-02-24,CUST-1212,Navya Pillai,Small Business,Central,Madhya Pradesh,Sports,Dumbbells,7,2464.17,17249.19,1548.36
ORD-10457,2025-02-24,CUST-1365,Aarav Bose,Small Business,South,Telangana,Clothing,Kurta,4,1381.01,5524.04,911.09
ORD-11374,2025-02-24,CUST-1199,Reyansh Agarwal,Small Business,West,Maharashtra,Home & Kitchen,Cookware Set,2,6596.85,13193.7,3915.48
ORD-10967,2025-02-24,CUST-1140,Diya Agarwal,Consumer,South,Tamil Nadu,Electronics,Laptop,4,52785.75,211143.0,39952.52
ORD-10482,2025-02-25,CUST-1359,Ishaan Verma,Consumer,West,Gujarat,Clothing,Jeans,4,1178.7,4714.8,1105.7
ORD-12276,2025-02-25,CUST-1065,Saanvi Verma,Small Business,West,Maharashtra,Electronics,Tablet,3,2768.8,8306.4,1161.99
ORD-11791,2025-02-25,CUST-1134,Rohan Malhotra,Corporate,East,Bihar,Sports,Dumbbells,7,1711.21,11978.47,1722.5
ORD-11580,2025-02-25,CUST-1083,Navya Pillai,Corporate,South,Tamil Nadu,Clothing,Jacket,3,1692.3,5076.9,1468.3
ORD-12202,2025-02-25,CUST-1390,Aarav Singh,Corporate,East,West Bengal,Clothing,T-Shirt,4,2159.24,8636.96,2594.83
ORD-12516,2025-02-25,CUST-1345,Aarav Iyer,Small Business,North,Punjab,Home & Kitchen,Bedsheet,3,5735.68,17207.04,3812.24
ORD-12257,2025-02-26,CUST-1260,Ishaan Verma,Consumer,North,Uttar Pradesh,Home & Kitchen,Mixer Grinder,5,7172.7,35863.5,11692.69
ORD-11895,2025-02-26,CUST-1117,Ishita Chopra,Corporate,West,Gujarat,Sports,Yoga Mat,5,4140.57,20702.85,7157.61
ORD-10213,2025-02-26,CUST-1250,Anika Verma,Corporate,South,Karnataka,Electronics,Laptop,1,12921.58,12921.58,3479.99
ORD-11117,2025-02-26,CUST-1192,Ishita Nair,Small Business,East,West Bengal,Electronics,Laptop,7,54686.86,382808.02,93773.76
ORD-12506,2025-02-27,CUST-1275,Riya Bhatt,Small Business,East,Jharkhand,Electronics,Laptop,1,10284.17,10284.17,3146.69
ORD-11660,2025-02-27,CUST-1264,Kiara Iyer,Small Business,East,West Bengal,Clothing,Jacket,1,3192.79,3192.79,328.24
ORD-11071,2025-02-27,CUST-1308,Diya Kapoor,Consumer,South,Kerala,Electronics,Smartwatch,6,49688.46,298130.76,47748.86
ORD-11572,2025-02-28,CUST-1342,Ishaan Pillai,Consumer,North,Punjab,Sports,Yoga Mat,5,3330.07,16650.35,5421.39
ORD-10895,2025-02-28,CUST-1047,Aadhya Verma,Consumer,West,Maharashtra,Home & Kitchen,Mixer Grinder,5,2848.52,14242.6,1858.03
ORD-12674,2025-02-28,CUST-1210,Anika Agarwal,Consumer,South,Karnataka,Sports,Football,6,2860.56,17163.36,5680.43
ORD-12195,2025-03-01,CUST-1181,Aadhya Patel,Consumer,South,Karnataka,Electronics,Smartphone,6,59597.63,357585.78,103763.52
ORD-10780,2025-03-01,CUST-1173,Ananya Mehta,Consumer,East,Odisha,Clothing,Jacket,1,2620.0,2620.0,789.2
ORD-11848,2025-03-01,CUST-1241,Ananya Gupta,Small Business,North,Punjab,Electronics,Smartphone,6,23911.59,143469.54,36154.22
ORD-11331,2025-03-01,CUST-1154,Anika Malhotra,Consumer,East,Jharkhand,Books,Textbook,3,428.97,1286.91,400.73
ORD-11383,2025-03-02,CUST-1311,Rohan Patel,Consumer,East,Bihar,Clothing,Saree,6,2845.12,17070.72,4681.84
ORD-12414,2025-03-02,CUST-1039,Aarav Patel,Small Business,West,Goa,Sports,Dumbbells,3,769.02,2307.06,684.18
ORD-10109,2025-03-02,CUST-1050,Vihaan Chopra,Small Business,North,Haryana,Clothing,Saree,7,1885.47,13198.29,2919.9
ORD-10310,2025-03-02,CUST-1252,Aditya Nair,Small Business,West,Goa,Home & Kitchen,Cookware Set,3,5620.1,16860.3,2132.21
ORD-10173,2025-03-02,CUST-1175,Arjun Nair,Consumer,South,Kerala,Clothing,T-Shirt,4,2135.03,8540.12,1210.06
ORD-11115,2025-03-03,CUST-1392,Sai Rao,Consumer,North,Uttar Pradesh,Sports,Cricket Bat,5,3593.09,17965.45,1548.42
ORD-10747,2025-03-03,CUST-1048,Anika Kapoor,Consumer,North,Delhi,Clothing,Kurta,5,2049.54,10247.7,1347.76
ORD-10570,2025-03-03,CUST-1134,Vihaan Iyer,Consumer,South,Telangana,Sports,Football,2,2816.95,5633.9,1277.6
ORD-10534,2025-03-03,CUST-1188,Saanvi Chopra,Consumer,East,West Bengal,Electronics,Tablet,3,40939.94,122819.82,12435.31
ORD-12332,2025-03-04,CUST-1253,Sai Menon,Consumer,South,Tamil Nadu,Books,Comics,2,758.82,1517.64,290.36
ORD-11512,2025-03-04,CUST-1247,Vihaan Iyer,Small Business,South,Karnataka,Electronics,Smartphone,7,23427.77,163994.39,14244.63
ORD-10730,2025-03-04,CUST-1161,Reyansh Singh,Small Business,West,Gujarat,Electronics,Smartwatch,3,35329.88,105989.64,29054.72
ORD-12268,2025-03-04,CUST-1357,Ishaan Chopra,Consumer,East,Odisha,Books,Textbook,2,206.99,413.98,50.23
ORD-12625,2025-03-04,CUST-1335,Saanvi Kumar,Small Business,East,Bihar,Sports,Running Shoes,4,894.92,3579.68,395.29
ORD-10765,2025-03-04,CUST-1141,Myra Verma,Small Business,Central,Chhattisgarh,Books,Biography,3,825.72,2477.16,801.35
ORD-12393,2025-03-05,CUST-1355,Myra Menon,Small Business,West,Maharashtra,Clothing,Saree,4,1182.97,4731.88,806.68
ORD-11395,2025-03-05,CUST-1005,Vivaan Chopra,Consumer,South,Tamil Nadu,Sports,Running Shoes,3,3284.74,9854.22,1419.43
ORD-11368,2025-03-05,CUST-1190,Aditya Bose,Consumer,South,Karnataka,Books,Biography,4,641.21,2564.84,715.74
ORD-11713,2025-03-06,CUST-1079,Ishita Patel,Consumer,East,Odisha,Clothing,Jeans,6,2351.95,14111.7,1829.61
ORD-12623,2025-03-07,CUST-1135,Sai Pillai,Consumer,North,Delhi,Electronics,Headphones,4,34270.57,137082.28,20053.02
ORD-12693,2025-03-07,CUST-1215,Reyansh Singh,Small Business,East,Jharkhand,Books,Fiction Novel,4,512.52,2050.08,357.2
ORD-10657,2025-03-07,CUST-1369,Sai Rao,Corporate,East,Bihar,Home & Kitchen,Mixer Grinder,3,1622.92,4868.76,686.44
ORD-11847,2025-03-07,CUST-1192,Reyansh Menon,Corporate,North,Punjab,Clothing,Jeans,1,1905.46,1905.46,332.8
ORD-10320,2025-03-07,CUST-1337,Navya Bose,Consumer,North,Delhi,Electronics,Smartphone,2,35880.28,71760.56,17903.63
ORD-12996,2025-03-08,CUST-1367,Vihaan Verma,Corporate,South,Karnataka,Clothing,T-Shirt,2,1337.11,2674.22,335.77
ORD-10357,2025-03-08,CUST-1075,Anika Malhotra,Small Business,South,Karnataka,Electronics,Smartphone,1,19763.23,19763.23,5803.41
ORD-11103,2025-03-09,CUST-1393,Ishita Kumar,Small Business,West,Rajasthan,Electronics,Tablet,7,20068.84,140481.88,26766.12
ORD-11737,2025-03-09,CUST-1129,Ishita Mehta,Corporate,West,Gujarat,Electronics,Laptop,4,55232.84,220931.36,36875.1
ORD-12697,2025-03-09,CUST-1250,Ishita Kapoor,Corporate,North,Uttar Pradesh,Home & Kitchen,Cookware Set,2,2402.6,4805.2,1522.34
ORD-12475,2025-03-09,CUST-1339,Diya Joshi,Consumer,East,West Bengal,Sports,Football,4,4142.08,16568.32,1475.48
ORD-11681,2025-03-09,CUST-1331,Krishna Malhotra,Corporate,West,Maharashtra,Sports,Dumbbells,2,4553.48,9106.96,1168.1
ORD-11529,2025-03-09,CUST-1068,Ishita Chopra,Consumer,West,Rajasthan,Clothing,Jacket,7,1765.13,12355.91,4231.77
ORD-10996,2025-03-10,CUST-1102,Navya Bhatt,Consumer,North,Haryana,Sports,Football,1,543.98,543.98,166.49
ORD-11593,2025-03-10,CUST-1110,Aditya Kumar,Small Business,Central,Chhattisgarh,Clothing,Kurta,1,420.18,420.18,142.72
ORD-10517,2025-03-10,CUST-1326,Navya Chopra,Consumer,South,Tamil Nadu,Books,Fiction Novel,2,514.83,1029.66,323.37
ORD-10584,2025-03-10,CUST-1003,Vihaan Pillai,Small Business,South,Telangana,Home & Kitchen,Bedsheet,6,1733.2,10399.2,3135.1
ORD-12141,2025-03-11,CUST-1101,Ananya Menon,Consumer,West,Goa,Sports,Running Shoes,4,3218.4,12873.6,4242.85
ORD-11406,2025-03-11,CUST-1290,Rohan Singh,Consumer,East,Odisha,Books,Fiction Novel,1,491.39,491.39,98.14
ORD-11918,2025-03-11,CUST-1255,Diya Kapoor,Small Business,South,Tamil Nadu,Clothing,Jacket,6,2031.82,12190.92,2233.49
ORD-10740,2025-03-11,CUST-1339,Sai Kumar,Small Business,Central,Chhattisgarh,Home & Kitchen,Cookware Set,1,2693.81,2693.81,846.8
ORD-11503,2025-03-11,CUST-1002,Rohan Bose,Consumer,South,Karnataka,Clothing,Kurta,2,3287.28,6574.56,783.2
ORD-11695,2025-03-12,CUST-1236,Arjun Rao,Consumer,North,Haryana,Sports,Cricket Bat,6,2259.08,13554.48,3551.88
ORD-10038,2025-03-12,CUST-1365,Aadhya Iyer,Consumer,East,West Bengal,Sports,Football,1,3205.2,3205.2,566.37
ORD-11766,2025-03-12,CUST-1264,Riya Nair,Corporate,North,Delhi,Home & Kitchen,Air Fryer,1,7272.31,7272.31,1070.53
ORD-10160,2025-03-12,CUST-1202,Ishita Joshi,Consumer,East,Jharkhand,Electronics,Smartphone,5,18888.41,94442.05,29287.54
ORD-12980,2025-03-13,CUST-1326,Aditya Kumar,Small Business,South,Telangana,Home & Kitchen,Bedsheet,1,4089.6,4089.6,826.7
ORD-12471,2025-03-14,CUST-1048,Aadhya Mehta,Consumer,South,Telangana,Electronics,Laptop,6,50852.87,305117.22,75894.47
ORD-10259,2025-03-14,CUST-1389,Anika Kumar,Small Business,West,Rajasthan,Books,Biography,3,452.08,1356.24,449.9
ORD-10321,2025-03-14,CUST-1215,Saanvi Malhotra,Small Business,West,Rajasthan,Clothing,Jeans,1,2693.02,2693.02,804.75
ORD-12867,2025-03-14,CUST-1129,Reyansh Kumar,Consumer,South,Karnataka,Books,Textbook,6,858.37,5150.22,1516.58
ORD-11449,2025-03-15,CUST-1080,Navya Joshi,Consumer,West,Rajasthan,Home & Kitchen,Cookware Set,2,4293.02,8586.04,1228.03
ORD-10460,2025-03-15,CUST-1061,Reyansh Mehta,Consumer,East,West Bengal,Sports,Dumbbells,2,605.03,1210.06,248.96
ORD-11213,2025-03-15,CUST-1145,Reyansh Chopra,Consumer,South,Telangana,Clothing,Jacket,4,2264.76,9059.04,1982.35
ORD-11327,2025-03-15,CUST-1282,Aditya Sharma,Small Business,West,Gujarat,Clothing,Jacket,2,1446.27,2892.54,971.27
ORD-12370,2025-03-15,CUST-1265,Aarav Sharma,Small Business,South,Karnataka,Clothing,Saree,7,783.47,5484.29,1046.94
ORD-12800,2025-03-16,CUST-1105,Rohan Patel,Corporate,West,Maharashtra,Clothing,T-Shirt,7,996.59,6976.13,1156.42
ORD-10292,2025-03-16,CUST-1129,Ishita Mehta,Corporate,East,Bihar,Electronics,Tablet,2,20821.65,41643.3,11079.35
ORD-12638,2025-03-17,CUST-1324,Aarav Singh,Small Business,North,Haryana,Electronics,Smartphone,2,29446.22,58892.44,10255.63
ORD-12443,2025-03-17,CUST-1057,Reyansh Joshi,Consumer,East,West Bengal,Books,Comics,4,298.7,1194.8,223.39
ORD-12474,2025-03-17,CUST-1314,Ananya Verma,Corporate,West,Goa,Clothing,Saree,1,1012.79,1012.79,81.05
ORD-11755,2025-03-17,CUST-1182,Aadhya Menon,Consumer,South,Telangana,Electronics,Smartphone,3,32381.94,97145.82,22934.65
ORD-12165,2025-03-17,CUST-1055,Ishita Reddy,Consumer,West,Maharashtra,Home & Kitchen,Air Fryer,6,7171.06,43026.36,8776.66
ORD-11972,2025-03-17,CUST-1102,Aarav Rao,Consumer,West,Gujarat,Electronics,Headphones,1,46945.27,46945.27,8664.47
ORD-10812,2025-03-17,CUST-1028,Aarav Reddy,Consumer,West,Rajasthan,Electronics,Laptop,3,34165.94,102497.82,26768.22
ORD-10525,2025-03-17,CUST-1221,Arjun Patel,Consumer,West,Gujarat,Books,Comics,3,391.84,1175.52,358.49
ORD-12514,2025-03-18,CUST-1077,Rohan Gupta,Small Business,South,Karnataka,Electronics,Smartphone,3,9788.02,29364.06,3882.6
ORD-11788,2025-03-18,CUST-1239,Aditya Joshi,Corporate,East,West Bengal,Clothing,Jeans,6,2452.71,14716.26,3686.49
ORD-11099,2025-03-18,CUST-1371,Diya Chopra,Consumer,North,Delhi,Books,Biography,3,307.04,921.12,121.56
ORD-11365,2025-03-19,CUST-1151,Myra Nair,Consumer,East,West Bengal,Home & Kitchen,Cookware Set,2,1290.43,2580.86,448.14
ORD-10683,2025-03-19,CUST-1303,Arjun Pillai,Consumer,North,Delhi,Home & Kitchen,Mixer Grinder,4,1866.77,7467.08,1363.29
ORD-12336,2025-03-19,CUST-1326,Reyansh Menon,Consumer,West,Rajasthan,Home & Kitchen,Air Fryer,6,681.37,4088.22,482.57
ORD-12567,2025-03-20,CUST-1134,Krishna Malhotra,Small Business,Central,Madhya Pradesh,Electronics,Tablet,6,44290.95,265745.7,66986.51
ORD-12510,2025-03-20,CUST-1254,Rohan Bose,Small Business,West,Maharashtra,Home & Kitchen,Bedsheet,3,7777.06,23331.18,6835.1
ORD-10821,2025-03-20,CUST-1214,Riya Nair,Consumer,West,Maharashtra,Electronics,Smartwatch,7,47249.0,330743.0,28019.35
ORD-10029,2025-03-20,CUST-1366,Ishita Menon,Small Business,Central,Chhattisgarh,Clothing,Kurta,5,2267.57,11337.85,3298.75
ORD-10497,2025-03-20,CUST-1325,Riya Agarwal,Corporate,South,Telangana,Electronics,Smartphone,7,31227.88,218595.16,30835.24
ORD-11306,2025-03-20,CUST-1092,Sai Gupta,Corporate,East,Odisha,Books,Comics,5,294.83,1474.15,484.39
ORD-10459,2025-03-21,CUST-1290,Vihaan Malhotra,Consumer,East,Bihar,Clothing,T-Shirt,5,2369.83,11849.15,2272.85
ORD-10257,2025-03-21,CUST-1264,Rohan Verma,Small Business,West,Maharashtra,Clothing,Jeans,6,2180.29,13081.74,2155.17
ORD-11582,2025-03-21,CUST-1055,Reyansh Patel,Consumer,North,Haryana,Electronics,Laptop,6,21705.04,130230.24,34982.87
ORD-11538,2025-03-21,CUST-1033,Ishaan Gupta,Consumer,South,Kerala,Electronics,Smartphone,1,31399.6,31399.6,9946.0
ORD-11864,2025-03-21,CUST-1126,Krishna Rao,Small Business,North,Uttar Pradesh,Sports,Football,6,2386.03,14316.18,4340.19
ORD-10427,2025-03-21,CUST-1277,Aditya Joshi,Consumer,North,Punjab,Books,Self-Help,3,617.22,1851.66,537.08
ORD-11133,2025-03-21,CUST-1265,Aadhya Verma,Consumer,West,Maharashtra,Clothing,Jacket,5,1023.88,5119.4,1051.18
ORD-11844,2025-03-22,CUST-1018,Ishita Iyer,Small Business,West,Rajasthan,Home & Kitchen,Air Fryer,2,6960.25,13920.5,1993.74
ORD-12473,2025-03-22,CUST-1331,Ishita Joshi,Corporate,North,Punjab,Sports,Football,1,2214.12,2214.12,235.14
ORD-11372,2025-03-22,CUST-1058,Kiara Kumar,Consumer,East,Odisha,Sports,Football,3,2211.68,6635.04,574.2
ORD-12176,2025-03-22,CUST-1214,Myra Bhatt,Consumer,East,Odisha,Sports,Yoga Mat,2,862.8,1725.6,213.17
ORD-10399,2025-03-22,CUST-1044,Reyansh Agarwal,Corporate,East,West Bengal,Electronics,Smartphone,3,11067.9,33203.7,8289.96
ORD-11386,2025-03-22,CUST-1295,Ananya Rao,Consumer,South,Kerala,Books,Textbook,7,378.06,2646.42,389.39
ORD-12642,2025-03-22,CUST-1156,Ananya Nair,Consumer,North,Uttar Pradesh,Books,Biography,4,378.85,1515.4,376.52
ORD-10269,2025-03-22,CUST-1399,Ishaan Bose,Consumer,Central,Chhattisgarh,Clothing,Kurta,4,1458.42,5833.68,474.61
ORD-12669,2025-03-23,CUST-1285,Aditya Kumar,Consumer,North,Uttar Pradesh,Home & Kitchen,Mixer Grinder,6,802.98,4817.88,442.06
ORD-12578,2025-03-24,CUST-1194,Vihaan Kumar,Consumer,Central,Madhya Pradesh,Clothing,Jacket,3,2292.97,6878.91,1385.06
ORD-11513,2025-03-24,CUST-1109,Saanvi Kapoor,Consumer,North,Uttar Pradesh,Home & Kitchen,Cookware Set,7,5863.18,41042.26,11978.3
ORD-10737,2025-03-25,CUST-1377,Navya Reddy,Consumer,North,Delhi,Clothing,Jacket,3,2655.54,7966.62,1446.01
ORD-11460,2025-03-25,CUST-1273,Aadhya Mehta,Consumer,South,Karnataka,Books,Biography,3,386.84,1160.52,384.73
ORD-10560,2025-03-25,CUST-1085,Ananya Nair,Small Business,North,Uttar Pradesh,Clothing,T-Shirt,4,1594.0,6376.0,1399.15
ORD-10746,2025-03-25,CUST-1270,Sai Reddy,Consumer,West,Rajasthan,Sports,Dumbbells,3,3703.76,11111.28,3613.05
ORD-11191,2025-03-26,CUST-1037,Diya Menon,Small Business,East,Bihar,Clothing,Jeans,3,403.61,1210.83,261.9
ORD-10349,2025-03-27,CUST-1139,Navya Agarwal,Corporate,West,Goa,Electronics,Headphones,6,39801.43,238808.58,70244.28
ORD-10283,2025-03-27,CUST-1246,Ishita Kapoor,Small Business,North,Haryana,Clothing,Jacket,3,2818.59,8455.77,1660.42
ORD-12479,2025-03-27,CUST-1259,Diya Agarwal,Consumer,North,Delhi,Sports,Cricket Bat,3,4781.57,14344.71,3995.76
ORD-12746,2025-03-27,CUST-1230,Vivaan Bhatt,Corporate,North,Haryana,Clothing,T-Shirt,6,2841.32,17047.92,4229.03
ORD-11658,2025-03-27,CUST-1395,Vihaan Bose,Consumer,West,Goa,Electronics,Headphones,7,17383.33,121683.31,38226.45
ORD-10905,2025-03-28,CUST-1172,Saanvi Nair,Consumer,West,Gujarat,Home & Kitchen,Lamp,7,5524.5,38671.5,6187.16
ORD-11014,2025-03-28,CUST-1324,Sai Iyer,Corporate,West,Gujarat,Electronics,Smartphone,3,10811.14,32433.42,9891.22
ORD-12653,2025-03-29,CUST-1154,Krishna Singh,Consumer,South,Tamil Nadu,Home & Kitchen,Air Fryer,2,5695.15,11390.3,3103.88
ORD-10298,2025-03-29,CUST-1163,Aarav Rao,Small Business,West,Goa,Home & Kitchen,Lamp,4,608.23,2432.92,629.39
ORD-10605,2025-03-29,CUST-1212,Myra Patel,Consumer,East,West Bengal,Books,Fiction Novel,4,613.76,2455.04,300.03
ORD-10565,2025-03-29,CUST-1233,Arjun Iyer,Consumer,North,Uttar Pradesh,Electronics,Smartphone,5,20123.59,100617.95,30989.18
ORD-10701,2025-03-29,CUST-1107,Vivaan Bose,Consumer,West,Maharashtra,Home & Kitchen,Lamp,6,3010.23,18061.38,5904.25
ORD-10479,2025-03-29,CUST-1133,Saanvi Kumar,Corporate,West,Goa,Clothing,Jacket,1,2658.33,2658.33,733.37
ORD-10191,2025-03-30,CUST-1328,Myra Iyer,Small Business,West,Gujarat,Home & Kitchen,Bedsheet,6,2196.48,13178.88,2105.08
ORD-11501,2025-03-30,CUST-1076,Sai Iyer,Corporate,East,Jharkhand,Sports,Dumbbells,7,3889.31,27225.17,9211.45
ORD-11885,2025-03-30,CUST-1304,Aarav Singh,Small Business,North,Punjab,Clothing,Kurta,2,1343.53,2687.06,876.9
ORD-11514,2025-03-30,CUST-1198,Saanvi Mehta,Consumer,West,Rajasthan,Home & Kitchen,Air Fryer,1,5925.97,5925.97,1981.61
ORD-11637,2025-03-31,CUST-1098,Ananya Mehta,Consumer,East,West Bengal,Electronics,Smartphone,1,30674.95,30674.95,2584.36
ORD-12236,2025-03-31,CUST-1342,Saanvi Agarwal,Consumer,East,West Bengal,Electronics,Tablet,7,30340.85,212385.95,48171.54
ORD-12033,2025-03-31,CUST-1329,Navya Nair,Consumer,North,Delhi,Books,Textbook,6,164.99,989.94,210.75
ORD-11128,2025-03-31,CUST-1168,Navya Patel,Corporate,West,Rajasthan,Home & Kitchen,Air Fryer,5,4642.69,23213.45,4585.32
ORD-12356,2025-04-01,CUST-1378,Ishita Patel,Consumer,North,Delhi,Electronics,Headphones,3,25995.47,77986.41,11425.05
ORD-12215,2025-04-01,CUST-1008,Ishita Sharma,Consumer,West,Goa,Clothing,Jeans,7,2913.3,20393.1,3352.63
ORD-11384,2025-04-01,CUST-1220,Aditya Nair,Consumer,Central,Chhattisgarh,Clothing,Jeans,2,1345.49,2690.98,878.0
ORD-12168,2025-04-02,CUST-1061,Rohan Menon,Corporate,South,Karnataka,Sports,Running Shoes,3,1967.67,5903.01,1580.74
ORD-11508,2025-04-02,CUST-1361,Riya Agarwal,Corporate,South,Tamil Nadu,Books,Textbook,3,665.41,1996.23,333.35
ORD-12231,2025-04-02,CUST-1155,Aadhya Malhotra,Consumer,South,Telangana,Clothing,Jeans,5,3204.45,16022.25,1957.87
ORD-11419,2025-04-03,CUST-1348,Saanvi Chopra,Consumer,West,Goa,Clothing,Saree,4,2254.58,9018.32,1624.43
ORD-12927,2025-04-03,CUST-1389,Saanvi Menon,Small Business,West,Goa,Books,Fiction Novel,3,575.72,1727.16,562.39
ORD-12539,2025-04-03,CUST-1339,Reyansh Malhotra,Consumer,West,Maharashtra,Home & Kitchen,Air Fryer,6,6673.68,40042.08,12699.93
ORD-10366,2025-04-04,CUST-1166,Diya Bhatt,Small Business,East,Jharkhand,Clothing,Saree,4,1957.35,7829.4,1629.98
ORD-11808,2025-04-04,CUST-1119,Riya Pillai,Consumer,West,Goa,Clothing,Kurta,4,1289.88,5159.52,1564.14
ORD-10667,2025-04-04,CUST-1111,Riya Chopra,Consumer,North,Punjab,Sports,Running Shoes,6,737.24,4423.44,1057.65
ORD-10886,2025-04-04,CUST-1106,Ishaan Pillai,Corporate,North,Punjab,Clothing,Jeans,6,2696.51,16179.06,3425.26
ORD-10036,2025-04-05,CUST-1255,Navya Menon,Small Business,West,Maharashtra,Electronics,Headphones,5,37384.79,186923.95,16284.64
ORD-10484,2025-04-05,CUST-1320,Sai Joshi,Consumer,East,West Bengal,Electronics,Laptop,1,45512.22,45512.22,7295.44
ORD-10198,2025-04-05,CUST-1174,Aarav Agarwal,Corporate,West,Goa,Sports,Dumbbells,4,3543.0,14172.0,3774.37
ORD-12827,2025-04-05,CUST-1024,Saanvi Kumar,Consumer,South,Karnataka,Electronics,Laptop,6,49066.43,294398.58,38608.93
ORD-10007,2025-04-05,CUST-1230,Vihaan Kumar,Corporate,North,Uttar Pradesh,Home & Kitchen,Bedsheet,5,7577.12,37885.6,12037.25
ORD-10528,2025-04-05,CUST-1327,Anika Kapoor,Consumer,North,Delhi,Clothing,T-Shirt,1,3011.64,3011.64,641.63
ORD-12556,2025-04-05,CUST-1029,Aarav Menon,Corporate,South,Kerala,Electronics,Tablet,7,13904.29,97330.03,18993.91
ORD-11527,2025-04-06,CUST-1147,Vivaan Singh,Corporate,South,Kerala,Books,Textbook,5,199.53,997.65,258.58
ORD-10624,2025-04-06,CUST-1219,Aarav Chopra,Consumer,Central,Chhattisgarh,Books,Biography,1,749.82,749.82,112.54
ORD-12729,2025-04-06,CUST-1011,Aarav Menon,Consumer,North,Haryana,Electronics,Tablet,6,19984.33,119905.98,32161.5
ORD-10324,2025-04-07,CUST-1302,Navya Menon,Corporate,North,Delhi,Electronics,Headphones,3,22257.66,66772.98,15571.16
ORD-12999,2025-04-07,CUST-1205,Rohan Verma,Consumer,Central,Madhya Pradesh,Books,Biography,5,561.97,2809.85,876.95
ORD-10586,2025-04-08,CUST-1371,Saanvi Kapoor,Consumer,South,Kerala,Sports,Football,6,2223.36,13340.16,3762.23
ORD-11053,2025-04-08,CUST-1396,Krishna Sharma,Consumer,Central,Chhattisgarh,Home & Kitchen,Bedsheet,3,914.28,2742.84,796.58
ORD-11820,2025-04-08,CUST-1065,Saanvi Menon,Consumer,East,Jharkhand,Electronics,Headphones,3,10491.08,31473.24,10581.05
ORD-11107,2025-04-09,CUST-1112,Ananya Reddy,Consumer,South,Telangana,Electronics,Smartphone,4,23126.68,92506.72,21049.54
ORD-10555,2025-04-09,CUST-1068,Reyansh Kumar,Consumer,North,Delhi,Home & Kitchen,Lamp,1,832.7,832.7,159.96
ORD-12272,2025-04-10,CUST-1058,Ishita Patel,Consumer,East,Odisha,Sports,Football,2,2919.96,5839.92,568.41
ORD-12387,2025-04-10,CUST-1135,Aarav Patel,Corporate,West,Goa,Sports,Running Shoes,5,3983.93,19919.65,5360.7
ORD-11747,2025-04-10,CUST-1307,Kiara Chopra,Consumer,Central,Chhattisgarh,Sports,Yoga Mat,7,2506.5,17545.5,5441.15
ORD-11236,2025-04-10,CUST-1119,Vivaan Agarwal,Consumer,West,Goa,Home & Kitchen,Lamp,5,1168.4,5842.0,1906.84
ORD-12378,2025-04-10,CUST-1399,Aadhya Patel,Small Business,North,Uttar Pradesh,Clothing,Kurta,2,883.86,1767.72,206.7
ORD-10120,2025-04-10,CUST-1238,Rohan Malhotra,Small Business,East,Bihar,Books,Comics,1,808.48,808.48,240.6
ORD-11986,2025-04-10,CUST-1128,Aadhya Nair,Corporate,West,Gujarat,Clothing,Jeans,2,2685.55,5371.1,1773.16
ORD-11520,2025-04-10,CUST-1123,Rohan Agarwal,Consumer,North,Punjab,Clothing,Saree,3,3054.41,9163.23,1256.95
ORD-10876,2025-04-10,CUST-1184,Vivaan Singh,Corporate,Central,Chhattisgarh,Home & Kitchen,Air Fryer,2,6784.49,13568.98,4033.02
ORD-12887,2025-04-11,CUST-1301,Reyansh Reddy,Small Business,North,Delhi,Clothing,Kurta,7,1497.19,10480.33,1629.55
ORD-11037,2025-04-11,CUST-1316,Vihaan Bose,Corporate,West,Goa,Electronics,Smartwatch,4,42236.24,168944.96,50052.68
ORD-10927,2025-04-11,CUST-1273,Aditya Joshi,Corporate,South,Kerala,Clothing,Kurta,3,1239.24,3717.72,447.62
ORD-10483,2025-04-11,CUST-1081,Diya Pillai,Corporate,South,Telangana,Books,Biography,1,334.76,334.76,38.69
ORD-11583,2025-04-12,CUST-1112,Vihaan Agarwal,Consumer,South,Karnataka,Clothing,Jacket,6,861.29,5167.74,1288.65
ORD-12036,2025-04-12,CUST-1189,Ishita Malhotra,Small Business,North,Delhi,Clothing,Saree,4,470.93,1883.72,549.45
ORD-12067,2025-04-12,CUST-1227,Vihaan Gupta,Consumer,North,Punjab,Home & Kitchen,Cookware Set,1,1467.94,1467.94,364.23
ORD-12134,2025-04-12,CUST-1119,Aadhya Sharma,Consumer,East,Jharkhand,Electronics,Smartphone,3,30846.36,92539.08,17891.61
ORD-10249,2025-04-12,CUST-1276,Navya Chopra,Small Business,Central,Chhattisgarh,Electronics,Headphones,4,30771.03,123084.12,15037.9
ORD-10509,2025-04-13,CUST-1099,Anika Patel,Small Business,North,Delhi,Electronics,Headphones,1,19619.4,19619.4,5450.84
ORD-10971,2025-04-13,CUST-1034,Ishaan Rao,Consumer,South,Karnataka,Clothing,Jeans,2,3229.98,6459.96,1192.81
ORD-11001,2025-04-13,CUST-1352,Rohan Iyer,Corporate,North,Haryana,Electronics,Tablet,4,5727.91,22911.64,3670.94
ORD-12904,2025-04-13,CUST-1118,Riya Pillai,Consumer,South,Karnataka,Electronics,Smartphone,5,28569.5,142847.5,26043.07
ORD-12812,2025-04-14,CUST-1066,Krishna Rao,Consumer,North,Uttar Pradesh,Sports,Running Shoes,6,2677.24,16063.44,2398.93
ORD-12817,2025-04-14,CUST-1182,Sai Sharma,Consumer,West,Gujarat,Clothing,T-Shirt,3,632.51,1897.53,330.35
ORD-12340,2025-04-14,CUST-1107,Anika Kumar,Consumer,North,Punjab,Home & Kitchen,Lamp,3,5427.21,16281.63,1819.74
ORD-11362,2025-04-14,CUST-1141,Ishita Menon,Consumer,South,Karnataka,Electronics,Smartphone,7,37655.19,263586.33,84427.22
ORD-10016,2025-04-14,CUST-1276,Krishna Verma,Consumer,South,Tamil Nadu,Home & Kitchen,Lamp,6,6994.84,41969.04,9839.27
ORD-10020,2025-04-15,CUST-1169,Anika Pillai,Consumer,North,Punjab,Electronics,Headphones,6,19241.03,115446.18,39323.05
ORD-11473,2025-04-15,CUST-1052,Rohan Pillai,Consumer,East,Bihar,Electronics,Laptop,6,36563.47,219380.82,53178.42
ORD-12368,2025-04-15,CUST-1038,Navya Nair,Corporate,South,Telangana,Clothing,Jacket,6,2310.79,13864.74,3204.57
ORD-10523,2025-04-16,CUST-1312,Ananya Kumar,Corporate,Central,Madhya Pradesh,Electronics,Smartphone,1,56355.72,56355.72,9107.91
ORD-10669,2025-04-16,CUST-1369,Diya Kapoor,Consumer,South,Tamil Nadu,Home & Kitchen,Bedsheet,5,1629.78,8148.9,1067.46
ORD-12755,2025-04-16,CUST-1172,Reyansh Patel,Corporate,West,Goa,Electronics,Smartwatch,1,50409.42,50409.42,17286.86
ORD-12672,2025-04-16,CUST-1240,Ishaan Reddy,Consumer,East,Odisha,Electronics,Tablet,3,1753.5,5260.5,1687.61
ORD-10013,2025-04-17,CUST-1059,Myra Kapoor,Consumer,North,Haryana,Sports,Yoga Mat,1,3275.58,3275.58,561.89
ORD-11481,2025-04-17,CUST-1071,Navya Pillai,Consumer,South,Karnataka,Clothing,T-Shirt,3,3163.01,9489.03,1055.98
ORD-10757,2025-04-17,CUST-1344,Riya Rao,Corporate,West,Maharashtra,Electronics,Laptop,2,49143.52,98287.04,21768.43
ORD-11325,2025-04-17,CUST-1284,Diya Rao,Corporate,West,Rajasthan,Electronics,Headphones,1,44621.76,44621.76,11495.4
ORD-12809,2025-04-17,CUST-1067,Saanvi Gupta,Consumer,East,Bihar,Electronics,Headphones,2,55705.53,111411.06,12174.45
ORD-12991,2025-04-18,CUST-1215,Kiara Bose,Consumer,North,Uttar Pradesh,Clothing,Saree,2,2151.95,4303.9,764.45
ORD-11555,2025-04-18,CUST-1362,Kiara Agarwal,Consumer,North,Delhi,Electronics,Smartphone,6,56301.17,337807.02,88110.88
ORD-10022,2025-04-18,CUST-1289,Aarav Bose,Consumer,Central,Madhya Pradesh,Clothing,Kurta,6,966.88,5801.28,1493.37
ORD-12402,2025-04-19,CUST-1289,Diya Agarwal,Consumer,North,Uttar Pradesh,Electronics,Smartwatch,4,27159.45,108637.8,26628.12
ORD-12748,2025-04-19,CUST-1044,Rohan Mehta,Consumer,South,Karnataka,Electronics,Laptop,7,24793.4,173553.8,34315.45
ORD-11490,2025-04-19,CUST-1082,Reyansh Reddy,Consumer,South,Karnataka,Electronics,Headphones,4,11258.53,45034.12,8568.81
ORD-12190,2025-04-19,CUST-1386,Diya Gupta,Small Business,South,Kerala,Home & Kitchen,Lamp,5,5330.54,26652.7,7007.96
ORD-11754,2025-04-19,CUST-1281,Vihaan Bose,Consumer,West,Gujarat,Home & Kitchen,Bedsheet,7,2224.46,15571.22,2058.41
ORD-12096,2025-04-19,CUST-1256,Reyansh Kapoor,Small Business,West,Gujarat,Books,Fiction Novel,5,836.81,4184.05,968.63
ORD-10061,2025-04-20,CUST-1317,Riya Menon,Consumer,East,Jharkhand,Clothing,T-Shirt,6,513.3,3079.8,891.27
ORD-11990,2025-04-20,CUST-1126,Diya Joshi,Consumer,East,Odisha,Electronics,Tablet,4,23804.61,95218.44,8687.77
ORD-11233,2025-04-20,CUST-1230,Rohan Nair,Consumer,North,Uttar Pradesh,Clothing,Saree,6,2228.93,13373.58,1108.04
ORD-11868,2025-04-20,CUST-1332,Rohan Verma,Consumer,West,Maharashtra,Home & Kitchen,Cookware Set,5,6193.2,30966.0,6611.74
ORD-10562,2025-04-20,CUST-1115,Sai Bhatt,Small Business,East,Odisha,Home & Kitchen,Mixer Grinder,7,7528.18,52697.26,11725.94
ORD-12793,2025-04-20,CUST-1128,Krishna Gupta,Consumer,West,Maharashtra,Electronics,Tablet,5,45789.16,228945.8,24396.28
ORD-10655,2025-04-20,CUST-1118,Aadhya Nair,Consumer,Central,Chhattisgarh,Sports,Yoga Mat,7,1245.51,8718.57,2869.06
ORD-12082,2025-04-20,CUST-1386,Navya Agarwal,Consumer,West,Rajasthan,Electronics,Headphones,3,59110.77,177332.31,49558.13
ORD-11661,2025-04-21,CUST-1097,Krishna Nair,Consumer,West,Maharashtra,Home & Kitchen,Lamp,6,2286.7,13720.2,3265.82
ORD-11292,2025-04-21,CUST-1046,Ishita Bhatt,Consumer,North,Uttar Pradesh,Clothing,T-Shirt,7,1306.36,9144.52,933.11
ORD-10464,2025-04-21,CUST-1037,Krishna Patel,Consumer,East,Jharkhand,Electronics,Headphones,5,19006.03,95030.15,10825.48
ORD-12843,2025-04-21,CUST-1043,Ishaan Bose,Corporate,South,Kerala,Clothing,Kurta,1,2728.97,2728.97,671.55
ORD-11869,2025-04-21,CUST-1112,Rohan Pillai,Consumer,North,Haryana,Home & Kitchen,Cookware Set,1,5230.78,5230.78,971.7
ORD-12820,2025-04-22,CUST-1196,Aadhya Reddy,Corporate,South,Karnataka,Books,Textbook,2,400.69,801.38,158.76
ORD-12718,2025-04-22,CUST-1004,Saanvi Chopra,Corporate,North,Haryana,Sports,Running Shoes,6,562.67,3376.02,964.12
ORD-10396,2025-04-23,CUST-1272,Saanvi Patel,Corporate,South,Karnataka,Books,Comics,4,157.37,629.48,106.34
ORD-12580,2025-04-23,CUST-1074,Saanvi Nair,Consumer,Central,Madhya Pradesh,Clothing,Jeans,2,462.03,924.06,154.98
ORD-10539,2025-04-23,CUST-1188,Aarav Singh,Small Business,West,Maharashtra,Sports,Running Shoes,5,1896.4,9482.0,2571.01
ORD-11193,2025-04-23,CUST-1273,Aarav Singh,Consumer,East,Odisha,Home & Kitchen,Cookware Set,7,4647.32,32531.24,8923.85
ORD-11581,2025-04-23,CUST-1282,Arjun Kapoor,Consumer,South,Kerala,Electronics,Tablet,4,52506.25,210025.0,32576.34
ORD-10246,2025-04-24,CUST-1368,Myra Rao,Corporate,West,Rajasthan,Sports,Yoga Mat,3,1770.06,5310.18,1362.98
ORD-11189,2025-04-24,CUST-1016,Ananya Mehta,Corporate,West,Maharashtra,Electronics,Smartwatch,2,39152.52,78305.04,18698.44
ORD-10212,2025-04-24,CUST-1240,Arjun Patel,Corporate,North,Delhi,Clothing,Kurta,1,933.48,933.48,120.09
ORD-12988,2025-04-24,CUST-1038,Ishaan Rao,Consumer,North,Punjab,Home & Kitchen,Cookware Set,7,6364.38,44550.66,5941.63
ORD-11366,2025-04-25,CUST-1293,Myra Bhatt,Consumer,West,Rajasthan,Sports,Cricket Bat,2,1290.6,2581.2,744.63
ORD-11484,2025-04-25,CUST-1232,Saanvi Malhotra,Corporate,North,Haryana,Sports,Football,6,3151.4,18908.4,3605.46
ORD-11124,2025-04-25,CUST-1284,Anika Singh,Small Business,North,Delhi,Clothing,Kurta,7,1028.81,7201.67,2382.21
ORD-12014,2025-04-25,CUST-1213,Aarav Patel,Small Business,North,Haryana,Sports,Yoga Mat,1,2459.8,2459.8,799.04
ORD-12776,2025-04-26,CUST-1152,Krishna Reddy,Consumer,South,Kerala,Sports,Cricket Bat,3,2803.29,8409.87,717.92
ORD-11084,2025-04-26,CUST-1066,Ananya Joshi,Small Business,South,Telangana,Books,Biography,3,200.67,602.01,208.16
ORD-10341,2025-04-26,CUST-1104,Myra Menon,Consumer,West,Maharashtra,Sports,Running Shoes,5,4600.51,23002.55,7081.28
ORD-10994,2025-04-26,CUST-1399,Aarav Menon,Corporate,North,Delhi,Clothing,Jeans,2,442.34,884.68,259.62
ORD-10519,2025-04-26,CUST-1025,Ishita Verma,Consumer,South,Tamil Nadu,Clothing,Kurta,2,2567.87,5135.74,1046.3
ORD-12712,2025-04-26,CUST-1179,Krishna Chopra,Consumer,West,Goa,Clothing,Jeans,5,833.65,4168.25,1395.17
ORD-10544,2025-04-26,CUST-1015,Krishna Pillai,Corporate,North,Delhi,Clothing,Jeans,5,3380.97,16904.85,3859.42
ORD-10413,2025-04-26,CUST-1048,Diya Reddy,Consumer,South,Tamil Nadu,Electronics,Headphones,2,13005.03,26010.06,5912.88
ORD-10950,2025-04-26,CUST-1171,Aditya Singh,Small Business,Central,Madhya Pradesh,Clothing,T-Shirt,5,657.04,3285.2,497.01
ORD-11688,2025-04-27,CUST-1208,Vihaan Verma,Corporate,West,Rajasthan,Home & Kitchen,Bedsheet,5,7672.18,38360.9,8695.74
ORD-12805,2025-04-27,CUST-1104,Vivaan Sharma,Consumer,South,Telangana,Electronics,Laptop,2,27807.75,55615.5,13917.31
ORD-12128,2025-04-27,CUST-1109,Aditya Pillai,Consumer,West,Gujarat,Electronics,Laptop,3,31633.17,94899.51,7667.14
ORD-10809,2025-04-28,CUST-1303,Ishaan Malhotra,Consumer,West,Gujarat,Clothing,Jacket,4,797.51,3190.04,675.57
ORD-10412,2025-04-28,CUST-1248,Myra Bose,Consumer,Central,Chhattisgarh,Books,Textbook,2,485.98,971.96,336.01
ORD-10795,2025-04-28,CUST-1133,Riya Reddy,Corporate,East,Bihar,Clothing,Jacket,3,827.49,2482.47,834.45
ORD-12679,2025-04-29,CUST-1215,Sai Chopra,Corporate,West,Goa,Clothing,Jacket,4,2051.13,8204.52,1955.17
ORD-11064,2025-04-29,CUST-1244,Aditya Bhatt,Consumer,South,Telangana,Home & Kitchen,Cookware Set,2,5607.85,11215.7,1084.93
ORD-12676,2025-04-29,CUST-1284,Arjun Chopra,Corporate,South,Karnataka,Electronics,Laptop,7,53488.46,374419.22,87223.54
ORD-11590,2025-04-30,CUST-1105,Saanvi Menon,Corporate,West,Maharashtra,Electronics,Smartphone,5,7218.17,36090.85,11113.02
ORD-12149,2025-04-30,CUST-1392,Kiara Malhotra,Corporate,East,Odisha,Home & Kitchen,Lamp,2,1563.65,3127.3,395.92
ORD-12483,2025-05-01,CUST-1221,Arjun Chopra,Consumer,North,Delhi,Clothing,Jacket,1,1789.7,1789.7,256.61
ORD-11767,2025-05-01,CUST-1215,Aarav Joshi,Consumer,South,Karnataka,Sports,Yoga Mat,6,3385.69,20314.14,1929.94
ORD-11400,2025-05-01,CUST-1346,Rohan Kumar,Consumer,South,Telangana,Electronics,Smartwatch,5,6837.68,34188.4,9538.03
ORD-11802,2025-05-01,CUST-1363,Aditya Bhatt,Corporate,North,Uttar Pradesh,Clothing,T-Shirt,3,1643.83,4931.49,440.37
ORD-11410,2025-05-01,CUST-1223,Navya Pillai,Consumer,Central,Chhattisgarh,Books,Fiction Novel,4,284.08,1136.32,164.43
ORD-10775,2025-05-02,CUST-1205,Aadhya Joshi,Corporate,West,Rajasthan,Electronics,Laptop,1,12932.22,12932.22,2811.86
ORD-10751,2025-05-02,CUST-1399,Vihaan Patel,Consumer,South,Tamil Nadu,Clothing,T-Shirt,4,3408.86,13635.44,3268.52
ORD-11345,2025-05-02,CUST-1143,Diya Bose,Consumer,West,Goa,Electronics,Tablet,5,47929.4,239647.0,64409.32
ORD-11502,2025-05-03,CUST-1076,Ishaan Agarwal,Consumer,Central,Madhya Pradesh,Clothing,Saree,1,1305.76,1305.76,307.82
ORD-11628,2025-05-03,CUST-1015,Aarav Rao,Consumer,Central,Chhattisgarh,Electronics,Smartwatch,5,37802.33,189011.65,38000.95
ORD-11854,2025-05-03,CUST-1397,Kiara Bhatt,Consumer,West,Goa,Home & Kitchen,Lamp,5,6423.15,32115.75,6721.25
ORD-11723,2025-05-03,CUST-1141,Arjun Gupta,Small Business,North,Uttar Pradesh,Home & Kitchen,Mixer Grinder,7,6040.31,42282.17,11763.74
ORD-11549,2025-05-03,CUST-1220,Aarav Pillai,Corporate,West,Goa,Sports,Running Shoes,5,904.38,4521.9,741.2
ORD-10734,2025-05-03,CUST-1259,Ishaan Singh,Consumer,West,Rajasthan,Electronics,Smartphone,1,8474.87,8474.87,1751.86
ORD-12270,2025-05-04,CUST-1141,Diya Bose,Consumer,North,Delhi,Electronics,Smartphone,7,13126.42,91884.94,23918.21
ORD-12818,2025-05-04,CUST-1163,Reyansh Joshi,Consumer,West,Goa,Sports,Cricket Bat,5,1903.32,9516.6,1141.09
ORD-11087,2025-05-05,CUST-1216,Aditya Gupta,Consumer,Central,Madhya Pradesh,Electronics,Smartphone,7,28907.84,202354.88,45668.55
ORD-10327,2025-05-05,CUST-1328,Myra Menon,Small Business,East,Jharkhand,Home & Kitchen,Air Fryer,1,1940.67,1940.67,383.71
ORD-11948,2025-05-05,CUST-1336,Riya Iyer,Corporate,West,Maharashtra,Home & Kitchen,Air Fryer,6,4735.35,28412.1,7654.05
ORD-10860,2025-05-05,CUST-1233,Saanvi Malhotra,Small Business,West,Gujarat,Home & Kitchen,Air Fryer,7,6005.69,42039.83,8071.07
ORD-12945,2025-05-05,CUST-1241,Aadhya Menon,Consumer,North,Delhi,Clothing,Jacket,3,902.28,2706.84,908.8
ORD-11418,2025-05-05,CUST-1196,Krishna Menon,Corporate,North,Uttar Pradesh,Sports,Running Shoes,3,3713.34,11140.02,2976.8
ORD-11234,2025-05-06,CUST-1061,Ishita Reddy,Consumer,East,West Bengal,Electronics,Smartwatch,1,50449.15,50449.15,8181.02
ORD-12375,2025-05-06,CUST-1123,Aarav Mehta,Consumer,East,Odisha,Sports,Football,4,2137.25,8549.0,2424.65
ORD-11483,2025-05-06,CUST-1072,Aadhya Chopra,Small Business,West,Goa,Sports,Dumbbells,6,3568.42,21410.52,7210.35
ORD-11210,2025-05-07,CUST-1046,Ananya Rao,Consumer,West,Gujarat,Books,Self-Help,6,233.36,1400.16,181.18
ORD-11722,2025-05-07,CUST-1188,Ishaan Nair,Consumer,West,Maharashtra,Electronics,Headphones,2,30125.87,60251.74,21055.83
ORD-11289,2025-05-07,CUST-1268,Anika Gupta,Consumer,East,Jharkhand,Home & Kitchen,Mixer Grinder,4,1448.64,5794.56,739.9
ORD-10402,2025-05-07,CUST-1052,Arjun Verma,Consumer,North,Uttar Pradesh,Clothing,Saree,7,1971.7,13801.9,1739.9
ORD-12152,2025-05-08,CUST-1162,Vivaan Chopra,Corporate,North,Punjab,Books,Comics,1,225.99,225.99,58.78
ORD-11515,2025-05-08,CUST-1142,Reyansh Sharma,Small Business,North,Uttar Pradesh,Electronics,Smartwatch,4,4337.1,17348.4,4747.67
ORD-10285,2025-05-08,CUST-1225,Ishita Kapoor,Corporate,South,Kerala,Books,Fiction Novel,2,881.02,1762.04,251.09
ORD-12997,2025-05-08,CUST-1063,Aarav Bhatt,Small Business,West,Maharashtra,Electronics,Tablet,3,49663.04,148989.12,39844.18
ORD-10110,2025-05-08,CUST-1076,Navya Verma,Corporate,South,Kerala,Clothing,Jeans,4,2019.69,8078.76,1048.93
ORD-12875,2025-05-09,CUST-1227,Riya Bose,Corporate,North,Delhi,Clothing,T-Shirt,3,2481.37,7444.11,2234.65
ORD-10835,2025-05-09,CUST-1102,Sai Agarwal,Small Business,South,Telangana,Clothing,Saree,7,2917.94,20425.58,6382.0
ORD-11127,2025-05-09,CUST-1026,Aarav Verma,Consumer,West,Gujarat,Clothing,Jacket,2,2892.27,5784.54,1299.63
ORD-12540,2025-05-09,CUST-1180,Saanvi Bhatt,Consumer,West,Rajasthan,Clothing,Jeans,6,840.69,5044.14,516.54
ORD-10894,2025-05-09,CUST-1320,Anika Sharma,Consumer,South,Tamil Nadu,Electronics,Laptop,4,52909.86,211639.44,59097.29
ORD-12397,2025-05-09,CUST-1160,Ishita Nair,Small Business,Central,Madhya Pradesh,Clothing,T-Shirt,1,2936.23,2936.23,931.78
ORD-10703,2025-05-09,CUST-1045,Aadhya Kapoor,Small Business,West,Maharashtra,Clothing,Jacket,4,1492.54,5970.16,893.1
ORD-10623,2025-05-09,CUST-1183,Kiara Iyer,Small Business,South,Kerala,Books,Self-Help,1,467.66,467.66,151.42
ORD-11917,2025-05-09,CUST-1340,Navya Mehta,Small Business,Central,Madhya Pradesh,Electronics,Smartwatch,1,36313.14,36313.14,9783.94
ORD-11988,2025-05-09,CUST-1195,Ananya Kumar,Corporate,North,Delhi,Home & Kitchen,Cookware Set,2,4870.31,9740.62,1868.8
ORD-11835,2025-05-10,CUST-1300,Aarav Joshi,Consumer,North,Haryana,Home & Kitchen,Air Fryer,6,1110.03,6660.18,1122.28
ORD-11672,2025-05-10,CUST-1008,Krishna Malhotra,Corporate,South,Tamil Nadu,Books,Biography,6,365.1,2190.6,178.07
ORD-11070,2025-05-10,CUST-1215,Saanvi Kapoor,Corporate,East,Jharkhand,Home & Kitchen,Cookware Set,4,1056.33,4225.32,1371.39
ORD-12203,2025-05-11,CUST-1375,Rohan Iyer,Corporate,North,Haryana,Home & Kitchen,Air Fryer,3,6407.8,19223.4,6265.01
ORD-10127,2025-05-11,CUST-1051,Vihaan Verma,Consumer,East,Bihar,Clothing,Saree,4,2913.13,11652.52,3940.65
ORD-10010,2025-05-11,CUST-1080,Arjun Agarwal,Corporate,South,Telangana,Electronics,Laptop,3,37159.51,111478.53,16128.9
ORD-10732,2025-05-11,CUST-1022,Ishita Bose,Consumer,North,Delhi,Clothing,Jeans,1,2363.27,2363.27,204.53
ORD-10832,2025-05-11,CUST-1250,Aarav Iyer,Small Business,West,Goa,Clothing,Jeans,7,410.96,2876.72,365.37
ORD-11734,2025-05-11,CUST-1266,Ishaan Kumar,Corporate,South,Karnataka,Home & Kitchen,Lamp,7,6653.06,46571.42,7391.77
ORD-11036,2025-05-12,CUST-1182,Sai Joshi,Consumer,North,Haryana,Clothing,T-Shirt,6,1554.65,9327.9,1106.8
ORD-11946,2025-05-12,CUST-1236,Ishita Reddy,Consumer,North,Uttar Pradesh,Electronics,Smartwatch,1,54713.03,54713.03,5578.17
ORD-12189,2025-05-12,CUST-1342,Krishna Nair,Corporate,West,Maharashtra,Sports,Yoga Mat,7,2790.59,19534.13,4148.41
ORD-10005,2025-05-13,CUST-1027,Reyansh Iyer,Consumer,West,Rajasthan,Books,Textbook,7,428.11,2996.77,778.56
ORD-10344,2025-05-13,CUST-1262,Navya Mehta,Small Business,North,Punjab,Clothing,Jacket,6,2069.02,12414.12,3360.76
ORD-12478,2025-05-13,CUST-1323,Riya Singh,Corporate,Central,Chhattisgarh,Sports,Dumbbells,3,1693.73,5081.19,1225.77
ORD-11056,2025-05-14,CUST-1059,Myra Gupta,Consumer,South,Kerala,Electronics,Smartwatch,5,23105.81,115529.05,17872.45
ORD-11846,2025-05-14,CUST-1207,Anika Rao,Corporate,East,Jharkhand,Electronics,Smartwatch,7,17540.07,122780.49,11343.85
ORD-12737,2025-05-15,CUST-1028,Krishna Agarwal,Corporate,East,Jharkhand,Electronics,Laptop,2,5367.11,10734.22,2040.34
ORD-10027,2025-05-15,CUST-1356,Vihaan Mehta,Consumer,South,Kerala,Sports,Dumbbells,1,1475.08,1475.08,349.22
ORD-10970,2025-05-15,CUST-1140,Navya Mehta,Corporate,Central,Chhattisgarh,Home & Kitchen,Air Fryer,4,3031.58,12126.32,1922.88
ORD-12184,2025-05-15,CUST-1025,Kiara Patel,Consumer,North,Uttar Pradesh,Electronics,Laptop,6,28191.31,169147.86,23453.08
ORD-11982,2025-05-16,CUST-1092,Saanvi Malhotra,Corporate,Central,Chhattisgarh,Electronics,Laptop,5,57416.47,287082.35,37369.71
ORD-11428,2025-05-16,CUST-1102,Aadhya Malhotra,Consumer,South,Telangana,Sports,Yoga Mat,3,1687.27,5061.81,982.13
ORD-12290,2025-05-16,CUST-1098,Aditya Chopra,Small Business,South,Tamil Nadu,Books,Self-Help,7,249.68,1747.76,347.66
ORD-12728,2025-05-16,CUST-1324,Vihaan Reddy,Consumer,South,Karnataka,Home & Kitchen,Mixer Grinder,7,4341.4,30389.8,6713.79
ORD-11509,2025-05-16,CUST-1364,Sai Bhatt,Consumer,East,Odisha,Electronics,Tablet,4,54575.01,218300.04,56748.99
ORD-10315,2025-05-17,CUST-1264,Riya Agarwal,Consumer,East,Bihar,Electronics,Smartwatch,2,12313.05,24626.1,3477.91
ORD-12681,2025-05-17,CUST-1226,Rohan Nair,Consumer,North,Delhi,Sports,Cricket Bat,7,1576.6,11036.2,2727.76
ORD-12571,2025-05-17,CUST-1395,Navya Kumar,Consumer,West,Gujarat,Electronics,Tablet,2,9382.57,18765.14,4130.67
ORD-10258,2025-05-17,CUST-1207,Navya Rao,Consumer,West,Maharashtra,Books,Comics,1,421.05,421.05,79.93
ORD-10981,2025-05-17,CUST-1129,Krishna Gupta,Corporate,Central,Madhya Pradesh,Home & Kitchen,Bedsheet,4,7154.64,28618.56,9798.78
ORD-10445,2025-05-18,CUST-1117,Navya Joshi,Corporate,Central,Chhattisgarh,Sports,Running Shoes,2,536.52,1073.04,104.07
ORD-11799,2025-05-18,CUST-1204,Rohan Joshi,Corporate,South,Tamil Nadu,Electronics,Smartwatch,4,44692.75,178771.0,46850.78
ORD-12527,2025-05-18,CUST-1269,Aarav Bhatt,Small Business,Central,Chhattisgarh,Home & Kitchen,Mixer Grinder,6,4260.04,25560.24,2601.99
ORD-10677,2025-05-18,CUST-1367,Myra Menon,Small Business,South,Telangana,Sports,Dumbbells,3,4004.16,12012.48,3670.79
ORD-12038,2025-05-18,CUST-1020,Rohan Singh,Consumer,East,West Bengal,Clothing,Jeans,4,2311.86,9247.44,1538.55
ORD-12359,2025-05-19,CUST-1032,Ishita Patel,Small Business,Central,Chhattisgarh,Electronics,Smartwatch,1,42400.16,42400.16,14508.89
ORD-10715,2025-05-19,CUST-1141,Ishaan Kumar,Corporate,East,West Bengal,Home & Kitchen,Cookware Set,5,1891.92,9459.6,1429.42
ORD-11068,2025-05-19,CUST-1370,Navya Gupta,Small Business,South,Kerala,Home & Kitchen,Bedsheet,5,3890.08,19450.4,4382.15
ORD-10442,2025-05-20,CUST-1397,Rohan Agarwal,Small Business,West,Gujarat,Books,Textbook,4,882.37,3529.48,1162.21
ORD-11752,2025-05-21,CUST-1091,Ananya Bhatt,Small Business,West,Rajasthan,Sports,Yoga Mat,4,3722.42,14889.68,4002.95
ORD-10224,2025-05-21,CUST-1247,Ishaan Menon,Consumer,North,Delhi,Clothing,Kurta,4,2376.83,9507.32,1272.11
ORD-12647,2025-05-22,CUST-1166,Arjun Rao,Corporate,North,Uttar Pradesh,Clothing,T-Shirt,1,892.47,892.47,78.86
ORD-12831,2025-05-22,CUST-1010,Krishna Sharma,Consumer,South,Telangana,Electronics,Tablet,2,33449.04,66898.08,15994.61
ORD-10185,2025-05-22,CUST-1320,Reyansh Reddy,Consumer,West,Rajasthan,Books,Textbook,1,418.36,418.36,47.35
ORD-12104,2025-05-22,CUST-1076,Anika Iyer,Consumer,East,West Bengal,Electronics,Laptop,7,28947.12,202629.84,33735.55
ORD-11536,2025-05-22,CUST-1008,Aadhya Kumar,Consumer,West,Goa,Electronics,Smartphone,1,19760.12,19760.12,5954.87
ORD-10988,2025-05-23,CUST-1171,Anika Bhatt,Consumer,West,Maharashtra,Electronics,Smartphone,6,34173.19,205039.14,68509.58
ORD-10277,2025-05-23,CUST-1216,Arjun Agarwal,Consumer,South,Karnataka,Electronics,Headphones,2,3410.56,6821.12,2334.26
ORD-11028,2025-05-23,CUST-1184,Aadhya Reddy,Small Business,East,West Bengal,Sports,Cricket Bat,3,777.32,2331.96,630.38
ORD-12411,2025-05-24,CUST-1387,Myra Menon,Small Business,West,Maharashtra,Clothing,T-Shirt,1,1313.77,1313.77,144.5
ORD-10409,2025-05-25,CUST-1041,Krishna Kumar,Consumer,Central,Madhya Pradesh,Electronics,Headphones,7,41830.9,292816.3,72422.82
ORD-10943,2025-05-25,CUST-1059,Diya Bose,Consumer,East,Bihar,Home & Kitchen,Cookware Set,7,3691.88,25843.16,7003.88
ORD-11839,2025-05-25,CUST-1296,Rohan Mehta,Corporate,West,Gujarat,Electronics,Laptop,7,55032.09,385224.63,115821.59
ORD-10253,2025-05-25,CUST-1094,Krishna Bose,Corporate,North,Haryana,Electronics,Laptop,5,5150.05,25750.25,7987.41
ORD-10824,2025-05-25,CUST-1130,Ishita Bose,Corporate,South,Karnataka,Electronics,Tablet,7,20384.65,142692.55,27642.64
ORD-12382,2025-05-26,CUST-1166,Aarav Gupta,Small Business,South,Karnataka,Clothing,Kurta,1,904.51,904.51,169.61
ORD-12492,2025-05-27,CUST-1285,Ishaan Reddy,Consumer,North,Delhi,Clothing,Jacket,5,462.97,2314.85,408.02
ORD-11738,2025-05-27,CUST-1312,Aditya Singh,Consumer,West,Goa,Books,Comics,2,433.49,866.98,273.97
ORD-12948,2025-05-28,CUST-1376,Navya Singh,Corporate,South,Tamil Nadu,Sports,Cricket Bat,3,788.16,2364.48,546.6
ORD-10982,2025-05-28,CUST-1322,Sai Malhotra,Consumer,North,Punjab,Sports,Yoga Mat,6,3512.06,21072.36,5133.71
ORD-10065,2025-05-28,CUST-1019,Aditya Malhotra,Small Business,Central,Madhya Pradesh,Clothing,Jeans,5,2798.89,13994.45,4801.88
ORD-11299,2025-05-28,CUST-1112,Vihaan Iyer,Corporate,Central,Madhya Pradesh,Clothing,Jeans,5,3308.37,16541.85,1363.97
ORD-12213,2025-05-28,CUST-1369,Sai Agarwal,Small Business,North,Delhi,Clothing,Jeans,6,1673.82,10042.92,2351.14
ORD-10136,2025-05-29,CUST-1230,Rohan Joshi,Corporate,Central,Chhattisgarh,Electronics,Laptop,3,12499.45,37498.35,10704.56
ORD-10872,2025-05-29,CUST-1264,Riya Reddy,Consumer,Central,Chhattisgarh,Home & Kitchen,Cookware Set,3,5498.43,16495.29,1463.81
ORD-11690,2025-05-29,CUST-1104,Sai Sharma,Consumer,North,Punjab,Clothing,Saree,4,447.35,1789.4,416.99
ORD-11740,2025-05-30,CUST-1113,Aditya Gupta,Consumer,North,Punjab,Clothing,Jeans,3,2541.92,7625.76,1493.02
ORD-12026,2025-05-31,CUST-1082,Vihaan Joshi,Consumer,North,Haryana,Books,Textbook,2,290.45,580.9,128.37
ORD-11517,2025-05-31,CUST-1395,Aarav Bhatt,Consumer,East,Bihar,Sports,Cricket Bat,2,4317.21,8634.42,1040.11
ORD-12936,2025-05-31,CUST-1328,Reyansh Verma,Corporate,North,Punjab,Sports,Cricket Bat,2,4217.65,8435.3,1824.86
ORD-11919,2025-05-31,CUST-1259,Vihaan Verma,Small Business,North,Uttar Pradesh,Home & Kitchen,Bedsheet,2,5781.8,11563.6,1330.23
ORD-10178,2025-05-31,CUST-1046,Ananya Rao,Small Business,East,Jharkhand,Sports,Yoga Mat,4,3499.55,13998.2,2884.07
ORD-10116,2025-05-31,CUST-1341,Diya Gupta,Corporate,North,Uttar Pradesh,Clothing,Jeans,6,1573.28,9439.68,1605.35
ORD-12696,2025-06-01,CUST-1358,Rohan Bose,Corporate,South,Kerala,Books,Textbook,7,661.5,4630.5,1568.16
ORD-11897,2025-06-01,CUST-1032,Diya Reddy,Consumer,North,Haryana,Sports,Football,2,1592.91,3185.82,536.45
ORD-10995,2025-06-01,CUST-1003,Saanvi Rao,Corporate,West,Goa,Home & Kitchen,Lamp,2,7106.99,14213.98,3319.93
ORD-12719,2025-06-01,CUST-1389,Anika Pillai,Small Business,East,Odisha,Books,Biography,5,197.94,989.7,109.38
ORD-12132,2025-06-02,CUST-1264,Vivaan Reddy,Corporate,West,Maharashtra,Electronics,Headphones,1,8090.21,8090.21,976.48
ORD-11568,2025-06-02,CUST-1073,Vihaan Chopra,Small Business,North,Uttar Pradesh,Electronics,Headphones,2,50663.79,101327.58,21162.75
ORD-12594,2025-06-03,CUST-1281,Saanvi Kapoor,Corporate,East,Jharkhand,Clothing,Saree,6,2296.64,13779.84,4310.23
ORD-10908,2025-06-03,CUST-1154,Saanvi Rao,Consumer,North,Haryana,Clothing,Saree,3,897.07,2691.21,874.27
ORD-12901,2025-06-03,CUST-1371,Myra Bhatt,Corporate,North,Delhi,Home & Kitchen,Lamp,7,4608.54,32259.78,5695.49
ORD-10491,2025-06-03,CUST-1306,Diya Kapoor,Corporate,South,Telangana,Clothing,Kurta,6,1805.59,10833.54,2276.27
ORD-11900,2025-06-03,CUST-1135,Kiara Menon,Consumer,West,Rajasthan,Sports,Yoga Mat,2,1354.55,2709.1,476.57
ORD-10633,2025-06-03,CUST-1324,Diya Pillai,Corporate,South,Kerala,Home & Kitchen,Cookware Set,3,6134.64,18403.92,5607.04
ORD-11207,2025-06-03,CUST-1024,Aarav Joshi,Small Business,North,Punjab,Home & Kitchen,Cookware Set,4,2141.28,8565.12,1549.75
ORD-11829,2025-06-04,CUST-1248,Anika Sharma,Corporate,South,Karnataka,Electronics,Smartwatch,7,11471.88,80303.16,14229.69
ORD-12798,2025-06-04,CUST-1083,Saanvi Mehta,Consumer,East,West Bengal,Electronics,Laptop,7,2356.99,16498.93,3604.74
ORD-10112,2025-06-04,CUST-1153,Myra Agarwal,Small Business,East,Jharkhand,Clothing,Saree,3,1251.9,3755.7,397.33
ORD-10512,2025-06-04,CUST-1206,Aarav Kapoor,Consumer,East,Odisha,Sports,Football,2,1887.74,3775.48,697.66
ORD-10345,2025-06-04,CUST-1327,Ishita Patel,Consumer,North,Uttar Pradesh,Sports,Yoga Mat,1,2312.33,2312.33,223.34
ORD-11684,2025-06-05,CUST-1352,Rohan Reddy,Consumer,East,West Bengal,Electronics,Smartphone,1,38890.59,38890.59,8999.27
ORD-10390,2025-06-05,CUST-1026,Myra Joshi,Consumer,South,Kerala,Electronics,Smartwatch,4,52010.75,208043.0,56975.45
ORD-12938,2025-06-06,CUST-1386,Reyansh Pillai,Small Business,South,Telangana,Home & Kitchen,Mixer Grinder,7,2469.52,17286.64,3975.15
ORD-10907,2025-06-06,CUST-1155,Aarav Gupta,Consumer,South,Kerala,Books,Biography,6,586.13,3516.78,1199.84
ORD-10853,2025-06-06,CUST-1215,Krishna Joshi,Consumer,East,Odisha,Sports,Cricket Bat,5,441.9,2209.5,239.6
ORD-11445,2025-06-06,CUST-1025,Riya Gupta,Consumer,East,West Bengal,Home & Kitchen,Bedsheet,7,5748.61,40240.27,9194.78
ORD-11748,2025-06-06,CUST-1054,Navya Nair,Small Business,South,Karnataka,Home & Kitchen,Cookware Set,4,4986.5,19946.0,4709.55
ORD-11976,2025-06-06,CUST-1278,Saanvi Malhotra,Small Business,North,Delhi,Clothing,Saree,4,3220.54,12882.16,1115.47
ORD-11801,2025-06-06,CUST-1388,Aarav Bose,Small Business,South,Telangana,Electronics,Headphones,6,13294.47,79766.82,24832.67
ORD-11426,2025-06-07,CUST-1347,Riya Reddy,Corporate,North,Uttar Pradesh,Electronics,Laptop,6,58704.05,352224.3,80784.08
ORD-10179,2025-06-07,CUST-1101,Sai Singh,Consumer,Central,Madhya Pradesh,Clothing,Kurta,3,2761.57,8284.71,1954.08
ORD-12797,2025-06-07,CUST-1010,Ishaan Nair,Small Business,West,Maharashtra,Sports,Dumbbells,3,1785.44,5356.32,1579.25
ORD-10375,2025-06-07,CUST-1332,Aadhya Verma,Consumer,South,Telangana,Clothing,Jacket,7,2497.51,17482.57,2966.56
ORD-12212,2025-06-08,CUST-1249,Vivaan Joshi,Small Business,South,Tamil Nadu,Clothing,Kurta,4,2899.21,11596.84,1391.28
ORD-11809,2025-06-08,CUST-1207,Riya Kapoor,Consumer,North,Delhi,Books,Self-Help,6,695.22,4171.32,1051.45
ORD-10594,2025-06-08,CUST-1265,Vivaan Reddy,Consumer,South,Tamil Nadu,Electronics,Smartphone,4,58887.7,235550.8,25593.5
ORD-11134,2025-06-08,CUST-1289,Anika Gupta,Consumer,Central,Chhattisgarh,Electronics,Headphones,4,39732.22,158928.88,36256.59
ORD-12074,2025-06-08,CUST-1102,Riya Bose,Consumer,North,Haryana,Electronics,Laptop,7,26397.3,184781.1,23882.49
ORD-11422,2025-06-08,CUST-1179,Ananya Kapoor,Corporate,North,Punjab,Clothing,Jacket,2,1733.89,3467.78,1205.02
ORD-11770,2025-06-09,CUST-1169,Krishna Gupta,Consumer,Central,Chhattisgarh,Books,Self-Help,2,566.48,1132.96,282.63
ORD-12838,2025-06-09,CUST-1181,Ishita Agarwal,Consumer,North,Haryana,Electronics,Smartphone,6,16917.2,101503.2,11425.11
ORD-11507,2025-06-09,CUST-1375,Rohan Pillai,Corporate,North,Uttar Pradesh,Electronics,Laptop,5,41010.91,205054.55,61616.44
ORD-11158,2025-06-09,CUST-1216,Krishna Patel,Corporate,Central,Madhya Pradesh,Books,Self-Help,3,340.1,1020.3,208.3
ORD-10348,2025-06-11,CUST-1073,Aarav Singh,Consumer,North,Delhi,Clothing,Jeans,3,2889.24,8667.72,2749.16
ORD-12138,2025-06-11,CUST-1300,Riya Nair,Corporate,East,West Bengal,Clothing,Jeans,6,1571.14,9426.84,3031.74
ORD-11424,2025-06-12,CUST-1117,Navya Singh,Small Business,North,Punjab,Electronics,Laptop,5,36464.4,182322.0,15500.41
ORD-12116,2025-06-12,CUST-1080,Rohan Joshi,Corporate,North,Uttar Pradesh,Electronics,Smartwatch,5,16609.25,83046.25,12760.04
ORD-12137,2025-06-12,CUST-1250,Ishaan Patel,Consumer,North,Delhi,Electronics,Smartwatch,5,49082.11,245410.55,48294.72
ORD-10389,2025-06-12,CUST-1187,Ishaan Bose,Small Business,West,Rajasthan,Electronics,Smartphone,5,31561.19,157805.95,44605.68
ORD-11054,2025-06-12,CUST-1364,Vihaan Chopra,Consumer,North,Punjab,Electronics,Tablet,2,52748.29,105496.58,20271.82
ORD-11586,2025-06-12,CUST-1038,Arjun Kapoor,Corporate,South,Telangana,Electronics,Smartphone,5,56676.52,283382.6,29566.64
ORD-12293,2025-06-13,CUST-1259,Ishita Malhotra,Consumer,North,Uttar Pradesh,Sports,Football,2,2754.16,5508.32,1519.63
ORD-11414,2025-06-13,CUST-1228,Reyansh Menon,Consumer,West,Goa,Home & Kitchen,Air Fryer,3,4755.37,14266.11,2586.48
ORD-10371,2025-06-13,CUST-1378,Aditya Nair,Consumer,Central,Madhya Pradesh,Electronics,Tablet,2,31612.42,63224.84,15355.26
ORD-12226,2025-06-14,CUST-1215,Saanvi Verma,Consumer,South,Karnataka,Electronics,Headphones,2,59917.53,119835.06,12481.19
ORD-12788,2025-06-14,CUST-1341,Anika Iyer,Consumer,West,Rajasthan,Home & Kitchen,Mixer Grinder,7,6004.35,42030.45,6860.65
ORD-11783,2025-06-14,CUST-1172,Riya Kumar,Small Business,East,Jharkhand,Electronics,Tablet,3,18992.2,56976.6,17027.96
ORD-10692,2025-06-14,CUST-1092,Vivaan Kumar,Corporate,North,Haryana,Clothing,Jeans,1,1964.74,1964.74,195.52
ORD-11035,2025-06-14,CUST-1156,Aadhya Verma,Consumer,North,Punjab,Electronics,Tablet,4,50709.85,202839.4,48716.79
ORD-11849,2025-06-14,CUST-1089,Ananya Iyer,Corporate,East,West Bengal,Clothing,Jacket,1,2113.89,2113.89,678.6
ORD-10977,2025-06-14,CUST-1236,Myra Mehta,Small Business,Central,Chhattisgarh,Electronics,Headphones,1,42521.96,42521.96,14781.1
ORD-12158,2025-06-14,CUST-1267,Diya Nair,Consumer,South,Kerala,Electronics,Laptop,1,23864.38,23864.38,3712.91
ORD-11104,2025-06-15,CUST-1155,Sai Agarwal,Consumer,East,Bihar,Sports,Football,2,4285.73,8571.46,2815.56
ORD-10783,2025-06-15,CUST-1037,Saanvi Iyer,Consumer,North,Uttar Pradesh,Home & Kitchen,Mixer Grinder,5,1043.07,5215.35,1539.04
ORD-12301,2025-06-15,CUST-1145,Aarav Kumar,Small Business,South,Kerala,Clothing,Jeans,5,2464.67,12323.35,1806.15
ORD-10658,2025-06-16,CUST-1187,Kiara Pillai,Corporate,South,Telangana,Electronics,Laptop,1,6545.58,6545.58,1096.81
ORD-10325,2025-06-16,CUST-1027,Arjun Agarwal,Consumer,West,Goa,Electronics,Smartphone,1,12190.94,12190.94,1275.82
ORD-11350,2025-06-16,CUST-1066,Myra Reddy,Corporate,East,Jharkhand,Electronics,Tablet,6,32198.11,193188.66,45325.91
ORD-12582,2025-06-16,CUST-1013,Krishna Malhotra,Consumer,Central,Madhya Pradesh,Electronics,Laptop,7,42747.2,299230.4,45875.66
ORD-10153,2025-06-16,CUST-1352,Arjun Gupta,Consumer,West,Gujarat,Electronics,Laptop,4,43582.19,174328.76,54339.64
ORD-11997,2025-06-16,CUST-1198,Ishaan Patel,Small Business,West,Gujarat,Clothing,Kurta,1,2057.28,2057.28,389.83
ORD-11249,2025-06-17,CUST-1129,Aarav Mehta,Small Business,South,Telangana,Electronics,Headphones,7,6193.37,43353.59,12240.17
ORD-12135,2025-06-17,CUST-1089,Rohan Joshi,Consumer,South,Kerala,Clothing,Jacket,5,1891.08,9455.4,1968.81
ORD-10230,2025-06-18,CUST-1031,Saanvi Joshi,Small Business,South,Karnataka,Clothing,Kurta,7,1412.9,9890.3,3131.33
ORD-12722,2025-06-18,CUST-1342,Kiara Kumar,Consumer,East,West Bengal,Home & Kitchen,Air Fryer,3,4814.45,14443.35,5007.79
ORD-12823,2025-06-19,CUST-1359,Arjun Bose,Consumer,North,Uttar Pradesh,Sports,Cricket Bat,7,2122.16,14855.12,3465.6
ORD-12975,2025-06-19,CUST-1157,Anika Verma,Consumer,East,Odisha,Clothing,Jacket,1,1269.16,1269.16,125.54
ORD-11600,2025-06-19,CUST-1095,Diya Kapoor,Small Business,West,Maharashtra,Home & Kitchen,Lamp,2,4265.57,8531.14,2030.37
ORD-12551,2025-06-19,CUST-1008,Anika Menon,Corporate,North,Haryana,Clothing,Jeans,1,2222.1,2222.1,469.7
ORD-10471,2025-06-19,CUST-1377,Reyansh Sharma,Small Business,South,Kerala,Electronics,Smartphone,3,3604.0,10812.0,1883.4
ORD-12910,2025-06-19,CUST-1153,Diya Sharma,Small Business,North,Uttar Pradesh,Electronics,Tablet,1,41224.22,41224.22,9816.25
ORD-10138,2025-06-19,CUST-1037,Reyansh Mehta,Consumer,North,Punjab,Clothing,Saree,6,2862.01,17172.06,4351.88
ORD-10978,2025-06-20,CUST-1106,Arjun Agarwal,Consumer,South,Telangana,Sports,Running Shoes,7,552.75,3869.25,1275.23
ORD-10354,2025-06-20,CUST-1119,Krishna Joshi,Consumer,East,Bihar,Electronics,Smartphone,1,6750.93,6750.93,1100.9
ORD-11942,2025-06-20,CUST-1164,Krishna Patel,Consumer,East,Bihar,Electronics,Smartwatch,3,12040.9,36122.7,10488.39
ORD-11161,2025-06-20,CUST-1025,Krishna Mehta,Consumer,Central,Chhattisgarh,Electronics,Smartphone,2,26978.87,53957.74,13221.66
ORD-12266,2025-06-21,CUST-1034,Myra Bose,Consumer,East,Bihar,Home & Kitchen,Air Fryer,6,3474.5,20847.0,1781.15
ORD-10425,2025-06-21,CUST-1021,Anika Kumar,Consumer,North,Uttar Pradesh,Electronics,Smartwatch,7,52220.18,365541.26,91106.3
ORD-12191,2025-06-21,CUST-1047,Sai Agarwal,Consumer,West,Goa,Sports,Yoga Mat,4,4978.88,19915.52,3893.84
ORD-12324,2025-06-22,CUST-1328,Kiara Menon,Consumer,Central,Chhattisgarh,Books,Biography,2,687.53,1375.06,451.88
ORD-11258,2025-06-22,CUST-1144,Anika Verma,Consumer,West,Maharashtra,Clothing,Jacket,3,1081.85,3245.55,861.81
ORD-10380,2025-06-22,CUST-1241,Anika Bhatt,Corporate,South,Telangana,Electronics,Smartwatch,7,26471.21,185298.47,25866.26
ORD-11776,2025-06-23,CUST-1334,Reyansh Kapoor,Corporate,North,Uttar Pradesh,Clothing,Jeans,1,2770.11,2770.11,730.02
ORD-12030,2025-06-23,CUST-1101,Reyansh Agarwal,Corporate,North,Punjab,Electronics,Laptop,2,36776.72,73553.44,8320.03
ORD-10493,2025-06-23,CUST-1138,Saanvi Joshi,Consumer,Central,Chhattisgarh,Electronics,Smartphone,4,14334.28,57337.12,11186.81
ORD-10755,2025-06-23,CUST-1201,Aditya Singh,Consumer,North,Haryana,Home & Kitchen,Air Fryer,6,3161.22,18967.32,3444.94
ORD-11674,2025-06-23,CUST-1365,Rohan Pillai,Consumer,West,Goa,Sports,Football,4,1802.2,7208.8,1345.59
ORD-10489,2025-06-23,CUST-1270,Ishaan Bose,Small Business,East,Bihar,Clothing,T-Shirt,3,1290.95,3872.85,311.32
ORD-12750,2025-06-23,CUST-1038,Ananya Gupta,Small Business,South,Karnataka,Electronics,Smartphone,6,25111.21,150667.26,39859.02
ORD-11427,2025-06-23,CUST-1124,Saanvi Singh,Consumer,North,Punjab,Clothing,Saree,7,2443.87,17107.09,3265.28
ORD-11855,2025-06-24,CUST-1325,Ananya Malhotra,Corporate,North,Uttar Pradesh,Electronics,Smartphone,7,35683.1,249781.7,40835.95
ORD-11537,2025-06-24,CUST-1296,Reyansh Iyer,Small Business,North,Punjab,Electronics,Laptop,7,52073.7,364515.9,46810.45
ORD-11405,2025-06-24,CUST-1341,Vivaan Chopra,Consumer,North,Punjab,Clothing,Saree,5,3375.57,16877.85,1974.78
ORD-12762,2025-06-24,CUST-1025,Aarav Singh,Consumer,West,Maharashtra,Clothing,Jacket,4,946.93,3787.72,369.06
ORD-10552,2025-06-24,CUST-1267,Krishna Kumar,Consumer,South,Karnataka,Sports,Yoga Mat,1,984.17,984.17,186.65
ORD-10041,2025-06-25,CUST-1272,Anika Mehta,Consumer,East,Bihar,Home & Kitchen,Lamp,4,5193.96,20775.84,4913.6
ORD-12917,2025-06-25,CUST-1022,Navya Kapoor,Consumer,West,Goa,Clothing,Saree,6,2673.82,16042.92,1822.15
ORD-11060,2025-06-26,CUST-1369,Kiara Mehta,Corporate,North,Punjab,Sports,Dumbbells,5,2766.13,13830.65,1189.54
ORD-12174,2025-06-26,CUST-1134,Riya Pillai,Consumer,North,Delhi,Electronics,Headphones,6,9501.19,57007.14,7218.9
ORD-11044,2025-06-26,CUST-1356,Vihaan Mehta,Small Business,South,Kerala,Clothing,Jeans,3,1939.53,5818.59,731.72
ORD-12304,2025-06-26,CUST-1068,Sai Joshi,Consumer,North,Uttar Pradesh,Clothing,Jacket,3,1845.94,5537.82,891.52
ORD-11178,2025-06-27,CUST-1221,Reyansh Menon,Corporate,South,Tamil Nadu,Electronics,Headphones,2,24193.94,48387.88,5346.17
ORD-10668,2025-06-28,CUST-1255,Ananya Patel,Consumer,South,Telangana,Sports,Yoga Mat,4,1350.58,5402.32,513.39
ORD-10647,2025-06-29,CUST-1178,Krishna Rao,Consumer,West,Goa,Clothing,Jacket,6,3459.96,20759.76,2614.38
ORD-12306,2025-06-29,CUST-1108,Aarav Reddy,Consumer,East,Odisha,Sports,Running Shoes,4,1779.07,7116.28,1328.74
ORD-10736,2025-06-30,CUST-1047,Diya Menon,Corporate,Central,Madhya Pradesh,Clothing,Saree,6,789.4,4736.4,964.14
ORD-12707,2025-06-30,CUST-1215,Aadhya Menon,Consumer,West,Maharashtra,Sports,Yoga Mat,7,1873.67,13115.69,1528.77
ORD-11447,2025-07-01,CUST-1272,Saanvi Pillai,Corporate,Central,Chhattisgarh,Electronics,Smartwatch,3,51037.78,153113.34,33893.57
ORD-10070,2025-07-01,CUST-1200,Saanvi Chopra,Small Business,East,Bihar,Home & Kitchen,Air Fryer,2,3201.4,6402.8,1546.51
ORD-11026,2025-07-01,CUST-1237,Aadhya Sharma,Consumer,West,Rajasthan,Electronics,Smartwatch,5,34553.54,172767.7,51757.89
ORD-12905,2025-07-01,CUST-1281,Myra Verma,Corporate,Central,Madhya Pradesh,Clothing,Kurta,6,3299.39,19796.34,3612.15
ORD-10670,2025-07-02,CUST-1029,Kiara Bose,Corporate,North,Delhi,Books,Comics,3,346.93,1040.79,300.28
ORD-12347,2025-07-02,CUST-1059,Navya Verma,Corporate,West,Goa,Books,Self-Help,6,762.79,4576.74,1409.57
ORD-10516,2025-07-02,CUST-1238,Diya Singh,Consumer,Central,Chhattisgarh,Home & Kitchen,Lamp,1,1438.2,1438.2,419.6
ORD-11051,2025-07-02,CUST-1045,Arjun Singh,Consumer,South,Karnataka,Clothing,Jeans,3,2427.92,7283.76,2255.86
ORD-11790,2025-07-02,CUST-1334,Ananya Pillai,Corporate,South,Karnataka,Clothing,Jeans,7,535.13,3745.91,414.84
ORD-10119,2025-07-03,CUST-1360,Saanvi Verma,Consumer,North,Delhi,Electronics,Smartphone,5,21759.82,108799.1,36387.26
ORD-10131,2025-07-03,CUST-1048,Kiara Bhatt,Small Business,North,Uttar Pradesh,Sports,Cricket Bat,4,497.17,1988.68,679.12
ORD-12845,2025-07-03,CUST-1306,Saanvi Reddy,Corporate,East,Bihar,Clothing,Jeans,1,702.68,702.68,145.56
ORD-11871,2025-07-04,CUST-1294,Ishaan Mehta,Small Business,North,Delhi,Electronics,Laptop,4,24571.65,98286.6,31771.37
ORD-11261,2025-07-04,CUST-1391,Ishita Patel,Consumer,Central,Madhya Pradesh,Books,Textbook,3,655.63,1966.89,412.01
ORD-12934,2025-07-04,CUST-1368,Aarav Reddy,Small Business,South,Kerala,Books,Biography,4,438.87,1755.48,564.97
ORD-12155,2025-07-04,CUST-1020,Sai Singh,Consumer,North,Haryana,Books,Self-Help,1,315.07,315.07,107.48
ORD-10503,2025-07-04,CUST-1381,Vivaan Mehta,Consumer,South,Kerala,Electronics,Smartphone,6,19380.44,116282.64,18419.1
ORD-10084,2025-07-04,CUST-1223,Reyansh Verma,Consumer,North,Uttar Pradesh,Home & Kitchen,Lamp,5,5275.42,26377.1,5955.85
ORD-12663,2025-07-05,CUST-1395,Arjun Pillai,Consumer,North,Uttar Pradesh,Electronics,Laptop,6,11890.14,71340.84,10427.37
ORD-12881,2025-07-05,CUST-1232,Navya Bhatt,Consumer,East,Jharkhand,Electronics,Laptop,5,44194.19,220970.95,48848.14
ORD-10221,2025-07-06,CUST-1133,Vivaan Gupta,Corporate,North,Uttar Pradesh,Clothing,Jacket,7,1797.13,12579.91,1853.92
ORD-10554,2025-07-06,CUST-1200,Vihaan Agarwal,Consumer,South,Telangana,Electronics,Smartphone,4,36120.76,144483.04,40910.44
ORD-11683,2025-07-06,CUST-1215,Aditya Menon,Corporate,North,Uttar Pradesh,Clothing,Jacket,6,2112.81,12676.86,2942.49
ORD-11543,2025-07-06,CUST-1340,Ishita Bose,Corporate,Central,Madhya Pradesh,Clothing,Saree,7,2597.3,18181.1,2673.09
ORD-10099,2025-07-06,CUST-1144,Reyansh Patel,Corporate,North,Uttar Pradesh,Clothing,T-Shirt,3,1637.04,4911.12,1186.79
ORD-12204,2025-07-06,CUST-1139,Ananya Kumar,Consumer,South,Telangana,Books,Self-Help,6,208.98,1253.88,357.31
ORD-11042,2025-07-06,CUST-1089,Ishaan Rao,Corporate,East,Bihar,Clothing,Saree,5,1011.59,5057.95,540.47
ORD-12081,2025-07-07,CUST-1084,Riya Iyer,Consumer,South,Karnataka,Clothing,Saree,5,1806.03,9030.15,2651.81
ORD-12343,2025-07-07,CUST-1362,Ananya Nair,Consumer,South,Tamil Nadu,Sports,Dumbbells,2,1844.28,3688.56,800.66
ORD-12059,2025-07-07,CUST-1028,Diya Menon,Corporate,West,Goa,Home & Kitchen,Lamp,3,3692.74,11078.22,896.93
ORD-10896,2025-07-07,CUST-1035,Kiara Malhotra,Corporate,North,Haryana,Electronics,Smartwatch,6,58364.46,350186.76,101856.4
ORD-10533,2025-07-08,CUST-1376,Myra Kapoor,Consumer,West,Rajasthan,Clothing,T-Shirt,4,945.86,3783.44,578.11
ORD-12643,2025-07-08,CUST-1115,Myra Pillai,Small Business,South,Kerala,Clothing,T-Shirt,5,886.12,4430.6,396.56
ORD-10394,2025-07-09,CUST-1050,Aditya Mehta,Consumer,West,Gujarat,Books,Self-Help,3,340.49,1021.47,106.42
ORD-12560,2025-07-09,CUST-1160,Kiara Reddy,Corporate,West,Gujarat,Clothing,T-Shirt,2,3295.04,6590.08,570.09
ORD-12093,2025-07-09,CUST-1106,Rohan Kapoor,Consumer,South,Telangana,Electronics,Smartwatch,2,37407.53,74815.06,21155.7
ORD-12726,2025-07-09,CUST-1043,Ananya Kapoor,Small Business,East,Jharkhand,Electronics,Smartphone,1,17567.43,17567.43,4203.26
ORD-12535,2025-07-09,CUST-1278,Riya Bhatt,Consumer,West,Goa,Electronics,Smartwatch,1,43351.34,43351.34,10253.5
ORD-10367,2025-07-09,CUST-1265,Sai Menon,Corporate,West,Gujarat,Electronics,Smartphone,5,31803.61,159018.05,15937.09
ORD-10360,2025-07-09,CUST-1065,Myra Singh,Corporate,East,Odisha,Electronics,Laptop,2,58671.1,117342.2,14239.36
ORD-12280,2025-07-10,CUST-1391,Riya Joshi,Consumer,Central,Madhya Pradesh,Electronics,Headphones,5,14710.53,73552.65,24682.46
ORD-12839,2025-07-10,CUST-1229,Ananya Reddy,Consumer,East,Jharkhand,Clothing,T-Shirt,4,2991.39,11965.56,2624.2
ORD-10167,2025-07-10,CUST-1300,Diya Kapoor,Corporate,South,Telangana,Home & Kitchen,Lamp,2,611.58,1223.16,182.93
ORD-11716,2025-07-10,CUST-1041,Aadhya Reddy,Small Business,South,Kerala,Sports,Yoga Mat,3,1509.8,4529.4,1448.46
ORD-12244,2025-07-10,CUST-1043,Rohan Nair,Consumer,North,Delhi,Clothing,Jeans,4,3281.28,13125.12,2858.93
ORD-12160,2025-07-10,CUST-1003,Diya Singh,Corporate,Central,Madhya Pradesh,Books,Textbook,1,192.98,192.98,29.14
ORD-10934,2025-07-11,CUST-1319,Aadhya Bhatt,Small Business,South,Telangana,Electronics,Smartwatch,4,43486.75,173947.0,27189.47
ORD-10532,2025-07-11,CUST-1291,Ananya Kapoor,Consumer,Central,Chhattisgarh,Electronics,Headphones,6,42091.01,252546.06,52305.31
ORD-11215,2025-07-11,CUST-1197,Krishna Bhatt,Consumer,West,Maharashtra,Books,Fiction Novel,3,538.75,1616.25,306.77
ORD-10542,2025-07-11,CUST-1186,Saanvi Gupta,Consumer,West,Goa,Home & Kitchen,Cookware Set,2,1199.84,2399.68,760.66
ORD-10859,2025-07-11,CUST-1340,Rohan Verma,Consumer,West,Rajasthan,Sports,Dumbbells,7,2464.48,17251.36,3618.78
ORD-10208,2025-07-11,CUST-1194,Arjun Sharma,Small Business,North,Delhi,Clothing,Jeans,7,2991.06,20937.42,5375.8
ORD-11763,2025-07-11,CUST-1041,Riya Nair,Consumer,South,Kerala,Electronics,Smartwatch,4,33163.24,132652.96,22161.02
ORD-10935,2025-07-12,CUST-1076,Vivaan Rao,Consumer,West,Maharashtra,Books,Comics,3,383.92,1151.76,129.63
ORD-12928,2025-07-12,CUST-1252,Ishita Iyer,Consumer,Central,Chhattisgarh,Clothing,Jacket,2,500.81,1001.62,245.6
ORD-10601,2025-07-12,CUST-1342,Riya Gupta,Consumer,North,Delhi,Electronics,Headphones,2,59176.48,118352.96,21656.48
ORD-10724,2025-07-12,CUST-1028,Rohan Bose,Consumer,North,Punjab,Electronics,Headphones,6,8789.93,52739.58,7311.18
ORD-11131,2025-07-12,CUST-1132,Aditya Sharma,Consumer,East,West Bengal,Books,Textbook,1,338.93,338.93,117.08
ORD-12781,2025-07-13,CUST-1265,Saanvi Gupta,Small Business,North,Uttar Pradesh,Home & Kitchen,Bedsheet,6,3648.58,21891.48,2818.56
ORD-10435,2025-07-13,CUST-1184,Reyansh Rao,Corporate,North,Haryana,Home & Kitchen,Lamp,7,7514.71,52602.97,16514.27
ORD-12986,2025-07-14,CUST-1305,Saanvi Sharma,Small Business,South,Kerala,Electronics,Smartphone,6,27053.51,162321.06,54366.75
ORD-11711,2025-07-14,CUST-1337,Vihaan Menon,Corporate,West,Maharashtra,Electronics,Tablet,7,18244.05,127708.35,27941.45
ORD-10505,2025-07-14,CUST-1300,Aadhya Sharma,Corporate,East,West Bengal,Sports,Dumbbells,6,3320.35,19922.1,6165.04
ORD-10843,2025-07-15,CUST-1300,Diya Iyer,Small Business,North,Delhi,Sports,Running Shoes,4,399.47,1597.88,273.09
ORD-11222,2025-07-15,CUST-1151,Reyansh Malhotra,Consumer,West,Gujarat,Clothing,Jacket,3,1997.18,5991.54,1718.21
ORD-11417,2025-07-15,CUST-1255,Rohan Bhatt,Corporate,South,Telangana,Home & Kitchen,Air Fryer,1,4226.67,4226.67,436.83
ORD-11735,2025-07-15,CUST-1197,Ishaan Nair,Small Business,East,Odisha,Electronics,Laptop,4,59312.49,237249.96,66221.57
ORD-12685,2025-07-16,CUST-1394,Aarav Menon,Consumer,South,Tamil Nadu,Home & Kitchen,Lamp,6,5007.6,30045.6,10421.23
ORD-10653,2025-07-16,CUST-1247,Vivaan Singh,Small Business,North,Uttar Pradesh,Clothing,Jeans,6,787.74,4726.44,1093.2
ORD-12621,2025-07-17,CUST-1384,Vivaan Menon,Consumer,North,Delhi,Clothing,Kurta,2,2276.6,4553.2,1048.86
ORD-11510,2025-07-17,CUST-1032,Reyansh Nair,Consumer,North,Delhi,Electronics,Laptop,4,41783.21,167132.84,21281.68
ORD-10926,2025-07-17,CUST-1398,Diya Iyer,Consumer,South,Kerala,Clothing,T-Shirt,4,861.46,3445.84,1156.52
ORD-12511,2025-07-18,CUST-1078,Rohan Patel,Corporate,West,Maharashtra,Books,Self-Help,1,376.54,376.54,127.14
ORD-10864,2025-07-18,CUST-1346,Vivaan Malhotra,Small Business,West,Goa,Clothing,Jeans,5,1360.25,6801.25,2155.96
ORD-10193,2025-07-18,CUST-1355,Vivaan Agarwal,Consumer,South,Karnataka,Home & Kitchen,Lamp,6,3591.74,21550.44,1781.78
ORD-10636,2025-07-18,CUST-1015,Aditya Kumar,Consumer,West,Rajasthan,Clothing,Saree,1,2345.42,2345.42,504.48
ORD-11980,2025-07-18,CUST-1054,Ishita Agarwal,Small Business,West,Gujarat,Electronics,Smartphone,3,19211.8,57635.4,16084.54
ORD-10137,2025-07-19,CUST-1399,Ishita Chopra,Corporate,West,Gujarat,Electronics,Laptop,3,50755.27,152265.81,38631.15
ORD-11926,2025-07-19,CUST-1011,Arjun Pillai,Consumer,South,Karnataka,Sports,Running Shoes,4,1617.77,6471.08,1996.6
ORD-12429,2025-07-19,CUST-1024,Saanvi Nair,Consumer,Central,Madhya Pradesh,Clothing,T-Shirt,1,3168.32,3168.32,830.11
ORD-10748,2025-07-19,CUST-1376,Reyansh Sharma,Corporate,West,Gujarat,Sports,Cricket Bat,7,1867.99,13075.93,1180.02
ORD-11836,2025-07-19,CUST-1042,Ananya Reddy,Corporate,West,Maharashtra,Home & Kitchen,Mixer Grinder,4,6930.54,27722.16,5319.94
ORD-12072,2025-07-19,CUST-1084,Aarav Sharma,Consumer,West,Goa,Home & Kitchen,Air Fryer,5,6148.18,30740.9,3129.63
ORD-12943,2025-07-19,CUST-1236,Vivaan Iyer,Consumer,North,Haryana,Books,Fiction Novel,5,836.92,4184.6,1451.63
ORD-12405,2025-07-20,CUST-1196,Vivaan Nair,Consumer,North,Punjab,Electronics,Headphones,4,14420.87,57683.48,16326.2
ORD-12757,2025-07-20,CUST-1133,Navya Chopra,Consumer,North,Uttar Pradesh,Books,Textbook,1,450.45,450.45,81.9
ORD-10563,2025-07-20,CUST-1249,Myra Kumar,Small Business,West,Maharashtra,Home & Kitchen,Lamp,3,6544.45,19633.35,3985.28
ORD-10644,2025-07-21,CUST-1385,Aarav Malhotra,Consumer,East,Bihar,Home & Kitchen,Mixer Grinder,5,3290.33,16451.65,4369.41
ORD-12187,2025-07-21,CUST-1350,Ananya Reddy,Consumer,Central,Madhya Pradesh,Books,Fiction Novel,1,622.31,622.31,78.54
ORD-11832,2025-07-21,CUST-1308,Arjun Gupta,Corporate,North,Uttar Pradesh,Electronics,Headphones,5,43871.23,219356.15,51684.71
ORD-10376,2025-07-21,CUST-1398,Kiara Patel,Consumer,East,West Bengal,Sports,Football,5,4617.05,23085.25,2139.73
ORD-12515,2025-07-21,CUST-1375,Ananya Bose,Consumer,East,Jharkhand,Books,Biography,6,484.72,2908.32,544.72
ORD-12806,2025-07-21,CUST-1190,Krishna Pillai,Corporate,West,Goa,Electronics,Tablet,2,3970.4,7940.8,2724.58
ORD-10761,2025-07-22,CUST-1062,Myra Agarwal,Consumer,East,Bihar,Books,Biography,5,615.21,3076.05,860.51
ORD-11334,2025-07-22,CUST-1232,Diya Kapoor,Small Business,East,Jharkhand,Books,Fiction Novel,4,294.17,1176.68,144.07
ORD-12360,2025-07-23,CUST-1137,Krishna Kumar,Consumer,North,Uttar Pradesh,Electronics,Smartwatch,2,46437.44,92874.88,19814.55
ORD-10745,2025-07-23,CUST-1261,Krishna Kumar,Consumer,South,Karnataka,Home & Kitchen,Mixer Grinder,7,1039.1,7273.7,1715.15
ORD-11819,2025-07-23,CUST-1384,Aadhya Joshi,Consumer,South,Tamil Nadu,Electronics,Smartwatch,3,39287.5,117862.5,21582.08
ORD-12465,2025-07-23,CUST-1230,Riya Kapoor,Small Business,West,Goa,Books,Fiction Novel,3,365.73,1097.19,126.07
ORD-11167,2025-07-23,CUST-1104,Ananya Verma,Consumer,North,Uttar Pradesh,Electronics,Smartphone,2,34134.45,68268.9,11031.68
ORD-10965,2025-07-24,CUST-1273,Arjun Reddy,Corporate,West,Maharashtra,Electronics,Smartphone,3,18894.61,56683.83,9405.81
ORD-10274,2025-07-24,CUST-1089,Diya Malhotra,Corporate,East,West Bengal,Home & Kitchen,Air Fryer,5,7543.54,37717.7,5661.85
ORD-10202,2025-07-24,CUST-1140,Vivaan Nair,Small Business,South,Karnataka,Sports,Running Shoes,2,3433.02,6866.04,850.9
ORD-11453,2025-07-25,CUST-1099,Aditya Nair,Consumer,East,Odisha,Home & Kitchen,Air Fryer,5,5037.01,25185.05,4278.53
ORD-12345,2025-07-25,CUST-1394,Rohan Sharma,Corporate,North,Punjab,Home & Kitchen,Mixer Grinder,1,1082.88,1082.88,219.45
ORD-11992,2025-07-25,CUST-1324,Navya Kumar,Consumer,East,Odisha,Electronics,Tablet,1,9362.76,9362.76,1614.29
ORD-10331,2025-07-25,CUST-1196,Aadhya Menon,Small Business,North,Uttar Pradesh,Books,Biography,7,190.85,1335.95,455.03
ORD-11853,2025-07-26,CUST-1061,Diya Singh,Consumer,North,Punjab,Books,Comics,5,860.47,4302.35,454.07
ORD-12720,2025-07-26,CUST-1224,Krishna Kapoor,Consumer,North,Haryana,Books,Comics,2,781.89,1563.78,480.4
ORD-12388,2025-07-27,CUST-1033,Arjun Singh,Corporate,West,Maharashtra,Clothing,Jeans,5,2732.46,13662.3,3945.34
ORD-10353,2025-07-27,CUST-1113,Vivaan Singh,Small Business,West,Maharashtra,Electronics,Headphones,7,25666.78,179667.46,55784.36
ORD-11063,2025-07-27,CUST-1336,Aadhya Kapoor,Corporate,East,West Bengal,Home & Kitchen,Lamp,3,5139.85,15419.55,2279.01
ORD-12778,2025-07-27,CUST-1218,Myra Rao,Consumer,West,Maharashtra,Sports,Dumbbells,2,1630.58,3261.16,763.04
ORD-10568,2025-07-27,CUST-1385,Aditya Chopra,Consumer,West,Gujarat,Books,Textbook,7,174.99,1224.93,137.14
ORD-10603,2025-07-27,CUST-1016,Vihaan Nair,Corporate,North,Delhi,Books,Biography,2,243.69,487.38,40.63
ORD-11069,2025-07-27,CUST-1020,Ishita Chopra,Corporate,East,West Bengal,Clothing,Saree,3,1610.05,4830.15,1190.94
ORD-12691,2025-07-27,CUST-1171,Ishaan Pillai,Corporate,North,Punjab,Clothing,Saree,4,3202.93,12811.72,2529.0
ORD-11217,2025-07-27,CUST-1136,Arjun Bose,Corporate,West,Gujarat,Home & Kitchen,Mixer Grinder,2,7283.07,14566.14,1484.21
ORD-12327,2025-07-27,CUST-1059,Ishita Joshi,Small Business,East,Jharkhand,Clothing,Kurta,2,1972.84,3945.68,356.16
ORD-11457,2025-07-28,CUST-1393,Riya Iyer,Small Business,West,Rajasthan,Home & Kitchen,Bedsheet,5,1153.43,5767.15,1667.06
ORD-12063,2025-07-28,CUST-1133,Reyansh Gupta,Corporate,North,Delhi,Books,Textbook,5,355.53,1777.65,381.59
ORD-12344,2025-07-29,CUST-1100,Vivaan Reddy,Small Business,North,Haryana,Electronics,Smartwatch,3,43123.99,129371.97,10538.95
ORD-10286,2025-07-29,CUST-1017,Anika Menon,Consumer,South,Karnataka,Clothing,Jacket,3,2208.08,6624.24,601.94
ORD-12127,2025-07-29,CUST-1094,Krishna Agarwal,Corporate,East,West Bengal,Clothing,Jeans,2,2555.16,5110.32,482.08
ORD-11123,2025-07-29,CUST-1384,Ishita Gupta,Corporate,Central,Chhattisgarh,Home & Kitchen,Lamp,5,6181.09,30905.45,5763.0
ORD-11152,2025-07-30,CUST-1015,Myra Gupta,Corporate,Central,Madhya Pradesh,Electronics,Smartphone,5,35976.3,179881.5,47374.4
ORD-11475,2025-07-30,CUST-1094,Vihaan Patel,Consumer,South,Tamil Nadu,Clothing,Jeans,6,1331.64,7989.84,1137.11
ORD-11150,2025-07-30,CUST-1155,Vihaan Patel,Consumer,North,Punjab,Sports,Dumbbells,3,3212.06,9636.18,869.13
ORD-10040,2025-07-31,CUST-1337,Navya Verma,Small Business,West,Rajasthan,Electronics,Smartwatch,6,33956.71,203740.26,66384.13
ORD-12523,2025-08-01,CUST-1109,Rohan Kapoor,Small Business,East,Bihar,Electronics,Headphones,3,59660.95,178982.85,56498.19
ORD-10888,2025-08-01,CUST-1151,Diya Kumar,Consumer,Central,Madhya Pradesh,Clothing,Jeans,3,1467.96,4403.88,952.92
ORD-11891,2025-08-01,CUST-1206,Saanvi Sharma,Consumer,East,West Bengal,Home & Kitchen,Bedsheet,5,7405.2,37026.0,3180.0
ORD-11314,2025-08-02,CUST-1295,Krishna Pillai,Consumer,South,Telangana,Sports,Running Shoes,1,4601.81,4601.81,711.54
ORD-11700,2025-08-02,CUST-1191,Kiara Bhatt,Consumer,North,Delhi,Clothing,Kurta,1,2943.41,2943.41,735.15
ORD-12053,2025-08-02,CUST-1234,Arjun Singh,Consumer,East,Odisha,Clothing,Jeans,3,1089.38,3268.14,1125.1
ORD-11866,2025-08-02,CUST-1132,Myra Agarwal,Consumer,South,Telangana,Home & Kitchen,Mixer Grinder,6,1132.53,6795.18,2191.08
ORD-12039,2025-08-02,CUST-1139,Saanvi Bhatt,Consumer,Central,Madhya Pradesh,Sports,Football,7,1906.81,13347.67,3401.99
ORD-10201,2025-08-02,CUST-1356,Diya Chopra,Small Business,Central,Chhattisgarh,Clothing,Jacket,1,945.9,945.9,287.49
ORD-11539,2025-08-03,CUST-1235,Vihaan Joshi,Corporate,East,Bihar,Electronics,Headphones,3,42611.65,127834.95,26711.23
ORD-12832,2025-08-03,CUST-1350,Ishaan Bhatt,Small Business,South,Tamil Nadu,Home & Kitchen,Lamp,5,2330.98,11654.9,4032.06
ORD-12154,2025-08-03,CUST-1370,Arjun Verma,Consumer,East,West Bengal,Clothing,Saree,6,2531.07,15186.42,4127.46
ORD-10023,2025-08-03,CUST-1219,Arjun Joshi,Consumer,East,Bihar,Electronics,Laptop,5,7008.18,35040.9,10025.5
ORD-12399,2025-08-03,CUST-1271,Rohan Bhatt,Corporate,North,Punjab,Electronics,Tablet,7,3562.89,24940.23,3129.65
ORD-11585,2025-08-03,CUST-1248,Navya Malhotra,Small Business,South,Kerala,Clothing,Jeans,3,3283.93,9851.79,1826.6
ORD-12796,2025-08-03,CUST-1013,Ishaan Pillai,Consumer,Central,Madhya Pradesh,Electronics,Smartwatch,2,26702.5,53405.0,12787.16
ORD-12097,2025-08-04,CUST-1349,Myra Menon,Consumer,Central,Chhattisgarh,Books,Biography,7,594.72,4163.04,1351.52
ORD-12789,2025-08-04,CUST-1029,Aarav Singh,Consumer,North,Delhi,Sports,Football,7,4065.15,28456.05,8064.08
ORD-11599,2025-08-04,CUST-1083,Ishita Singh,Small Business,West,Rajasthan,Sports,Running Shoes,6,2063.95,12383.7,1201.43
ORD-11789,2025-08-04,CUST-1367,Anika Sharma,Consumer,West,Maharashtra,Electronics,Smartphone,6,2092.17,12553.02,4287.89
ORD-11614,2025-08-04,CUST-1112,Myra Kapoor,Consumer,North,Punjab,Clothing,Jacket,7,2346.97,16428.79,2357.91
ORD-10048,2025-08-04,CUST-1228,Riya Nair,Consumer,North,Uttar Pradesh,Books,Fiction Novel,4,838.05,3352.2,1150.7
ORD-11201,2025-08-04,CUST-1030,Ananya Pillai,Corporate,South,Telangana,Electronics,Smartphone,5,49163.97,245819.85,52306.62
ORD-12898,2025-08-04,CUST-1109,Navya Patel,Consumer,North,Uttar Pradesh,Home & Kitchen,Lamp,7,7993.86,55957.02,17531.76
ORD-11013,2025-08-05,CUST-1165,Riya Menon,Consumer,Central,Chhattisgarh,Electronics,Tablet,4,30393.5,121574.0,25792.08
ORD-11497,2025-08-05,CUST-1363,Ananya Kumar,Corporate,North,Uttar Pradesh,Clothing,Kurta,3,1380.15,4140.45,1390.29
ORD-11033,2025-08-05,CUST-1329,Riya Kapoor,Consumer,West,Rajasthan,Books,Self-Help,1,266.55,266.55,27.38
ORD-11094,2025-08-05,CUST-1188,Ananya Verma,Consumer,North,Delhi,Clothing,Jacket,4,3259.88,13039.52,1167.04
ORD-12585,2025-08-05,CUST-1327,Rohan Kapoor,Consumer,Central,Madhya Pradesh,Clothing,Jacket,1,2285.87,2285.87,222.5
ORD-12521,2025-08-05,CUST-1082,Myra Menon,Consumer,Central,Chhattisgarh,Electronics,Headphones,5,2005.66,10028.3,2923.69
ORD-10833,2025-08-05,CUST-1030,Saanvi Kapoor,Corporate,North,Haryana,Sports,Football,2,3009.62,6019.24,2047.97
ORD-11656,2025-08-06,CUST-1309,Riya Bose,Corporate,West,Maharashtra,Home & Kitchen,Lamp,2,5478.76,10957.52,1574.59
ORD-10686,2025-08-06,CUST-1050,Myra Reddy,Small Business,North,Delhi,Electronics,Headphones,1,17876.33,17876.33,5312.25
ORD-10255,2025-08-06,CUST-1038,Krishna Mehta,Consumer,South,Telangana,Electronics,Headphones,4,22286.21,89144.84,10667.87
ORD-10987,2025-08-07,CUST-1304,Ananya Reddy,Consumer,East,Jharkhand,Clothing,Saree,6,2532.1,15192.6,2384.1
ORD-10991,2025-08-07,CUST-1058,Ishaan Sharma,Consumer,East,Odisha,Clothing,Kurta,6,1061.8,6370.8,755.4
ORD-12486,2025-08-08,CUST-1120,Kiara Singh,Consumer,East,Jharkhand,Home & Kitchen,Air Fryer,5,1972.34,9861.7,1917.25
ORD-11174,2025-08-08,CUST-1272,Ishita Bose,Corporate,West,Maharashtra,Clothing,Saree,3,542.35,1627.05,233.8
ORD-11488,2025-08-08,CUST-1363,Riya Menon,Corporate,North,Punjab,Clothing,Kurta,7,1307.21,9150.47,870.67
ORD-12430,2025-08-09,CUST-1221,Anika Iyer,Consumer,West,Rajasthan,Home & Kitchen,Lamp,5,5396.9,26984.5,3934.7
ORD-11840,2025-08-09,CUST-1236,Navya Nair,Consumer,North,Delhi,Electronics,Smartphone,4,54268.13,217072.52,25422.24
ORD-12054,2025-08-09,CUST-1309,Aditya Pillai,Consumer,East,Jharkhand,Clothing,Saree,2,496.86,993.72,344.47
ORD-12233,2025-08-09,CUST-1250,Vihaan Gupta,Consumer,Central,Madhya Pradesh,Sports,Dumbbells,5,918.21,4591.05,1265.48
ORD-11579,2025-08-09,CUST-1236,Vivaan Mehta,Consumer,East,Odisha,Home & Kitchen,Bedsheet,7,7919.71,55437.97,14630.35
ORD-10506,2025-08-09,CUST-1327,Ishita Sharma,Corporate,North,Punjab,Books,Fiction Novel,1,472.09,472.09,57.83
ORD-10691,2025-08-09,CUST-1374,Vihaan Reddy,Consumer,East,Bihar,Home & Kitchen,Air Fryer,4,1394.47,5577.88,1154.44
ORD-10207,2025-08-10,CUST-1278,Aadhya Singh,Small Business,West,Rajasthan,Electronics,Laptop,2,53499.91,106999.82,25714.91
ORD-11910,2025-08-10,CUST-1314,Riya Bhatt,Consumer,South,Telangana,Clothing,Kurta,1,3455.29,3455.29,902.9
ORD-10052,2025-08-10,CUST-1360,Krishna Chopra,Small Business,South,Karnataka,Home & Kitchen,Bedsheet,5,1815.57,9077.85,2008.27
ORD-12687,2025-08-10,CUST-1325,Rohan Patel,Small Business,North,Delhi,Clothing,Jeans,5,1081.01,5405.05,780.93
ORD-12501,2025-08-11,CUST-1130,Ishaan Menon,Corporate,West,Maharashtra,Books,Biography,7,577.05,4039.35,1242.42
ORD-11613,2025-08-11,CUST-1338,Myra Menon,Consumer,South,Telangana,Books,Fiction Novel,4,876.52,3506.08,592.2
ORD-10868,2025-08-11,CUST-1234,Ishaan Sharma,Small Business,Central,Chhattisgarh,Books,Self-Help,1,203.11,203.11,47.89
ORD-12022,2025-08-11,CUST-1085,Diya Mehta,Consumer,North,Delhi,Electronics,Headphones,5,3791.66,18958.3,1658.93
ORD-10093,2025-08-11,CUST-1105,Navya Bose,Corporate,North,Punjab,Clothing,Jeans,7,3349.8,23448.6,5779.69
ORD-11018,2025-08-11,CUST-1102,Anika Bhatt,Small Business,South,Karnataka,Electronics,Tablet,4,29816.68,119266.72,22616.46
ORD-11965,2025-08-12,CUST-1022,Ishaan Joshi,Corporate,West,Maharashtra,Home & Kitchen,Air Fryer,4,1586.15,6344.6,1875.96
ORD-11944,2025-08-12,CUST-1034,Arjun Patel,Corporate,North,Haryana,Home & Kitchen,Mixer Grinder,7,3080.63,21564.41,3004.47
ORD-10114,2025-08-12,CUST-1322,Reyansh Bhatt,Consumer,East,West Bengal,Clothing,Jeans,2,2624.55,5249.1,567.48
ORD-11744,2025-08-12,CUST-1241,Aarav Kumar,Corporate,South,Telangana,Home & Kitchen,Lamp,4,5142.17,20568.68,5020.81
ORD-12561,2025-08-12,CUST-1285,Rohan Singh,Consumer,East,Jharkhand,Books,Self-Help,2,386.04,772.08,196.15
ORD-10805,2025-08-12,CUST-1190,Sai Patel,Consumer,West,Gujarat,Books,Textbook,4,423.41,1693.64,191.07
ORD-12201,2025-08-13,CUST-1105,Aadhya Iyer,Corporate,West,Gujarat,Books,Textbook,6,321.61,1929.66,475.99
ORD-10575,2025-08-13,CUST-1279,Sai Bose,Corporate,South,Kerala,Electronics,Tablet,7,34450.47,241153.29,82373.25
ORD-11773,2025-08-13,CUST-1215,Arjun Joshi,Corporate,Central,Madhya Pradesh,Home & Kitchen,Mixer Grinder,2,5300.03,10600.06,1051.74
ORD-10936,2025-08-13,CUST-1095,Krishna Kapoor,Consumer,Central,Chhattisgarh,Home & Kitchen,Mixer Grinder,5,2354.9,11774.5,2926.79
ORD-12024,2025-08-13,CUST-1322,Rohan Malhotra,Corporate,Central,Chhattisgarh,Home & Kitchen,Cookware Set,7,2922.24,20455.68,3738.94
ORD-12855,2025-08-14,CUST-1285,Vihaan Bose,Consumer,Central,Madhya Pradesh,Home & Kitchen,Air Fryer,7,2122.9,14860.3,2737.41
ORD-10910,2025-08-14,CUST-1355,Sai Singh,Consumer,East,Jharkhand,Home & Kitchen,Air Fryer,4,5066.97,20267.88,6494.11
ORD-12047,2025-08-14,CUST-1370,Kiara Malhotra,Corporate,East,Jharkhand,Electronics,Laptop,3,59227.13,177681.39,40057.22
ORD-10334,2025-08-14,CUST-1035,Rohan Verma,Small Business,West,Gujarat,Clothing,Saree,1,702.27,702.27,183.1
ORD-10685,2025-08-15,CUST-1345,Vihaan Singh,Consumer,Central,Chhattisgarh,Home & Kitchen,Lamp,4,5939.67,23758.68,3933.21
ORD-12130,2025-08-15,CUST-1048,Krishna Pillai,Consumer,North,Uttar Pradesh,Electronics,Laptop,7,14068.64,98480.48,10888.89
ORD-10473,2025-08-15,CUST-1060,Ishaan Chopra,Small Business,West,Goa,Books,Biography,2,816.2,1632.4,398.11
ORD-11247,2025-08-15,CUST-1036,Riya Reddy,Corporate,South,Tamil Nadu,Clothing,Jeans,4,3393.08,13572.32,2312.77
ORD-12819,2025-08-15,CUST-1195,Anika Rao,Corporate,Central,Madhya Pradesh,Electronics,Laptop,2,4567.75,9135.5,2984.03
ORD-10082,2025-08-15,CUST-1353,Aditya Nair,Small Business,North,Delhi,Clothing,Saree,3,2675.12,8025.36,982.96
ORD-11822,2025-08-15,CUST-1181,Riya Rao,Corporate,North,Punjab,Electronics,Smartphone,7,37952.22,265665.54,73164.34
ORD-10096,2025-08-16,CUST-1034,Rohan Menon,Consumer,North,Haryana,Electronics,Smartphone,5,5723.61,28618.05,7908.19
ORD-11689,2025-08-16,CUST-1219,Ananya Sharma,Corporate,North,Haryana,Home & Kitchen,Bedsheet,4,7780.51,31122.04,4746.61
ORD-12944,2025-08-16,CUST-1225,Saanvi Mehta,Consumer,South,Kerala,Home & Kitchen,Lamp,3,3714.19,11142.57,2819.49
ORD-10217,2025-08-17,CUST-1388,Diya Chopra,Consumer,East,Jharkhand,Home & Kitchen,Bedsheet,3,3786.0,11358.0,1666.51
ORD-11081,2025-08-17,CUST-1168,Kiara Menon,Consumer,West,Goa,Clothing,Kurta,5,1738.12,8690.6,3041.25
ORD-12734,2025-08-17,CUST-1048,Aditya Bhatt,Consumer,East,Odisha,Clothing,Saree,2,2684.4,5368.8,1362.59
ORD-12903,2025-08-18,CUST-1303,Navya Agarwal,Small Business,South,Kerala,Books,Fiction Novel,1,479.92,479.92,124.55
ORD-10827,2025-08-18,CUST-1373,Kiara Verma,Corporate,West,Maharashtra,Clothing,T-Shirt,5,763.03,3815.15,876.08
ORD-10051,2025-08-18,CUST-1093,Sai Gupta,Corporate,South,Karnataka,Electronics,Smartphone,7,55877.45,391142.15,130387.99
ORD-11239,2025-08-18,CUST-1293,Sai Gupta,Corporate,East,West Bengal,Electronics,Tablet,4,38723.71,154894.84,27918.57
ORD-10739,2025-08-19,CUST-1050,Krishna Pillai,Corporate,West,Rajasthan,Electronics,Headphones,2,26503.16,53006.32,11082.89
ORD-10635,2025-08-19,CUST-1308,Diya Patel,Corporate,South,Karnataka,Sports,Yoga Mat,2,4116.31,8232.62,1368.84
ORD-12850,2025-08-19,CUST-1146,Ishaan Verma,Corporate,West,Goa,Sports,Cricket Bat,4,657.99,2631.96,792.65
ORD-12281,2025-08-19,CUST-1140,Reyansh Mehta,Corporate,Central,Madhya Pradesh,Electronics,Headphones,4,30639.16,122556.64,35984.22
ORD-12422,2025-08-19,CUST-1223,Sai Reddy,Consumer,West,Goa,Clothing,Jeans,5,2971.72,14858.6,4338.77
ORD-10317,2025-08-19,CUST-1332,Ishaan Joshi,Small Business,North,Uttar Pradesh,Home & Kitchen,Lamp,5,926.09,4630.45,1177.54
ORD-11876,2025-08-19,CUST-1098,Ishita Patel,Small Business,West,Rajasthan,Electronics,Smartphone,6,30842.96,185057.76,56593.36
ORD-12670,2025-08-20,CUST-1120,Arjun Agarwal,Corporate,South,Telangana,Sports,Running Shoes,7,3101.25,21708.75,2628.92
ORD-10055,2025-08-20,CUST-1227,Saanvi Bose,Consumer,West,Maharashtra,Sports,Cricket Bat,5,1377.48,6887.4,1894.09
ORD-10953,2025-08-20,CUST-1171,Sai Bose,Consumer,South,Telangana,Sports,Yoga Mat,5,1922.46,9612.3,1251.46
ORD-11620,2025-08-20,CUST-1292,Anika Bose,Consumer,West,Rajasthan,Home & Kitchen,Bedsheet,6,2031.34,12188.04,1457.52
ORD-10247,2025-08-20,CUST-1354,Kiara Chopra,Corporate,North,Punjab,Sports,Cricket Bat,3,4956.19,14868.57,4227.39
ORD-10463,2025-08-20,CUST-1367,Rohan Malhotra,Corporate,North,Delhi,Home & Kitchen,Mixer Grinder,6,3860.46,23162.76,7371.76
ORD-10410,2025-08-21,CUST-1313,Sai Verma,Small Business,East,Jharkhand,Clothing,Saree,2,2908.5,5817.0,936.44
ORD-10232,2025-08-21,CUST-1133,Krishna Verma,Consumer,North,Punjab,Clothing,Saree,4,900.22,3600.88,1154.19
ORD-10705,2025-08-22,CUST-1062,Ananya Gupta,Consumer,East,Odisha,Electronics,Smartwatch,4,19844.15,79376.6,19679.83
ORD-11121,2025-08-22,CUST-1201,Sai Nair,Consumer,West,Maharashtra,Home & Kitchen,Bedsheet,1,7936.47,7936.47,766.38
ORD-10395,2025-08-22,CUST-1276,Saanvi Menon,Consumer,North,Punjab,Books,Self-Help,6,331.24,1987.44,329.05
ORD-10203,2025-08-22,CUST-1155,Vihaan Kumar,Small Business,West,Maharashtra,Clothing,T-Shirt,2,542.78,1085.56,323.75
ORD-12027,2025-08-22,CUST-1030,Sai Rao,Corporate,South,Kerala,Electronics,Smartwatch,7,37409.73,261868.11,90716.5
ORD-12186,2025-08-23,CUST-1046,Diya Mehta,Consumer,South,Kerala,Clothing,Jeans,1,3129.49,3129.49,545.5
ORD-10602,2025-08-23,CUST-1365,Krishna Iyer,Consumer,West,Goa,Electronics,Smartwatch,5,5302.55,26512.75,5446.71
ORD-12925,2025-08-23,CUST-1383,Ananya Pillai,Small Business,East,Jharkhand,Electronics,Headphones,1,23042.72,23042.72,3618.57
ORD-11594,2025-08-23,CUST-1357,Ishaan Gupta,Consumer,South,Tamil Nadu,Home & Kitchen,Air Fryer,4,1009.23,4036.92,1397.45
ORD-10546,2025-08-23,CUST-1297,Ishita Nair,Corporate,North,Haryana,Clothing,Saree,5,994.81,4974.05,621.98
ORD-12114,2025-08-23,CUST-1129,Aditya Menon,Consumer,West,Gujarat,Electronics,Smartwatch,1,18376.14,18376.14,3246.17
ORD-12296,2025-08-23,CUST-1206,Anika Nair,Consumer,South,Karnataka,Electronics,Smartwatch,3,39169.52,117508.56,11729.85
ORD-10197,2025-08-24,CUST-1016,Kiara Iyer,Consumer,Central,Madhya Pradesh,Books,Comics,3,785.4,2356.2,364.23
ORD-10858,2025-08-24,CUST-1352,Diya Sharma,Corporate,Central,Madhya Pradesh,Clothing,Jeans,7,829.17,5804.19,1202.93
ORD-11546,2025-08-24,CUST-1296,Rohan Pillai,Consumer,East,West Bengal,Home & Kitchen,Bedsheet,2,5591.01,11182.02,3431.02
ORD-12237,2025-08-24,CUST-1194,Aditya Bose,Small Business,West,Gujarat,Electronics,Tablet,5,52784.18,263920.9,80530.76
ORD-12573,2025-08-25,CUST-1294,Saanvi Kapoor,Consumer,South,Tamil Nadu,Electronics,Headphones,2,49324.2,98648.4,18741.94
ORD-12622,2025-08-25,CUST-1286,Aditya Iyer,Small Business,South,Kerala,Home & Kitchen,Bedsheet,3,6826.44,20479.32,2300.01
ORD-10158,2025-08-25,CUST-1029,Aditya Menon,Consumer,South,Tamil Nadu,Clothing,Kurta,7,1709.9,11969.3,1862.54
ORD-11769,2025-08-25,CUST-1042,Riya Verma,Small Business,North,Delhi,Electronics,Headphones,7,36021.35,252149.45,28727.11
ORD-12437,2025-08-25,CUST-1133,Ishaan Rao,Corporate,North,Punjab,Electronics,Tablet,2,22301.09,44602.18,7123.9
ORD-11739,2025-08-26,CUST-1128,Krishna Menon,Consumer,South,Telangana,Electronics,Smartwatch,7,9988.87,69922.09,6689.31
ORD-12951,2025-08-26,CUST-1085,Kiara Reddy,Consumer,Central,Madhya Pradesh,Electronics,Smartphone,5,15978.37,79891.85,22904.39
ORD-11812,2025-08-26,CUST-1222,Vivaan Menon,Corporate,North,Punjab,Electronics,Headphones,3,34089.0,102267.0,34681.68
ORD-10177,2025-08-26,CUST-1098,Riya Agarwal,Consumer,East,West Bengal,Clothing,Jeans,4,1410.05,5640.2,676.57
ORD-11893,2025-08-27,CUST-1350,Navya Bhatt,Consumer,North,Haryana,Electronics,Smartwatch,1,11257.9,11257.9,3932.37
ORD-12322,2025-08-27,CUST-1346,Ananya Malhotra,Corporate,West,Gujarat,Electronics,Headphones,2,28420.83,56841.66,17112.27
ORD-12389,2025-08-27,CUST-1283,Anika Menon,Corporate,South,Kerala,Clothing,Jacket,3,2147.45,6442.35,1406.6
ORD-12463,2025-08-27,CUST-1265,Ishita Mehta,Corporate,East,West Bengal,Home & Kitchen,Mixer Grinder,4,5899.89,23599.56,3933.2
ORD-10163,2025-08-27,CUST-1310,Riya Singh,Corporate,North,Delhi,Home & Kitchen,Bedsheet,7,6421.95,44953.65,6892.45
ORD-10986,2025-08-27,CUST-1335,Vivaan Malhotra,Consumer,West,Maharashtra,Electronics,Headphones,3,31904.94,95714.82,22128.34
ORD-10900,2025-08-27,CUST-1210,Sai Sharma,Consumer,North,Delhi,Books,Textbook,7,660.16,4621.12,781.82
ORD-11287,2025-08-27,CUST-1024,Krishna Menon,Small Business,East,Odisha,Clothing,Saree,3,2293.42,6880.26,2303.0
ORD-12631,2025-08-27,CUST-1104,Vivaan Bhatt,Consumer,North,Haryana,Sports,Cricket Bat,5,4033.92,20169.6,6725.54
ORD-10190,2025-08-28,CUST-1303,Anika Kumar,Small Business,South,Telangana,Books,Comics,7,306.66,2146.62,386.07
ORD-10478,2025-08-28,CUST-1295,Ananya Agarwal,Corporate,South,Kerala,Electronics,Smartwatch,1,33715.39,33715.39,5049.42
ORD-11817,2025-08-28,CUST-1215,Diya Menon,Corporate,West,Rajasthan,Home & Kitchen,Bedsheet,1,4235.6,4235.6,974.78
ORD-10242,2025-08-28,CUST-1370,Navya Malhotra,Corporate,West,Gujarat,Clothing,T-Shirt,2,3371.34,6742.68,1698.65
ORD-12198,2025-08-28,CUST-1164,Sai Bose,Small Business,North,Punjab,Clothing,Kurta,2,572.11,1144.22,264.31
ORD-10049,2025-08-28,CUST-1172,Krishna Menon,Corporate,North,Haryana,Books,Self-Help,4,299.63,1198.52,267.34
ORD-11781,2025-08-29,CUST-1036,Krishna Agarwal,Consumer,North,Uttar Pradesh,Electronics,Tablet,6,21339.86,128039.16,17576.55
ORD-12312,2025-08-29,CUST-1006,Vihaan Verma,Consumer,West,Gujarat,Books,Comics,7,508.25,3557.75,857.39
ORD-12605,2025-08-30,CUST-1023,Saanvi Joshi,Corporate,North,Delhi,Sports,Yoga Mat,3,3733.35,11200.05,2883.81
ORD-10123,2025-08-30,CUST-1253,Sai Chopra,Consumer,East,Bihar,Clothing,Jeans,2,871.28,1742.56,166.77
ORD-12299,2025-08-30,CUST-1374,Sai Menon,Consumer,East,Odisha,Home & Kitchen,Lamp,3,6264.37,18793.11,3955.51
ORD-11750,2025-08-30,CUST-1095,Ananya Kapoor,Consumer,East,West Bengal,Books,Fiction Novel,3,410.6,1231.8,246.84
ORD-11968,2025-09-01,CUST-1282,Sai Reddy,Consumer,East,West Bengal,Electronics,Headphones,3,13276.9,39830.7,7888.39
ORD-11993,2025-09-01,CUST-1357,Riya Rao,Small Business,North,Delhi,Sports,Yoga Mat,2,2758.82,5517.64,486.12
ORD-12410,2025-09-01,CUST-1177,Krishna Rao,Corporate,North,Delhi,Clothing,Jeans,1,3439.5,3439.5,1093.59
ORD-10768,2025-09-01,CUST-1100,Riya Iyer,Small Business,South,Kerala,Sports,Running Shoes,5,932.27,4661.35,590.37
ORD-10346,2025-09-02,CUST-1041,Riya Iyer,Small Business,South,Karnataka,Sports,Dumbbells,2,1778.76,3557.52,932.02
ORD-10302,2025-09-02,CUST-1193,Aarav Agarwal,Consumer,West,Rajasthan,Books,Self-Help,5,423.5,2117.5,550.52
ORD-11440,2025-09-02,CUST-1395,Diya Reddy,Consumer,North,Punjab,Electronics,Laptop,5,30956.8,154784.0,43278.08
ORD-10276,2025-09-02,CUST-1165,Saanvi Agarwal,Consumer,South,Telangana,Electronics,Smartphone,1,22462.58,22462.58,5293.25
ORD-11797,2025-09-03,CUST-1376,Vivaan Agarwal,Consumer,South,Karnataka,Books,Fiction Novel,4,530.71,2122.84,480.04
ORD-11329,2025-09-03,CUST-1089,Diya Bose,Consumer,East,Bihar,Sports,Cricket Bat,1,4818.91,4818.91,1080.78
ORD-11214,2025-09-03,CUST-1255,Reyansh Mehta,Consumer,North,Delhi,Clothing,Jeans,7,1361.74,9532.18,2439.23
ORD-11856,2025-09-03,CUST-1350,Reyansh Menon,Consumer,North,Uttar Pradesh,Clothing,Kurta,4,1794.99,7179.96,1884.22
ORD-12692,2025-09-04,CUST-1348,Navya Mehta,Small Business,South,Telangana,Electronics,Smartwatch,4,26890.11,107560.44,30661.12
ORD-10925,2025-09-04,CUST-1044,Sai Nair,Consumer,West,Gujarat,Books,Biography,2,896.88,1793.76,619.3
ORD-10204,2025-09-04,CUST-1247,Vihaan Iyer,Consumer,North,Delhi,Clothing,Saree,7,3479.09,24353.63,4528.89
ORD-11456,2025-09-04,CUST-1038,Kiara Gupta,Corporate,North,Punjab,Home & Kitchen,Bedsheet,3,7317.12,21951.36,4080.19
ORD-12450,2025-09-04,CUST-1007,Vivaan Mehta,Consumer,East,Bihar,Electronics,Smartwatch,3,44181.51,132544.53,13053.1
ORD-12385,2025-09-05,CUST-1301,Aditya Joshi,Consumer,West,Rajasthan,Clothing,Saree,7,2724.52,19071.64,1990.86
ORD-11240,2025-09-05,CUST-1364,Reyansh Nair,Corporate,Central,Madhya Pradesh,Clothing,Jacket,6,2659.69,15958.14,1447.15
ORD-11398,2025-09-05,CUST-1284,Aditya Reddy,Consumer,Central,Madhya Pradesh,Electronics,Laptop,2,38823.63,77647.26,7543.53
ORD-11219,2025-09-06,CUST-1340,Anika Reddy,Consumer,South,Karnataka,Electronics,Laptop,3,5604.47,16813.41,5595.03
ORD-12482,2025-09-06,CUST-1035,Anika Menon,Small Business,South,Karnataka,Clothing,Jeans,5,3234.01,16170.05,1905.13
ORD-10429,2025-09-06,CUST-1128,Vihaan Kumar,Consumer,South,Telangana,Home & Kitchen,Air Fryer,3,1343.39,4030.17,765.18
ORD-11894,2025-09-07,CUST-1081,Riya Nair,Consumer,West,Rajasthan,Clothing,Kurta,7,1302.07,9114.49,1186.73
ORD-10704,2025-09-07,CUST-1280,Reyansh Singh,Corporate,North,Punjab,Clothing,Saree,3,811.2,2433.6,301.74
ORD-12108,2025-09-07,CUST-1019,Vivaan Bose,Consumer,North,Punjab,Clothing,Kurta,2,1919.65,3839.3,1228.92
ORD-11111,2025-09-07,CUST-1322,Aarav Mehta,Consumer,North,Punjab,Books,Biography,4,160.05,640.2,214.01
ORD-12502,2025-09-07,CUST-1009,Arjun Iyer,Small Business,North,Uttar Pradesh,Home & Kitchen,Lamp,1,6851.49,6851.49,1256.35
ORD-11137,2025-09-08,CUST-1263,Vivaan Joshi,Corporate,South,Telangana,Home & Kitchen,Bedsheet,7,3287.15,23010.05,3950.96
ORD-10672,2025-09-08,CUST-1356,Vihaan Patel,Consumer,Central,Chhattisgarh,Clothing,Kurta,6,3023.59,18141.54,3430.74
ORD-11139,2025-09-08,CUST-1169,Myra Agarwal,Consumer,West,Maharashtra,Home & Kitchen,Air Fryer,1,1940.0,1940.0,443.69
ORD-10723,2025-09-08,CUST-1279,Riya Singh,Small Business,South,Telangana,Clothing,Jeans,4,1760.62,7042.48,1474.61
ORD-11712,2025-09-08,CUST-1216,Vihaan Bose,Consumer,North,Delhi,Clothing,T-Shirt,1,776.53,776.53,149.76
ORD-12541,2025-09-09,CUST-1168,Myra Verma,Consumer,North,Delhi,Electronics,Smartwatch,6,17468.14,104808.84,36409.8
ORD-12937,2025-09-09,CUST-1326,Rohan Rao,Consumer,East,Odisha,Sports,Football,7,1037.02,7259.14,781.69
ORD-11715,2025-09-09,CUST-1069,Aditya Rao,Small Business,West,Gujarat,Home & Kitchen,Mixer Grinder,6,7732.05,46392.3,4785.14
ORD-11638,2025-09-09,CUST-1224,Riya Bose,Consumer,North,Delhi,Home & Kitchen,Air Fryer,5,5512.86,27564.3,5719.3
ORD-10166,2025-09-09,CUST-1058,Anika Menon,Consumer,South,Tamil Nadu,Electronics,Tablet,7,35124.6,245872.2,81370.23
ORD-12657,2025-09-10,CUST-1093,Navya Agarwal,Consumer,North,Delhi,Electronics,Headphones,5,16885.99,84429.95,13965.2
ORD-10142,2025-09-10,CUST-1034,Riya Menon,Small Business,North,Punjab,Home & Kitchen,Mixer Grinder,6,4016.82,24100.92,8027.66
ORD-12175,2025-09-10,CUST-1023,Ananya Mehta,Consumer,North,Uttar Pradesh,Sports,Cricket Bat,5,4600.24,23001.2,4105.87
ORD-10227,2025-09-10,CUST-1055,Ishaan Bhatt,Small Business,East,West Bengal,Books,Fiction Novel,3,679.1,2037.3,406.42
ORD-10796,2025-09-10,CUST-1265,Navya Bose,Consumer,West,Gujarat,Home & Kitchen,Mixer Grinder,5,7491.37,37456.85,10104.04
ORD-12076,2025-09-11,CUST-1239,Krishna Pillai,Consumer,North,Haryana,Home & Kitchen,Lamp,2,2917.81,5835.62,1061.77
ORD-12529,2025-09-11,CUST-1347,Ishaan Bose,Corporate,North,Uttar Pradesh,Clothing,Jacket,2,1736.61,3473.22,906.35
ORD-10749,2025-09-11,CUST-1093,Sai Iyer,Consumer,West,Gujarat,Sports,Dumbbells,1,4658.89,4658.89,1028.07
ORD-11792,2025-09-11,CUST-1160,Ishaan Kumar,Small Business,East,West Bengal,Clothing,Jeans,3,638.72,1916.16,298.42
ORD-10787,2025-09-12,CUST-1293,Aditya Pillai,Consumer,East,Odisha,Sports,Running Shoes,4,4150.38,16601.52,1686.24
ORD-12971,2025-09-12,CUST-1201,Aarav Menon,Corporate,North,Haryana,Books,Self-Help,6,893.04,5358.24,1436.63
ORD-12274,2025-09-13,CUST-1285,Kiara Verma,Consumer,West,Gujarat,Sports,Football,1,2109.67,2109.67,713.82
ORD-10816,2025-09-13,CUST-1337,Reyansh Pillai,Small Business,North,Punjab,Sports,Running Shoes,2,2903.01,5806.02,1609.96
ORD-11122,2025-09-13,CUST-1046,Riya Patel,Corporate,East,Jharkhand,Electronics,Laptop,7,39867.16,279070.12,43750.62
ORD-12920,2025-09-14,CUST-1094,Riya Pillai,Corporate,Central,Madhya Pradesh,Sports,Cricket Bat,5,4453.73,22268.65,4347.02
ORD-10937,2025-09-14,CUST-1276,Sai Sharma,Corporate,Central,Madhya Pradesh,Sports,Dumbbells,1,606.77,606.77,121.23
ORD-10047,2025-09-14,CUST-1281,Sai Pillai,Consumer,West,Maharashtra,Home & Kitchen,Cookware Set,2,3044.58,6089.16,857.6
ORD-12678,2025-09-14,CUST-1394,Vivaan Menon,Consumer,South,Karnataka,Electronics,Smartwatch,1,54133.97,54133.97,5476.1
ORD-10455,2025-09-14,CUST-1288,Aarav Chopra,Consumer,West,Rajasthan,Books,Textbook,6,874.94,5249.64,622.36
ORD-11561,2025-09-14,CUST-1278,Aditya Iyer,Consumer,North,Punjab,Electronics,Smartphone,7,38015.47,266108.29,53398.45
ORD-12326,2025-09-15,CUST-1143,Diya Bhatt,Consumer,North,Uttar Pradesh,Clothing,Kurta,4,2881.53,11526.12,2006.7
ORD-11522,2025-09-15,CUST-1362,Sai Reddy,Small Business,North,Delhi,Electronics,Smartwatch,1,41856.32,41856.32,6382.97
ORD-11830,2025-09-15,CUST-1378,Saanvi Patel,Consumer,West,Goa,Sports,Dumbbells,6,3525.32,21151.92,4652.95
ORD-12891,2025-09-15,CUST-1053,Diya Iyer,Corporate,North,Delhi,Clothing,Kurta,5,3221.72,16108.6,4011.72
ORD-10772,2025-09-15,CUST-1239,Ishaan Reddy,Consumer,East,West Bengal,Home & Kitchen,Cookware Set,1,1943.16,1943.16,614.54
ORD-12070,2025-09-15,CUST-1374,Sai Gupta,Small Business,North,Punjab,Electronics,Tablet,7,28551.82,199862.74,35615.64
ORD-11225,2025-09-15,CUST-1084,Reyansh Singh,Corporate,West,Gujarat,Electronics,Tablet,2,58374.95,116749.9,37382.43
ORD-12711,2025-09-15,CUST-1198,Reyansh Iyer,Consumer,West,Rajasthan,Sports,Cricket Bat,3,994.07,2982.21,460.35
ORD-12151,2025-09-16,CUST-1123,Saanvi Kumar,Corporate,North,Delhi,Home & Kitchen,Mixer Grinder,4,1847.38,7389.52,688.77
ORD-10806,2025-09-16,CUST-1021,Diya Menon,Consumer,North,Punjab,Electronics,Smartphone,7,51474.66,360322.62,109772.65
ORD-10508,2025-09-16,CUST-1374,Kiara Kumar,Consumer,South,Kerala,Clothing,Saree,4,1171.05,4684.2,1271.59
ORD-10128,2025-09-16,CUST-1009,Myra Sharma,Corporate,Central,Madhya Pradesh,Home & Kitchen,Mixer Grinder,2,4014.93,8029.86,2583.06
ORD-12690,2025-09-16,CUST-1356,Ananya Menon,Consumer,North,Punjab,Electronics,Laptop,7,53052.47,371367.29,102285.74
ORD-10133,2025-09-17,CUST-1375,Aadhya Agarwal,Consumer,Central,Chhattisgarh,Sports,Dumbbells,5,4618.95,23094.75,3420.45
ORD-11749,2025-09-17,CUST-1173,Arjun Iyer,Small Business,West,Maharashtra,Clothing,T-Shirt,5,520.81,2604.05,341.45
ORD-12295,2025-09-18,CUST-1398,Sai Verma,Small Business,North,Uttar Pradesh,Clothing,Saree,4,2508.34,10033.36,1824.93
ORD-10882,2025-09-19,CUST-1060,Ishaan Mehta,Consumer,West,Rajasthan,Clothing,Jacket,6,2515.69,15094.14,1506.51
ORD-11373,2025-09-19,CUST-1247,Aditya Nair,Corporate,East,Jharkhand,Sports,Dumbbells,3,1945.47,5836.41,972.97
ORD-12765,2025-09-19,CUST-1391,Reyansh Bhatt,Consumer,East,Bihar,Electronics,Smartwatch,3,55740.78,167222.34,48570.08
ORD-11938,2025-09-20,CUST-1083,Arjun Sharma,Small Business,South,Kerala,Sports,Cricket Bat,5,1156.08,5780.4,1788.07
ORD-10836,2025-09-20,CUST-1298,Sai Singh,Consumer,East,Jharkhand,Books,Fiction Novel,5,816.01,4080.05,899.82
ORD-12209,2025-09-20,CUST-1339,Navya Singh,Consumer,South,Kerala,Electronics,Smartwatch,6,5363.58,32181.48,8443.52
ORD-10414,2025-09-20,CUST-1216,Myra Singh,Consumer,Central,Chhattisgarh,Clothing,Kurta,2,732.39,1464.78,449.4
ORD-12103,2025-09-20,CUST-1240,Navya Mehta,Corporate,East,Jharkhand,Electronics,Laptop,6,12151.73,72910.38,14822.66
ORD-12771,2025-09-20,CUST-1068,Krishna Kumar,Consumer,North,Delhi,Electronics,Laptop,6,39716.5,238299.0,29895.02
ORD-10205,2025-09-20,CUST-1172,Anika Bhatt,Consumer,North,Haryana,Sports,Yoga Mat,4,4540.51,18162.04,5755.3
ORD-10358,2025-09-21,CUST-1024,Aarav Agarwal,Corporate,East,Odisha,Clothing,Saree,2,1601.15,3202.3,671.46
ORD-12782,2025-09-21,CUST-1123,Saanvi Verma,Corporate,North,Uttar Pradesh,Electronics,Smartwatch,7,40658.81,284611.67,82530.64
ORD-10270,2025-09-21,CUST-1282,Arjun Gupta,Consumer,West,Gujarat,Home & Kitchen,Cookware Set,1,5510.07,5510.07,1756.82
ORD-10696,2025-09-21,CUST-1007,Ishita Reddy,Consumer,North,Delhi,Clothing,Jeans,1,1653.08,1653.08,447.52
ORD-11119,2025-09-22,CUST-1242,Navya Nair,Consumer,West,Gujarat,Electronics,Smartphone,3,30667.3,92001.9,27474.85
ORD-10592,2025-09-22,CUST-1082,Kiara Chopra,Corporate,East,Odisha,Sports,Cricket Bat,5,4699.79,23498.95,5180.19
ORD-12352,2025-09-22,CUST-1119,Ananya Rao,Consumer,West,Gujarat,Electronics,Tablet,2,29354.6,58709.2,9225.11
ORD-12035,2025-09-22,CUST-1168,Navya Kumar,Small Business,West,Maharashtra,Home & Kitchen,Bedsheet,6,1012.44,6074.64,1683.17
ORD-10046,2025-09-22,CUST-1012,Diya Agarwal,Consumer,South,Tamil Nadu,Home & Kitchen,Mixer Grinder,4,5401.29,21605.16,6026.59
ORD-12833,2025-09-22,CUST-1396,Aadhya Malhotra,Corporate,Central,Chhattisgarh,Sports,Dumbbells,6,4404.05,26424.3,5562.92
ORD-10351,2025-09-22,CUST-1168,Vivaan Sharma,Consumer,East,West Bengal,Clothing,Jacket,1,3151.15,3151.15,536.93
ORD-12998,2025-09-23,CUST-1019,Aditya Menon,Corporate,West,Rajasthan,Electronics,Laptop,5,59866.92,299334.6,31349.95
ORD-10733,2025-09-24,CUST-1352,Krishna Verma,Consumer,North,Haryana,Home & Kitchen,Air Fryer,7,6973.13,48811.91,4110.05
ORD-12091,2025-09-24,CUST-1070,Navya Menon,Consumer,North,Haryana,Electronics,Headphones,6,33119.11,198714.66,48289.21
ORD-10009,2025-09-24,CUST-1306,Arjun Sharma,Consumer,West,Maharashtra,Clothing,Jacket,2,3323.02,6646.04,1184.19
ORD-11540,2025-09-25,CUST-1156,Arjun Joshi,Consumer,North,Haryana,Electronics,Laptop,3,18796.03,56388.09,8423.57
ORD-11232,2025-09-25,CUST-1108,Vihaan Menon,Corporate,East,West Bengal,Clothing,Jacket,1,1178.41,1178.41,390.27
ORD-10332,2025-09-25,CUST-1373,Navya Chopra,Consumer,East,Odisha,Home & Kitchen,Air Fryer,4,3599.41,14397.64,4197.12
ORD-11097,2025-09-25,CUST-1219,Vihaan Rao,Consumer,West,Goa,Electronics,Tablet,3,31998.04,95994.12,27607.36
ORD-10233,2025-09-25,CUST-1166,Ananya Joshi,Consumer,South,Telangana,Home & Kitchen,Cookware Set,7,3083.99,21587.93,7475.61
ORD-12918,2025-09-25,CUST-1313,Riya Nair,Corporate,North,Haryana,Home & Kitchen,Lamp,3,5528.29,16584.87,1440.34
ORD-10707,2025-09-25,CUST-1271,Aarav Agarwal,Consumer,West,Goa,Sports,Yoga Mat,1,4753.14,4753.14,1515.46
ORD-10610,2025-09-26,CUST-1204,Myra Sharma,Consumer,West,Goa,Electronics,Tablet,7,43196.09,302372.63,39851.43
ORD-12929,2025-09-26,CUST-1381,Myra Iyer,Consumer,North,Haryana,Clothing,Jacket,3,2175.72,6527.16,2189.24
ORD-11887,2025-09-26,CUST-1048,Ishita Singh,Corporate,West,Goa,Clothing,Jeans,6,1647.49,9884.94,1901.32
ORD-10401,2025-09-26,CUST-1168,Vivaan Rao,Consumer,West,Gujarat,Electronics,Headphones,3,54773.9,164321.7,27154.28
ORD-12967,2025-09-26,CUST-1238,Aadhya Gupta,Small Business,North,Punjab,Home & Kitchen,Bedsheet,1,6916.49,6916.49,2069.28
ORD-11960,2025-09-27,CUST-1020,Rohan Gupta,Small Business,South,Tamil Nadu,Books,Textbook,6,568.62,3411.72,934.72
ORD-10709,2025-09-27,CUST-1376,Ishita Rao,Consumer,South,Kerala,Electronics,Tablet,4,7089.32,28357.28,2872.05
ORD-10915,2025-09-28,CUST-1030,Rohan Agarwal,Small Business,West,Maharashtra,Sports,Running Shoes,5,3401.12,17005.6,4671.87
ORD-10550,2025-09-28,CUST-1176,Myra Bhatt,Small Business,East,West Bengal,Clothing,T-Shirt,2,2912.35,5824.7,944.97
ORD-12500,2025-09-28,CUST-1339,Saanvi Verma,Consumer,Central,Madhya Pradesh,Electronics,Laptop,4,18855.7,75422.8,22122.25
ORD-10161,2025-09-28,CUST-1034,Myra Malhotra,Small Business,East,West Bengal,Sports,Running Shoes,3,4207.46,12622.38,3051.13
ORD-10897,2025-09-28,CUST-1009,Sai Sharma,Corporate,East,West Bengal,Clothing,T-Shirt,5,2004.59,10022.95,972.37
ORD-11607,2025-09-29,CUST-1242,Arjun Pillai,Consumer,South,Telangana,Electronics,Tablet,7,52971.62,370801.34,124485.28
ORD-12661,2025-09-29,CUST-1267,Aadhya Mehta,Consumer,West,Goa,Electronics,Smartphone,1,17081.97,17081.97,3189.49
ORD-11404,2025-09-30,CUST-1048,Saanvi Singh,Consumer,East,Jharkhand,Clothing,Saree,3,855.06,2565.18,598.86
ORD-10262,2025-09-30,CUST-1384,Vihaan Sharma,Consumer,East,West Bengal,Home & Kitchen,Lamp,7,2354.43,16481.01,4032.64
ORD-11627,2025-09-30,CUST-1194,Aadhya Reddy,Small Business,West,Rajasthan,Home & Kitchen,Bedsheet,4,7036.33,28145.32,7651.1
ORD-10869,2025-09-30,CUST-1341,Vivaan Chopra,Corporate,West,Goa,Clothing,Jacket,3,3368.88,10106.64,941.76
ORD-12219,2025-10-01,CUST-1309,Reyansh Joshi,Consumer,East,Odisha,Home & Kitchen,Cookware Set,6,4840.05,46464.48,7679.24
ORD-10548,2025-10-01,CUST-1010,Aarav Malhotra,Consumer,West,Goa,Electronics,Tablet,1,49507.53,79212.05,22298.57
ORD-11220,2025-10-01,CUST-1048,Ananya Pillai,Small Business,North,Haryana,Electronics,Smartwatch,3,17484.33,83924.78,14448.52
ORD-11003,2025-10-01,CUST-1361,Krishna Kumar,Consumer,South,Kerala,Clothing,Kurta,6,1813.81,17412.58,2582.27
ORD-10527,2025-10-01,CUST-1201,Rohan Kapoor,Consumer,South,Karnataka,Electronics,Laptop,2,40102.39,128327.65,12014.42
ORD-10714,2025-10-01,CUST-1045,Diya Reddy,Small Business,East,West Bengal,Clothing,T-Shirt,7,3094.99,34663.89,6519.82
ORD-12837,2025-10-02,CUST-1196,Reyansh Pillai,Consumer,South,Kerala,Electronics,Smartwatch,6,24191.18,232235.33,26945.08
ORD-12279,2025-10-02,CUST-1247,Aarav Pillai,Consumer,North,Delhi,Sports,Football,5,1253.69,10029.52,1942.7
ORD-12703,2025-10-02,CUST-1380,Arjun Singh,Consumer,West,Maharashtra,Sports,Running Shoes,6,2830.69,27174.62,2290.67
ORD-12427,2025-10-02,CUST-1080,Vivaan Mehta,Consumer,West,Rajasthan,Clothing,Jacket,6,427.79,4106.78,471.92
ORD-11485,2025-10-03,CUST-1046,Ananya Joshi,Corporate,North,Uttar Pradesh,Sports,Yoga Mat,1,4931.91,7891.06,2627.05
ORD-12438,2025-10-03,CUST-1115,Reyansh Pillai,Small Business,West,Goa,Electronics,Laptop,3,12729.49,61101.55,15439.29
ORD-12599,2025-10-03,CUST-1059,Vivaan Verma,Corporate,West,Gujarat,Sports,Running Shoes,6,4655.56,44693.38,6652.95
ORD-10365,2025-10-03,CUST-1001,Diya Iyer,Corporate,North,Punjab,Home & Kitchen,Lamp,2,2061.91,6598.11,679.22
ORD-11248,2025-10-03,CUST-1334,Navya Sharma,Small Business,West,Maharashtra,Electronics,Laptop,4,30696.37,196456.77,19154.27
ORD-10902,2025-10-03,CUST-1339,Ishita Bhatt,Consumer,West,Goa,Home & Kitchen,Cookware Set,1,6816.57,10906.51,1422.62
ORD-11034,2025-10-03,CUST-1158,Rohan Sharma,Consumer,East,West Bengal,Sports,Yoga Mat,4,392.54,2512.26,669.27
ORD-11433,2025-10-04,CUST-1061,Myra Sharma,Consumer,West,Maharashtra,Electronics,Headphones,1,36431.78,58290.85,14238.1
ORD-10468,2025-10-04,CUST-1354,Anika Mehta,Corporate,North,Uttar Pradesh,Clothing,Kurta,4,3041.1,19463.04,5373.78
ORD-10545,2025-10-04,CUST-1380,Navya Joshi,Small Business,South,Tamil Nadu,Clothing,Jacket,3,1249.53,5997.74,1101.93
ORD-12596,2025-10-04,CUST-1128,Reyansh Reddy,Corporate,East,Odisha,Home & Kitchen,Bedsheet,4,1490.8,9541.12,1022.86
ORD-11309,2025-10-05,CUST-1028,Riya Iyer,Small Business,East,Jharkhand,Clothing,Saree,3,2604.48,12501.5,2088.59
ORD-10797,2025-10-05,CUST-1056,Aarav Bose,Corporate,Central,Chhattisgarh,Home & Kitchen,Lamp,1,2619.59,4191.34,1159.51
ORD-11268,2025-10-05,CUST-1288,Ishita Nair,Corporate,West,Goa,Clothing,T-Shirt,3,1519.87,7295.38,2540.55
ORD-11530,2025-10-05,CUST-1096,Kiara Gupta,Consumer,North,Punjab,Sports,Football,2,2639.22,8445.5,1433.77
ORD-12684,2025-10-05,CUST-1369,Ishita Kumar,Corporate,South,Karnataka,Home & Kitchen,Mixer Grinder,5,3466.35,27730.8,3985.53
ORD-11772,2025-10-06,CUST-1340,Sai Rao,Consumer,South,Tamil Nadu,Books,Biography,3,431.79,2072.59,694.93
ORD-11603,2025-10-06,CUST-1388,Aarav Pillai,Corporate,West,Goa,Home & Kitchen,Lamp,3,2716.91,13041.17,3241.4
ORD-11922,2025-10-06,CUST-1106,Riya Pillai,Corporate,East,West Bengal,Books,Comics,1,809.6,1295.36,421.53
ORD-12300,2025-10-07,CUST-1027,Aditya Reddy,Consumer,Central,Chhattisgarh,Books,Fiction Novel,2,508.88,1628.42,500.62
ORD-12462,2025-10-07,CUST-1275,Saanvi Verma,Consumer,West,Rajasthan,Electronics,Smartphone,5,52833.88,422671.04,91155.44
ORD-11288,2025-10-07,CUST-1288,Rohan Rao,Consumer,North,Punjab,Sports,Football,2,1565.18,5008.58,1221.47
ORD-11567,2025-10-07,CUST-1333,Arjun Menon,Consumer,West,Rajasthan,Electronics,Tablet,4,36390.6,232899.84,42166.78
ORD-11250,2025-10-07,CUST-1262,Aadhya Pillai,Consumer,South,Telangana,Electronics,Smartwatch,6,18953.69,181955.42,41979.28
ORD-12931,2025-10-07,CUST-1024,Ishaan Pillai,Corporate,South,Tamil Nadu,Clothing,Jacket,2,1304.74,4175.17,826.84
ORD-12335,2025-10-07,CUST-1288,Anika Iyer,Corporate,South,Kerala,Home & Kitchen,Bedsheet,7,4116.39,46103.57,5780.5
ORD-10054,2025-10-07,CUST-1230,Aarav Pillai,Corporate,South,Kerala,Clothing,Kurta,3,870.19,4176.91,371.97
ORD-12271,2025-10-07,CUST-1351,Ishaan Kapoor,Small Business,South,Karnataka,Sports,Dumbbells,2,2653.86,8492.35,2720.6
ORD-12353,2025-10-07,CUST-1260,Ananya Bose,Small Business,South,Karnataka,Home & Kitchen,Bedsheet,3,4424.27,21236.5,2077.33
ORD-10448,2025-10-08,CUST-1343,Sai Menon,Consumer,North,Punjab,Electronics,Smartphone,6,16524.56,158635.78,12784.41
ORD-10664,2025-10-08,CUST-1217,Ishita Gupta,Corporate,South,Telangana,Electronics,Headphones,7,48179.68,539612.42,59770.29
ORD-11436,2025-10-08,CUST-1091,Saanvi Sharma,Consumer,South,Kerala,Home & Kitchen,Air Fryer,4,1766.49,11305.54,1838.5
ORD-10002,2025-10-08,CUST-1345,Navya Iyer,Small Business,North,Haryana,Electronics,Smartphone,5,15007.29,120058.32,15224.41
ORD-10985,2025-10-08,CUST-1181,Ishaan Gupta,Small Business,South,Tamil Nadu,Home & Kitchen,Bedsheet,5,4620.26,36962.08,5598.56
ORD-12034,2025-10-09,CUST-1161,Ananya Chopra,Corporate,East,West Bengal,Home & Kitchen,Air Fryer,1,7612.15,12179.44,1856.56
ORD-12164,2025-10-09,CUST-1034,Anika Patel,Corporate,Central,Madhya Pradesh,Clothing,Kurta,3,2258.31,10839.89,3140.11
ORD-12235,2025-10-09,CUST-1168,Riya Gupta,Consumer,North,Haryana,Electronics,Laptop,6,27799.88,266878.85,22023.19
ORD-10502,2025-10-09,CUST-1323,Ishita Pillai,Small Business,West,Goa,Home & Kitchen,Bedsheet,3,5403.74,25937.95,4320.02
ORD-11204,2025-10-09,CUST-1249,Aditya Chopra,Consumer,East,Odisha,Home & Kitchen,Air Fryer,2,2297.7,7352.64,2376.56
ORD-10818,2025-10-09,CUST-1360,Rohan Nair,Consumer,Central,Chhattisgarh,Electronics,Tablet,2,44276.01,141683.23,44256.52
ORD-12727,2025-10-09,CUST-1073,Arjun Malhotra,Consumer,South,Telangana,Clothing,Kurta,3,1759.02,8443.3,2173.11
ORD-11915,2025-10-10,CUST-1352,Rohan Kumar,Consumer,East,Bihar,Sports,Yoga Mat,7,320.09,3585.01,1231.24
ORD-12876,2025-10-11,CUST-1159,Myra Mehta,Consumer,South,Karnataka,Electronics,Laptop,4,55005.19,352033.22,55419.75
ORD-10226,2025-10-11,CUST-1357,Aadhya Gupta,Consumer,West,Rajasthan,Books,Textbook,1,728.06,1164.9,158.05
ORD-12859,2025-10-11,CUST-1333,Arjun Bhatt,Consumer,East,Odisha,Books,Textbook,5,159.18,1273.44,168.79
ORD-12507,2025-10-11,CUST-1139,Aarav Mehta,Consumer,West,Rajasthan,Home & Kitchen,Lamp,6,7095.6,68117.76,7409.86
ORD-10933,2025-10-11,CUST-1037,Riya Chopra,Small Business,South,Karnataka,Books,Textbook,6,469.79,4509.98,882.66
ORD-10777,2025-10-12,CUST-1311,Rohan Nair,Corporate,North,Delhi,Electronics,Headphones,5,39903.58,319228.64,48076.82
ORD-12940,2025-10-13,CUST-1250,Ishita Singh,Consumer,North,Punjab,Electronics,Laptop,6,46765.06,448944.58,42694.94
ORD-12841,2025-10-13,CUST-1211,Sai Patel,Corporate,North,Haryana,Home & Kitchen,Mixer Grinder,2,7133.77,22828.06,5443.32
ORD-11108,2025-10-13,CUST-1005,Aarav Iyer,Small Business,Central,Madhya Pradesh,Clothing,T-Shirt,6,2773.15,26622.24,4560.83
ORD-11996,2025-10-14,CUST-1331,Anika Nair,Consumer,East,Bihar,Electronics,Smartphone,1,10785.32,17256.51,5942.55
ORD-12723,2025-10-14,CUST-1202,Ishita Bose,Small Business,West,Gujarat,Books,Comics,6,819.67,7868.83,2087.88
ORD-11489,2025-10-14,CUST-1277,Vihaan Verma,Corporate,North,Uttar Pradesh,Clothing,Saree,6,2627.02,25219.39,3540.95
ORD-12583,2025-10-15,CUST-1105,Rohan Agarwal,Consumer,North,Punjab,Electronics,Smartwatch,2,45315.97,145011.1,47163.18
ORD-12472,2025-10-15,CUST-1285,Saanvi Agarwal,Consumer,East,Bihar,Electronics,Laptop,4,42587.0,272556.8,38046.28
ORD-12194,2025-10-16,CUST-1390,Navya Malhotra,Consumer,South,Karnataka,Electronics,Tablet,2,22452.84,71849.09,21303.8
ORD-12993,2025-10-17,CUST-1137,Ishaan Pillai,Corporate,North,Haryana,Books,Textbook,4,259.69,1662.02,257.39
ORD-12866,2025-10-17,CUST-1228,Riya Reddy,Consumer,East,Odisha,Electronics,Tablet,6,26354.5,253003.2,29395.23
ORD-11343,2025-10-17,CUST-1387,Reyansh Rao,Consumer,East,Bihar,Books,Comics,5,397.27,3178.16,876.3
ORD-11186,2025-10-18,CUST-1096,Ananya Rao,Corporate,Central,Chhattisgarh,Electronics,Laptop,2,25043.63,80139.62,20907.33
ORD-12469,2025-10-18,CUST-1390,Myra Menon,Corporate,East,Jharkhand,Clothing,Jeans,1,2404.62,3847.39,470.14
ORD-12285,2025-10-18,CUST-1235,Navya Agarwal,Small Business,East,Bihar,Sports,Football,7,838.07,9386.38,1111.09
ORD-10641,2025-10-18,CUST-1093,Aadhya Iyer,Consumer,West,Goa,Clothing,Saree,7,2990.25,33490.8,10208.82
ORD-10461,2025-10-18,CUST-1032,Kiara Nair,Small Business,East,Bihar,Clothing,Kurta,4,2307.9,14770.56,3278.44
ORD-10921,2025-10-18,CUST-1179,Kiara Sharma,Consumer,East,Odisha,Electronics,Smartwatch,3,4682.99,22478.35,3093.1
ORD-10393,2025-10-19,CUST-1251,Reyansh Iyer,Corporate,West,Rajasthan,Home & Kitchen,Cookware Set,3,1074.3,5156.64,706.26
ORD-11823,2025-10-19,CUST-1391,Saanvi Malhotra,Small Business,North,Uttar Pradesh,Books,Comics,6,243.18,2334.53,356.91
ORD-10447,2025-10-19,CUST-1213,Vivaan Patel,Small Business,North,Haryana,Electronics,Smartphone,6,34353.28,329791.49,45092.98
ORD-10216,2025-10-20,CUST-1150,Vihaan Malhotra,Consumer,South,Kerala,Sports,Cricket Bat,2,3236.91,10358.11,2427.64
ORD-10237,2025-10-20,CUST-1383,Krishna Bhatt,Consumer,West,Maharashtra,Clothing,Jacket,2,3119.79,9983.33,978.09
ORD-11313,2025-10-20,CUST-1194,Anika Agarwal,Consumer,North,Uttar Pradesh,Sports,Running Shoes,2,488.28,1562.5,410.29
ORD-10252,2025-10-21,CUST-1317,Ishita Kapoor,Corporate,North,Uttar Pradesh,Electronics,Smartphone,3,13857.06,66513.89,10466.64
ORD-10960,2025-10-21,CUST-1241,Riya Sharma,Consumer,East,Odisha,Home & Kitchen,Lamp,3,609.87,2927.38,1001.83
ORD-12361,2025-10-22,CUST-1377,Navya Mehta,Consumer,Central,Chhattisgarh,Books,Comics,4,836.22,5351.81,1155.2
ORD-11597,2025-10-22,CUST-1257,Aadhya Reddy,Consumer,West,Maharashtra,Electronics,Headphones,1,43580.37,69728.59,17282.16
ORD-10861,2025-10-22,CUST-1318,Arjun Kapoor,Consumer,West,Maharashtra,Sports,Football,4,1130.97,7238.21,779.18
ORD-12050,2025-10-22,CUST-1132,Diya Kapoor,Consumer,East,West Bengal,Sports,Cricket Bat,6,4054.5,38923.2,11089.84
ORD-12373,2025-10-23,CUST-1220,Reyansh Reddy,Consumer,West,Rajasthan,Electronics,Smartphone,4,48723.87,311832.77,102748.11
ORD-10678,2025-10-23,CUST-1366,Riya Bhatt,Consumer,West,Maharashtra,Electronics,Headphones,2,48626.48,155604.74,14551.75
ORD-11006,2025-10-23,CUST-1107,Myra Kumar,Corporate,North,Delhi,Home & Kitchen,Lamp,4,5412.39,34639.3,5668.39
ORD-12170,2025-10-23,CUST-1186,Ishaan Bose,Consumer,South,Karnataka,Sports,Running Shoes,1,1026.58,1642.53,400.91
ORD-10117,2025-10-23,CUST-1157,Myra Mehta,Corporate,East,Jharkhand,Sports,Running Shoes,1,2531.97,4051.15,742.5
ORD-11273,2025-10-23,CUST-1057,Navya Bhatt,Corporate,West,Gujarat,Clothing,T-Shirt,1,632.01,1011.22,93.27
ORD-12031,2025-10-23,CUST-1246,Diya Sharma,Consumer,North,Uttar Pradesh,Books,Textbook,7,524.28,5871.94,1301.86
ORD-12394,2025-10-23,CUST-1184,Aadhya Bose,Small Business,North,Uttar Pradesh,Home & Kitchen,Mixer Grinder,1,827.98,1324.77,356.29
ORD-11576,2025-10-23,CUST-1104,Saanvi Rao,Corporate,South,Karnataka,Home & Kitchen,Bedsheet,2,4591.63,14693.22,2081.69
ORD-10817,2025-10-24,CUST-1131,Aarav Verma,Consumer,South,Kerala,Clothing,T-Shirt,6,2100.3,20162.88,6807.99
ORD-10659,2025-10-24,CUST-1315,Arjun Rao,Small Business,North,Punjab,Sports,Running Shoes,7,3232.28,36201.54,8394.35
ORD-10028,2025-10-24,CUST-1285,Aditya Iyer,Corporate,Central,Madhya Pradesh,Electronics,Tablet,1,32758.16,52413.06,4949.94
ORD-10273,2025-10-24,CUST-1060,Krishna Chopra,Small Business,West,Goa,Clothing,T-Shirt,5,634.55,5076.4,716.25
ORD-12584,2025-10-25,CUST-1163,Anika Iyer,Consumer,South,Karnataka,Clothing,Jeans,1,2853.23,4565.17,1310.44
ORD-11890,2025-10-25,CUST-1175,Navya Kumar,Corporate,North,Punjab,Home & Kitchen,Mixer Grinder,7,1152.58,12908.9,2596.16
ORD-10431,2025-10-25,CUST-1320,Aadhya Kapoor,Small Business,North,Punjab,Books,Self-Help,5,727.3,5818.4,1094.42
ORD-10712,2025-10-26,CUST-1156,Myra Bose,Corporate,South,Telangana,Electronics,Tablet,4,53106.75,339883.2,50057.02
ORD-11687,2025-10-26,CUST-1371,Vivaan Nair,Corporate,West,Maharashtra,Sports,Yoga Mat,1,909.04,1454.46,191.23
ORD-12136,2025-10-26,CUST-1072,Vihaan Joshi,Consumer,South,Telangana,Books,Fiction Novel,6,789.19,7576.22,1791.27
ORD-11717,2025-10-26,CUST-1214,Kiara Gupta,Consumer,South,Karnataka,Clothing,T-Shirt,7,1575.65,17647.28,5956.28
ORD-10997,2025-10-26,CUST-1113,Ishita Joshi,Consumer,East,Odisha,Electronics,Smartwatch,2,36299.05,116156.96,21491.99
ORD-12207,2025-10-27,CUST-1133,Aditya Joshi,Small Business,West,Gujarat,Clothing,Kurta,4,3390.8,21701.12,6272.34
ORD-11304,2025-10-28,CUST-1141,Sai Chopra,Small Business,West,Maharashtra,Sports,Yoga Mat,4,468.86,3000.7,631.24
ORD-11429,2025-10-29,CUST-1379,Krishna Nair,Consumer,East,West Bengal,Clothing,Saree,2,2598.32,8314.62,1020.25
ORD-10980,2025-10-29,CUST-1118,Diya Chopra,Corporate,North,Punjab,Electronics,Tablet,7,57302.86,641792.03,175821.52
ORD-11635,2025-10-30,CUST-1163,Anika Bose,Corporate,North,Punjab,Sports,Dumbbells,5,2667.33,21338.64,5804.11
ORD-11238,2025-10-30,CUST-1010,Reyansh Chopra,Corporate,North,Delhi,Electronics,Laptop,4,34467.77,220593.73,29995.1
ORD-12448,2025-10-30,CUST-1028,Vivaan Iyer,Corporate,West,Rajasthan,Electronics,Tablet,4,44382.74,284049.54,85783.55
ORD-11548,2025-10-30,CUST-1228,Riya Bhatt,Consumer,South,Kerala,Home & Kitchen,Air Fryer,2,4470.7,14306.24,3607.55
ORD-12459,2025-10-30,CUST-1325,Rohan Gupta,Corporate,West,Rajasthan,Sports,Running Shoes,5,1164.79,9318.32,1438.42
ORD-11645,2025-10-30,CUST-1385,Anika Patel,Small Business,East,Bihar,Electronics,Laptop,1,37281.37,59650.19,11187.02
ORD-10104,2025-10-30,CUST-1113,Ananya Mehta,Corporate,South,Karnataka,Sports,Football,2,4675.46,14961.47,3982.33
ORD-12467,2025-10-30,CUST-1386,Aditya Joshi,Small Business,North,Uttar Pradesh,Home & Kitchen,Mixer Grinder,6,622.45,5975.52,1990.67
ORD-12954,2025-10-30,CUST-1287,Arjun Chopra,Consumer,South,Tamil Nadu,Clothing,T-Shirt,1,2178.12,3484.99,1145.08
ORD-12538,2025-10-31,CUST-1322,Sai Malhotra,Corporate,North,Punjab,Electronics,Headphones,5,29347.06,234776.48,78486.43
ORD-12600,2025-10-31,CUST-1180,Arjun Kapoor,Consumer,North,Haryana,Clothing,T-Shirt,1,453.4,725.44,66.03
ORD-11589,2025-10-31,CUST-1205,Arjun Agarwal,Consumer,East,West Bengal,Home & Kitchen,Cookware Set,2,3722.29,11911.33,3813.94
ORD-10580,2025-10-31,CUST-1275,Ishita Kapoor,Consumer,South,Kerala,Electronics,Laptop,5,6902.23,55217.84,10363.38
ORD-12408,2025-11-01,CUST-1379,Aadhya Menon,Corporate,North,Haryana,Electronics,Headphones,4,40757.86,260850.3,42611.59
ORD-10990,2025-11-01,CUST-1196,Ishita Chopra,Consumer,Central,Madhya Pradesh,Clothing,Saree,4,1948.15,12468.16,1828.67
ORD-12577,2025-11-01,CUST-1112,Vivaan Menon,Corporate,East,Odisha,Books,Fiction Novel,4,199.08,1274.11,146.52
ORD-10529,2025-11-02,CUST-1328,Navya Verma,Consumer,East,Bihar,Electronics,Smartwatch,1,26673.51,42677.62,13012.77
ORD-12105,2025-11-02,CUST-1089,Ananya Kumar,Corporate,South,Kerala,Clothing,Kurta,6,734.25,7048.8,1343.85
ORD-10260,2025-11-02,CUST-1236,Aditya Gupta,Consumer,South,Kerala,Home & Kitchen,Bedsheet,6,7460.72,71622.91,8495.22
ORD-11039,2025-11-02,CUST-1178,Saanvi Verma,Consumer,West,Goa,Electronics,Tablet,3,28093.14,134847.07,18312.46
ORD-10469,2025-11-02,CUST-1356,Vivaan Singh,Corporate,West,Gujarat,Books,Fiction Novel,1,594.37,950.99,235.94
ORD-12923,2025-11-03,CUST-1211,Vivaan Patel,Consumer,North,Haryana,Electronics,Smartwatch,6,27529.08,264279.17,91491.19
ORD-11886,2025-11-03,CUST-1122,Arjun Nair,Small Business,South,Telangana,Clothing,Saree,1,3385.17,5416.27,1566.7
ORD-11032,2025-11-03,CUST-1114,Ishaan Agarwal,Corporate,West,Gujarat,Electronics,Headphones,7,41826.4,468455.68,146233.08
ORD-11818,2025-11-03,CUST-1023,Ishita Bose,Consumer,Central,Madhya Pradesh,Electronics,Smartphone,2,27121.16,86787.71,25067.34
ORD-11230,2025-11-03,CUST-1003,Sai Singh,Corporate,Central,Madhya Pradesh,Electronics,Laptop,7,44439.25,497719.6,145890.18
ORD-10176,2025-11-04,CUST-1050,Vivaan Rao,Consumer,North,Delhi,Books,Textbook,2,874.81,2799.39,486.44
ORD-10811,2025-11-04,CUST-1381,Myra Bhatt,Consumer,South,Telangana,Books,Textbook,7,520.18,5826.02,892.61
ORD-10823,2025-11-05,CUST-1273,Anika Mehta,Consumer,South,Telangana,Books,Self-Help,6,183.3,1759.68,611.09
ORD-10500,2025-11-05,CUST-1309,Kiara Joshi,Small Business,East,West Bengal,Clothing,Saree,7,411.33,4606.9,616.79
ORD-10085,2025-11-05,CUST-1221,Vivaan Bose,Consumer,North,Haryana,Books,Self-Help,5,200.88,1607.04,435.84
ORD-12694,2025-11-06,CUST-1362,Myra Chopra,Consumer,East,Odisha,Electronics,Smartphone,7,16188.47,181310.86,17044.13
ORD-10841,2025-11-06,CUST-1000,Ananya Patel,Consumer,South,Telangana,Sports,Football,6,2183.09,20957.66,7256.98
ORD-10113,2025-11-06,CUST-1118,Vivaan Sharma,Corporate,North,Haryana,Home & Kitchen,Mixer Grinder,5,5350.59,42804.72,6105.05
ORD-10100,2025-11-06,CUST-1092,Aadhya Kapoor,Consumer,Central,Madhya Pradesh,Electronics,Laptop,2,40659.34,130109.89,19280.01
ORD-10268,2025-11-06,CUST-1185,Aadhya Menon,Corporate,Central,Chhattisgarh,Home & Kitchen,Mixer Grinder,4,3876.71,24810.94,7575.63
ORD-10522,2025-11-07,CUST-1101,Reyansh Mehta,Consumer,West,Goa,Electronics,Headphones,6,55032.38,528310.85,102222.86
ORD-12942,2025-11-08,CUST-1206,Kiara Nair,Consumer,East,West Bengal,Electronics,Headphones,3,12689.82,60911.14,6479.32
ORD-11865,2025-11-08,CUST-1084,Anika Kapoor,Consumer,West,Rajasthan,Sports,Cricket Bat,2,3452.0,11046.4,2366.97
ORD-11857,2025-11-09,CUST-1133,Sai Sharma,Small Business,North,Haryana,Clothing,Kurta,4,2075.14,13280.9,2790.35
ORD-11102,2025-11-09,CUST-1354,Ishita Kapoor,Consumer,North,Uttar Pradesh,Books,Fiction Novel,6,875.14,8401.34,1494.75
ORD-11591,2025-11-09,CUST-1310,Ananya Sharma,Consumer,East,Odisha,Home & Kitchen,Air Fryer,5,7605.25,60842.0,9404.75
ORD-12161,2025-11-10,CUST-1273,Ananya Kapoor,Consumer,West,Maharashtra,Electronics,Headphones,3,5724.96,27479.81,3878.94
ORD-10608,2025-11-10,CUST-1380,Rohan Rao,Consumer,South,Telangana,Books,Biography,2,467.95,1497.44,120.44
ORD-10948,2025-11-10,CUST-1046,Kiara Iyer,Corporate,West,Rajasthan,Home & Kitchen,Cookware Set,1,7014.22,11222.75,3466.65
ORD-12740,2025-11-10,CUST-1223,Rohan Nair,Small Business,West,Gujarat,Sports,Running Shoes,2,4802.0,15366.4,2919.92
ORD-11270,2025-11-10,CUST-1323,Aadhya Menon,Small Business,West,Rajasthan,Clothing,T-Shirt,4,2450.58,15683.71,5180.95
ORD-11666,2025-11-10,CUST-1232,Aditya Iyer,Corporate,Central,Madhya Pradesh,Electronics,Smartwatch,4,45376.3,290408.32,98948.41
ORD-12099,2025-11-10,CUST-1248,Arjun Bhatt,Consumer,North,Punjab,Home & Kitchen,Air Fryer,3,3112.46,14939.81,3965.75
ORD-10083,2025-11-11,CUST-1132,Sai Reddy,Consumer,South,Karnataka,Home & Kitchen,Cookware Set,3,7105.13,34104.62,4833.61
ORD-10182,2025-11-11,CUST-1326,Krishna Agarwal,Small Business,South,Telangana,Clothing,Jacket,6,2687.4,25799.04,7312.11
ORD-11573,2025-11-11,CUST-1138,Aarav Sharma,Consumer,South,Tamil Nadu,Books,Biography,4,668.16,4276.22,372.3
ORD-12080,2025-11-11,CUST-1022,Vihaan Nair,Consumer,North,Haryana,Home & Kitchen,Lamp,2,6141.02,19651.26,4651.2
ORD-12487,2025-11-12,CUST-1346,Rohan Chopra,Consumer,West,Gujarat,Electronics,Headphones,7,8617.89,96520.37,14894.61
ORD-10008,2025-11-12,CUST-1285,Diya Pillai,Small Business,West,Maharashtra,Electronics,Smartwatch,6,33051.52,317294.59,44910.67
ORD-10964,2025-11-12,CUST-1194,Diya Nair,Small Business,South,Tamil Nadu,Books,Fiction Novel,5,526.28,4210.24,633.33
ORD-12230,2025-11-12,CUST-1330,Anika Bhatt,Consumer,West,Goa,Clothing,Kurta,2,1779.66,5694.91,730.4
ORD-12308,2025-11-12,CUST-1250,Aarav Gupta,Consumer,South,Telangana,Sports,Football,5,2565.25,20522.0,2130.15
ORD-10378,2025-11-12,CUST-1250,Anika Kapoor,Consumer,Central,Chhattisgarh,Electronics,Laptop,3,52135.92,250252.42,73781.49
ORD-10947,2025-11-12,CUST-1348,Aarav Joshi,Consumer,West,Gujarat,Sports,Running Shoes,2,1855.27,5936.86,1344.46
ORD-10248,2025-11-13,CUST-1182,Ananya Joshi,Corporate,West,Maharashtra,Clothing,Kurta,4,1056.07,6758.85,2008.67
ORD-11547,2025-11-13,CUST-1343,Aarav Bose,Consumer,West,Rajasthan,Home & Kitchen,Lamp,6,1410.35,13539.36,4231.15
ORD-10422,2025-11-13,CUST-1187,Sai Chopra,Small Business,South,Tamil Nadu,Home & Kitchen,Air Fryer,2,5890.65,18850.08,2293.91
ORD-11668,2025-11-13,CUST-1137,Ishaan Nair,Consumer,East,Jharkhand,Clothing,Kurta,5,2051.55,16412.4,1367.9
ORD-10689,2025-11-13,CUST-1009,Ananya Pillai,Corporate,East,Bihar,Clothing,T-Shirt,5,2041.25,16330.0,5447.02
ORD-10006,2025-11-14,CUST-1256,Aadhya Gupta,Consumer,East,Bihar,Home & Kitchen,Air Fryer,5,4254.09,34032.72,2956.19
ORD-12323,2025-11-14,CUST-1296,Sai Iyer,Consumer,West,Gujarat,Electronics,Headphones,6,23627.53,226824.29,44016.63
ORD-10699,2025-11-14,CUST-1278,Reyansh Kumar,Consumer,East,Odisha,Home & Kitchen,Air Fryer,1,2264.16,3622.66,1214.08
ORD-11308,2025-11-15,CUST-1352,Ishita Gupta,Small Business,West,Gujarat,Electronics,Smartphone,4,46432.76,297169.66,91580.75
ORD-12334,2025-11-15,CUST-1311,Vivaan Mehta,Consumer,West,Gujarat,Electronics,Smartwatch,2,36941.92,118214.14,17960.62
ORD-10184,2025-11-15,CUST-1144,Vivaan Nair,Small Business,West,Maharashtra,Sports,Yoga Mat,7,3637.52,40740.22,10594.52
ORD-12709,2025-11-16,CUST-1264,Diya Bose,Consumer,East,Bihar,Home & Kitchen,Air Fryer,2,690.53,2209.7,479.27
ORD-11736,2025-11-16,CUST-1351,Ananya Patel,Corporate,North,Delhi,Clothing,Kurta,7,1551.32,17374.78,1909.69
ORD-10810,2025-11-17,CUST-1030,Aadhya Kumar,Corporate,East,Jharkhand,Clothing,T-Shirt,6,1107.83,10635.17,2890.69
ORD-12413,2025-11-17,CUST-1383,Vivaan Sharma,Corporate,North,Punjab,Clothing,Jeans,2,1434.97,4591.9,1469.69
ORD-11491,2025-11-18,CUST-1362,Ishaan Verma,Small Business,Central,Chhattisgarh,Electronics,Tablet,7,42547.98,476537.38,84982.14
ORD-12976,2025-11-18,CUST-1008,Vihaan Singh,Corporate,North,Uttar Pradesh,Electronics,Headphones,6,51932.24,498549.5,68493.51
ORD-10465,2025-11-18,CUST-1225,Ishita Gupta,Small Business,South,Karnataka,Home & Kitchen,Cookware Set,6,6002.96,57628.42,12279.58
ORD-11771,2025-11-18,CUST-1285,Reyansh Reddy,Small Business,South,Kerala,Home & Kitchen,Lamp,2,4918.49,15739.17,4179.61
ORD-11243,2025-11-19,CUST-1068,Vihaan Reddy,Consumer,South,Telangana,Electronics,Tablet,2,8382.3,26823.36,8562.69
ORD-10957,2025-11-19,CUST-1124,Arjun Reddy,Consumer,North,Haryana,Electronics,Smartphone,1,17448.88,27918.21,8789.93
ORD-10220,2025-11-19,CUST-1123,Myra Verma,Consumer,South,Kerala,Home & Kitchen,Cookware Set,2,5005.66,16018.11,1576.99
ORD-10607,2025-11-19,CUST-1237,Diya Menon,Consumer,South,Telangana,Home & Kitchen,Bedsheet,7,6122.28,68569.54,16180.26
ORD-12683,2025-11-19,CUST-1366,Vivaan Chopra,Corporate,South,Tamil Nadu,Home & Kitchen,Air Fryer,7,7591.16,85020.99,9228.81
ORD-12489,2025-11-19,CUST-1081,Reyansh Bhatt,Consumer,North,Uttar Pradesh,Sports,Running Shoes,7,3604.14,40366.37,8911.63
ORD-10820,2025-11-20,CUST-1331,Rohan Nair,Consumer,South,Tamil Nadu,Electronics,Headphones,6,43562.5,418200.0,128583.57
ORD-12957,2025-11-20,CUST-1011,Vihaan Rao,Corporate,South,Telangana,Clothing,Jacket,7,2854.57,31971.18,8237.92
ORD-10124,2025-11-20,CUST-1370,Ishaan Joshi,Consumer,North,Uttar Pradesh,Electronics,Headphones,7,41991.44,470304.13,115746.2
ORD-12292,2025-11-20,CUST-1003,Arjun Kumar,Consumer,East,Bihar,Sports,Running Shoes,6,1255.61,12053.86,3884.05
ORD-10337,2025-11-20,CUST-1223,Arjun Kapoor,Consumer,South,Karnataka,Clothing,T-Shirt,3,726.74,3488.35,620.95
ORD-10180,2025-11-21,CUST-1390,Kiara Singh,Corporate,West,Rajasthan,Clothing,Jacket,5,3487.98,27903.84,4480.73
ORD-12303,2025-11-21,CUST-1139,Saanvi Patel,Corporate,North,Haryana,Electronics,Tablet,5,56194.44,449555.52,83761.76
ORD-11618,2025-11-21,CUST-1279,Anika Kapoor,Small Business,East,Odisha,Home & Kitchen,Cookware Set,7,2894.19,32414.93,5117.65
ORD-12842,2025-11-21,CUST-1368,Anika Malhotra,Consumer,East,Bihar,Electronics,Smartphone,1,37577.74,60124.38,13580.57
ORD-10421,2025-11-21,CUST-1063,Ishaan Malhotra,Consumer,North,Uttar Pradesh,Electronics,Smartphone,7,35474.96,397319.55,107799.77
ORD-10467,2025-11-21,CUST-1033,Aarav Malhotra,Corporate,North,Delhi,Clothing,Jacket,2,1734.06,5548.99,1365.97
ORD-12185,2025-11-21,CUST-1043,Ishaan Bose,Corporate,South,Telangana,Clothing,Jacket,4,964.27,6171.33,1235.76
ORD-11151,2025-11-21,CUST-1054,Rohan Gupta,Small Business,North,Punjab,Home & Kitchen,Lamp,1,3018.9,4830.24,916.34
ORD-11375,2025-11-22,CUST-1122,Saanvi Agarwal,Corporate,West,Gujarat,Clothing,Jeans,3,3080.08,14784.38,4719.07
ORD-11047,2025-11-22,CUST-1039,Aadhya Kumar,Corporate,West,Maharashtra,Clothing,Saree,5,2713.42,21707.36,4026.49
ORD-12337,2025-11-22,CUST-1027,Vihaan Iyer,Corporate,West,Rajasthan,Clothing,Kurta,7,2975.86,33329.63,7786.76
ORD-11278,2025-11-23,CUST-1240,Rohan Rao,Corporate,East,West Bengal,Electronics,Smartphone,7,39424.15,441550.48,60933.88
ORD-11185,2025-11-23,CUST-1021,Vihaan Joshi,Consumer,East,West Bengal,Clothing,Kurta,5,1338.2,10705.6,1625.55
ORD-10069,2025-11-23,CUST-1186,Vihaan Agarwal,Consumer,East,Odisha,Electronics,Headphones,7,37208.67,416737.1,87770.6
ORD-11804,2025-11-23,CUST-1259,Sai Reddy,Consumer,South,Kerala,Clothing,Jeans,2,3107.77,9944.86,1408.67
ORD-10312,2025-11-23,CUST-1069,Saanvi Patel,Small Business,North,Delhi,Electronics,Laptop,4,3856.7,24682.88,6454.76
ORD-11676,2025-11-24,CUST-1327,Ishaan Bose,Consumer,Central,Madhya Pradesh,Electronics,Headphones,3,14181.1,68069.28,13454.95
ORD-12010,2025-11-24,CUST-1180,Ishaan Joshi,Consumer,Central,Chhattisgarh,Electronics,Tablet,1,41005.49,65608.78,21107.34
ORD-10770,2025-11-24,CUST-1143,Aarav Nair,Corporate,West,Maharashtra,Books,Textbook,2,785.76,2514.43,662.39
ORD-10265,2025-11-24,CUST-1236,Kiara Malhotra,Consumer,Central,Chhattisgarh,Electronics,Laptop,6,55025.5,528244.8,70762.16
ORD-11524,2025-11-24,CUST-1298,Krishna Malhotra,Small Business,North,Delhi,Electronics,Laptop,6,58501.28,561612.29,152038.14
ORD-11458,2025-11-25,CUST-1081,Ishita Joshi,Corporate,West,Goa,Electronics,Laptop,2,14166.54,45332.93,8360.81
ORD-12262,2025-11-25,CUST-1094,Saanvi Kapoor,Consumer,South,Telangana,Clothing,Kurta,5,2949.12,23592.96,7592.81
ORD-12632,2025-11-26,CUST-1256,Saanvi Malhotra,Corporate,South,Karnataka,Electronics,Smartphone,1,24618.79,39390.06,8601.47
ORD-11560,2025-11-26,CUST-1116,Anika Kapoor,Corporate,West,Rajasthan,Clothing,Jeans,6,1764.87,16942.75,5252.87
ORD-11624,2025-11-27,CUST-1162,Myra Verma,Corporate,West,Goa,Electronics,Smartphone,3,18147.97,87110.26,20821.39
ORD-10979,2025-11-27,CUST-1055,Aditya Verma,Small Business,North,Haryana,Home & Kitchen,Mixer Grinder,5,2201.68,17613.44,2307.48
ORD-12325,2025-11-27,CUST-1211,Navya Joshi,Corporate,North,Delhi,Clothing,T-Shirt,3,646.47,3103.06,644.14
ORD-11989,2025-11-27,CUST-1335,Aadhya Nair,Consumer,West,Goa,Books,Textbook,6,749.89,7198.94,1763.82
ORD-12860,2025-11-27,CUST-1240,Sai Verma,Consumer,South,Karnataka,Electronics,Laptop,4,39977.68,255857.15,23578.63
ORD-11264,2025-11-27,CUST-1398,Kiara Gupta,Corporate,North,Uttar Pradesh,Clothing,Saree,4,1426.65,9130.56,2725.15
ORD-11129,2025-11-28,CUST-1268,Myra Pillai,Small Business,South,Tamil Nadu,Books,Biography,3,425.34,2041.63,225.46
ORD-10275,2025-11-28,CUST-1100,Aarav Nair,Consumer,South,Kerala,Electronics,Smartwatch,7,35104.55,393170.96,39568.24
ORD-12311,2025-11-28,CUST-1144,Rohan Joshi,Corporate,East,Bihar,Electronics,Tablet,3,38957.4,186995.52,47449.43
ORD-10474,2025-11-28,CUST-1126,Ishaan Sharma,Consumer,Central,Madhya Pradesh,Sports,Dumbbells,1,2752.61,4404.18,1048.75
ORD-10609,2025-11-29,CUST-1255,Ishita Nair,Consumer,South,Kerala,Sports,Yoga Mat,3,1371.89,6585.07,547.3
ORD-11226,2025-11-29,CUST-1059,Vivaan Malhotra,Corporate,East,Jharkhand,Books,Textbook,4,371.09,2374.98,636.76
ORD-10322,2025-11-29,CUST-1097,Arjun Gupta,Consumer,South,Telangana,Books,Biography,7,539.71,6044.75,704.27
ORD-10361,2025-11-29,CUST-1338,Aadhya Kapoor,Small Business,Central,Madhya Pradesh,Home & Kitchen,Cookware Set,2,4279.68,13694.98,4209.41
ORD-12760,2025-11-29,CUST-1309,Ishaan Bose,Consumer,East,Jharkhand,Sports,Yoga Mat,2,1194.55,3822.56,860.23
ORD-10095,2025-11-30,CUST-1242,Saanvi Rao,Consumer,West,Rajasthan,Home & Kitchen,Bedsheet,2,6107.67,19544.54,1793.97
ORD-12313,2025-11-30,CUST-1063,Aarav Singh,Consumer,East,Odisha,Electronics,Smartphone,7,58632.33,656682.1,184437.15
ORD-11376,2025-11-30,CUST-1145,Navya Chopra,Small Business,West,Gujarat,Home & Kitchen,Lamp,3,4932.48,23675.9,6222.72
ORD-12826,2025-11-30,CUST-1345,Arjun Bose,Consumer,Central,Chhattisgarh,Clothing,Kurta,1,2143.63,3429.81,287.95
ORD-10339,2025-12-01,CUST-1333,Kiara Malhotra,Small Business,North,Punjab,Sports,Running Shoes,1,872.87,872.87,167.84
ORD-11346,2025-12-01,CUST-1048,Myra Kumar,Consumer,North,Punjab,Clothing,Kurta,7,3285.71,22999.97,5594.33
ORD-10215,2025-12-01,CUST-1167,Aarav Agarwal,Corporate,North,Uttar Pradesh,Home & Kitchen,Air Fryer,3,4168.76,12506.28,3412.85
ORD-10871,2025-12-02,CUST-1277,Vihaan Patel,Consumer,West,Maharashtra,Clothing,Jacket,2,1045.81,2091.62,548.09
ORD-10681,2025-12-03,CUST-1344,Sai Malhotra,Consumer,South,Tamil Nadu,Electronics,Smartphone,6,40752.02,244512.12,59051.94
ORD-12555,2025-12-04,CUST-1192,Krishna Bose,Small Business,East,Bihar,Electronics,Laptop,1,13831.91,13831.91,3292.9
ORD-11727,2025-12-04,CUST-1000,Aditya Menon,Consumer,West,Gujarat,Home & Kitchen,Mixer Grinder,1,2814.05,2814.05,294.24
ORD-12543,2025-12-05,CUST-1140,Aarav Sharma,Consumer,West,Maharashtra,Home & Kitchen,Lamp,1,2550.97,2550.97,801.19
ORD-10573,2025-12-05,CUST-1138,Ananya Patel,Consumer,Central,Chhattisgarh,Electronics,Smartwatch,3,26784.47,80353.41,16686.42
ORD-11235,2025-12-05,CUST-1301,Ishita Singh,Small Business,South,Karnataka,Sports,Football,1,4822.64,4822.64,777.2
ORD-12835,2025-12-06,CUST-1102,Vihaan Gupta,Corporate,West,Rajasthan,Electronics,Laptop,4,48520.47,194081.88,56052.13
ORD-12380,2025-12-06,CUST-1362,Myra Singh,Corporate,South,Kerala,Home & Kitchen,Mixer Grinder,6,3189.83,19138.98,4355.49
ORD-10774,2025-12-06,CUST-1035,Aadhya Singh,Consumer,North,Uttar Pradesh,Sports,Running Shoes,2,4214.04,8428.08,1416.81
ORD-11605,2025-12-06,CUST-1250,Kiara Sharma,Consumer,South,Karnataka,Sports,Cricket Bat,2,4634.92,9269.84,2474.98
ORD-11451,2025-12-06,CUST-1360,Krishna Reddy,Consumer,North,Uttar Pradesh,Electronics,Laptop,1,19332.55,19332.55,5739.1
ORD-11800,2025-12-06,CUST-1171,Myra Joshi,Consumer,North,Delhi,Books,Textbook,6,677.26,4063.56,903.6
ORD-10015,2025-12-06,CUST-1276,Aarav Joshi,Corporate,West,Goa,Sports,Dumbbells,4,2849.94,11399.76,2478.08
ORD-10792,2025-12-07,CUST-1347,Ishita Chopra,Small Business,West,Rajasthan,Sports,Yoga Mat,1,1780.76,1780.76,394.25
ORD-11443,2025-12-07,CUST-1101,Anika Joshi,Corporate,West,Gujarat,Books,Comics,2,401.72,803.44,88.17
ORD-10621,2025-12-07,CUST-1155,Ishaan Pillai,Corporate,Central,Chhattisgarh,Home & Kitchen,Cookware Set,2,1383.78,2767.56,324.45
ORD-11541,2025-12-07,CUST-1287,Aadhya Nair,Small Business,South,Kerala,Clothing,Saree,3,1961.61,5884.83,631.46
ORD-11943,2025-12-07,CUST-1044,Ananya Singh,Consumer,South,Tamil Nadu,Books,Textbook,7,414.96,2904.72,510.55
ORD-12893,2025-12-07,CUST-1226,Reyansh Gupta,Consumer,North,Delhi,Electronics,Tablet,2,52404.23,104808.46,30286.1
ORD-12572,2025-12-07,CUST-1032,Anika Verma,Corporate,South,Telangana,Clothing,T-Shirt,5,1235.85,6179.25,601.25
ORD-11774,2025-12-07,CUST-1012,Krishna Bhatt,Small Business,South,Kerala,Home & Kitchen,Cookware Set,4,5071.78,20287.12,3565.23
ORD-11719,2025-12-08,CUST-1260,Krishna Kumar,Consumer,West,Rajasthan,Sports,Yoga Mat,7,4597.03,32179.21,2829.48
ORD-11442,2025-12-08,CUST-1348,Vivaan Menon,Consumer,North,Uttar Pradesh,Clothing,Jeans,7,1212.49,8487.43,2407.33
ORD-12959,2025-12-08,CUST-1390,Arjun Kumar,Small Business,Central,Madhya Pradesh,Clothing,T-Shirt,3,2259.93,6779.79,756.51
ORD-11951,2025-12-09,CUST-1040,Rohan Joshi,Corporate,North,Punjab,Sports,Dumbbells,2,4083.41,8166.82,1828.29
ORD-12983,2025-12-10,CUST-1187,Aarav Singh,Consumer,East,Bihar,Home & Kitchen,Lamp,3,1197.19,3591.57,969.69
ORD-11199,2025-12-10,CUST-1034,Ishaan Kapoor,Small Business,East,West Bengal,Clothing,Saree,4,3461.12,13844.48,1274.73
ORD-10078,2025-12-10,CUST-1051,Vivaan Reddy,Small Business,Central,Madhya Pradesh,Sports,Yoga Mat,4,2709.64,10838.56,1542.12
ORD-11778,2025-12-10,CUST-1170,Kiara Malhotra,Consumer,South,Kerala,Home & Kitchen,Cookware Set,2,633.81,1267.62,407.51
ORD-11045,2025-12-10,CUST-1365,Arjun Iyer,Consumer,North,Haryana,Clothing,Saree,2,3403.94,6807.88,2355.99
ORD-11474,2025-12-10,CUST-1115,Ananya Pillai,Consumer,South,Tamil Nadu,Clothing,Saree,3,3301.02,9903.06,1090.56
ORD-10577,2025-12-11,CUST-1054,Diya Kumar,Small Business,East,Jharkhand,Electronics,Smartwatch,5,41767.35,208836.75,31323.04
ORD-11030,2025-12-11,CUST-1242,Aditya Malhotra,Small Business,South,Karnataka,Books,Self-Help,7,263.75,1846.25,362.85
ORD-10107,2025-12-11,CUST-1101,Anika Gupta,Corporate,East,Bihar,Clothing,T-Shirt,2,922.18,1844.36,417.63
ORD-12106,2025-12-11,CUST-1286,Ishaan Patel,Small Business,South,Karnataka,Books,Textbook,1,546.68,546.68,165.44
ORD-12885,2025-12-11,CUST-1223,Ishita Joshi,Small Business,West,Maharashtra,Electronics,Smartwatch,2,40292.87,80585.74,7772.92
ORD-12453,2025-12-12,CUST-1311,Riya Bose,Small Business,North,Delhi,Home & Kitchen,Cookware Set,2,5656.81,11313.62,1909.03
ORD-12658,2025-12-12,CUST-1304,Reyansh Kapoor,Consumer,South,Telangana,Books,Textbook,6,679.11,4074.66,767.09
ORD-10680,2025-12-12,CUST-1248,Arjun Reddy,Small Business,West,Maharashtra,Clothing,Saree,6,1827.75,10966.5,1747.85
ORD-10893,2025-12-12,CUST-1380,Krishna Kumar,Consumer,East,Odisha,Books,Fiction Novel,3,713.2,2139.6,584.04
ORD-11604,2025-12-13,CUST-1223,Saanvi Mehta,Small Business,East,Jharkhand,Clothing,Jeans,7,1353.68,9475.76,2751.68
ORD-10487,2025-12-13,CUST-1210,Riya Kumar,Corporate,North,Uttar Pradesh,Clothing,Saree,6,2247.8,13486.8,4580.34
ORD-12440,2025-12-14,CUST-1137,Vivaan Joshi,Corporate,North,Uttar Pradesh,Clothing,Jacket,4,3182.71,12730.84,4113.62
ORD-11280,2025-12-14,CUST-1180,Sai Agarwal,Small Business,Central,Madhya Pradesh,Books,Self-Help,7,448.84,3141.88,541.45
ORD-11870,2025-12-14,CUST-1357,Navya Singh,Consumer,West,Rajasthan,Electronics,Headphones,6,48244.55,289467.3,42996.43
ORD-11826,2025-12-14,CUST-1015,Krishna Mehta,Corporate,South,Tamil Nadu,Sports,Cricket Bat,7,4039.46,28276.22,4255.03
ORD-11921,2025-12-14,CUST-1380,Aarav Iyer,Consumer,East,Bihar,Electronics,Laptop,5,45189.39,225946.95,46589.35
ORD-11302,2025-12-15,CUST-1351,Saanvi Bose,Consumer,East,Jharkhand,Home & Kitchen,Mixer Grinder,2,632.21,1264.42,215.38
ORD-10494,2025-12-17,CUST-1129,Myra Iyer,Corporate,South,Karnataka,Electronics,Smartphone,5,4700.78,23503.9,6958.12
ORD-10830,2025-12-17,CUST-1291,Anika Bose,Consumer,North,Uttar Pradesh,Home & Kitchen,Bedsheet,4,4612.31,18449.24,2719.67
ORD-12392,2025-12-17,CUST-1013,Reyansh Malhotra,Corporate,North,Uttar Pradesh,Sports,Cricket Bat,2,3161.82,6323.64,1214.61
ORD-11608,2025-12-17,CUST-1275,Diya Patel,Consumer,South,Telangana,Electronics,Tablet,5,14984.1,74920.5,21382.72
ORD-10476,2025-12-17,CUST-1148,Vihaan Agarwal,Consumer,West,Rajasthan,Clothing,Kurta,6,3252.12,19512.72,6206.24
ORD-11875,2025-12-18,CUST-1014,Reyansh Kumar,Consumer,South,Kerala,Electronics,Tablet,6,29495.59,176973.54,54163.11
ORD-11634,2025-12-18,CUST-1305,Kiara Patel,Small Business,South,Kerala,Clothing,Kurta,5,1973.1,9865.5,2722.6
ORD-10424,2025-12-19,CUST-1169,Riya Bhatt,Consumer,North,Haryana,Electronics,Laptop,5,26227.17,131135.85,39281.53
ORD-12000,2025-12-19,CUST-1207,Vivaan Patel,Consumer,East,Jharkhand,Clothing,Jeans,7,2439.99,17079.93,3371.57
ORD-11446,2025-12-19,CUST-1075,Diya Singh,Consumer,North,Delhi,Books,Self-Help,1,395.38,395.38,127.23
ORD-12007,2025-12-19,CUST-1333,Aditya Bhatt,Consumer,South,Tamil Nadu,Electronics,Headphones,2,14825.82,29651.64,8666.67
ORD-10514,2025-12-19,CUST-1296,Kiara Mehta,Corporate,South,Tamil Nadu,Home & Kitchen,Lamp,3,5700.67,17102.01,4103.98
ORD-12645,2025-12-19,CUST-1150,Aditya Chopra,Consumer,East,Odisha,Clothing,Kurta,2,3292.02,6584.04,946.19
ORD-11148,2025-12-21,CUST-1268,Aadhya Agarwal,Consumer,West,Rajasthan,Clothing,Jacket,5,812.31,4061.55,974.85
ORD-10834,2025-12-21,CUST-1259,Riya Mehta,Consumer,Central,Chhattisgarh,Electronics,Tablet,4,31122.74,124490.96,37187.78
ORD-12636,2025-12-22,CUST-1174,Saanvi Iyer,Corporate,East,Jharkhand,Electronics,Smartwatch,2,49809.41,99618.82,14740.13
ORD-10314,2025-12-22,CUST-1378,Ananya Singh,Consumer,South,Karnataka,Sports,Dumbbells,2,4696.28,9392.56,1933.47
ORD-10941,2025-12-22,CUST-1372,Aarav Mehta,Consumer,North,Haryana,Electronics,Laptop,1,29321.28,29321.28,5240.98
ORD-12880,2025-12-22,CUST-1062,Myra Agarwal,Corporate,North,Punjab,Electronics,Laptop,6,56865.06,341190.36,70816.52
ORD-12810,2025-12-22,CUST-1151,Aarav Kapoor,Consumer,South,Kerala,Books,Fiction Novel,5,475.68,2378.4,829.53
ORD-12982,2025-12-22,CUST-1362,Vivaan Malhotra,Consumer,East,Jharkhand,Clothing,Kurta,3,1985.6,5956.8,899.75
ORD-11276,2025-12-22,CUST-1352,Vivaan Malhotra,Consumer,North,Delhi,Clothing,Saree,3,436.68,1310.04,360.47
ORD-12476,2025-12-22,CUST-1160,Rohan Gupta,Corporate,South,Kerala,Home & Kitchen,Cookware Set,2,4012.85,8025.7,2409.03
ORD-11291,2025-12-22,CUST-1159,Ananya Malhotra,Consumer,East,Odisha,Clothing,Saree,4,3122.39,12489.56,3727.21
ORD-11647,2025-12-22,CUST-1122,Kiara Verma,Consumer,South,Karnataka,Sports,Yoga Mat,5,2645.17,13225.85,3828.54
ORD-12423,2025-12-22,CUST-1029,Ishita Pillai,Small Business,West,Rajasthan,Home & Kitchen,Mixer Grinder,1,5635.71,5635.71,1244.67
ORD-12172,2025-12-23,CUST-1164,Ishita Singh,Consumer,East,Odisha,Home & Kitchen,Lamp,5,5683.22,28416.1,9144.85
ORD-11337,2025-12-23,CUST-1284,Aadhya Verma,Corporate,West,Maharashtra,Sports,Running Shoes,2,4988.8,9977.6,2592.91
ORD-10595,2025-12-23,CUST-1364,Vivaan Reddy,Small Business,South,Telangana,Home & Kitchen,Lamp,3,4904.22,14712.66,2858.88
ORD-11669,2025-12-23,CUST-1084,Sai Sharma,Corporate,West,Gujarat,Electronics,Smartphone,6,36184.96,217109.76,73003.9
ORD-10599,2025-12-23,CUST-1143,Ishaan Reddy,Consumer,North,Delhi,Clothing,T-Shirt,3,2222.17,6666.51,667.44
ORD-11130,2025-12-23,CUST-1297,Sai Menon,Corporate,West,Gujarat,Books,Comics,1,823.0,823.0,121.17
ORD-11459,2025-12-23,CUST-1175,Navya Mehta,Consumer,East,West Bengal,Electronics,Smartwatch,6,56825.7,340954.2,69095.15
ORD-12153,2025-12-24,CUST-1340,Aarav Chopra,Small Business,East,Odisha,Books,Textbook,6,461.01,2766.06,840.41
ORD-12550,2025-12-25,CUST-1027,Ishaan Verma,Consumer,Central,Chhattisgarh,Books,Biography,2,155.48,310.96,64.53
ORD-11091,2025-12-25,CUST-1230,Reyansh Bose,Corporate,East,Bihar,Sports,Dumbbells,5,628.74,3143.7,607.23
ORD-12844,2025-12-25,CUST-1189,Navya Iyer,Consumer,West,Rajasthan,Books,Textbook,3,197.17,591.51,101.08
ORD-12941,2025-12-25,CUST-1336,Anika Menon,Small Business,West,Maharashtra,Clothing,Jeans,7,867.88,6075.16,1175.68
ORD-11046,2025-12-25,CUST-1233,Aadhya Menon,Consumer,West,Maharashtra,Sports,Yoga Mat,4,4874.88,19499.52,2940.22
ORD-12884,2025-12-25,CUST-1354,Riya Patel,Consumer,South,Kerala,Clothing,T-Shirt,1,2115.1,2115.1,463.63
ORD-12424,2025-12-25,CUST-1045,Sai Iyer,Corporate,North,Uttar Pradesh,Home & Kitchen,Cookware Set,2,2431.21,4862.42,649.08
ORD-10880,2025-12-26,CUST-1150,Aarav Pillai,Corporate,East,Odisha,Clothing,Jacket,5,1123.53,5617.65,1131.47
ORD-11941,2025-12-26,CUST-1356,Aadhya Singh,Consumer,East,West Bengal,Home & Kitchen,Air Fryer,3,5460.53,16381.59,4503.57
ORD-10091,2025-12-26,CUST-1276,Anika Nair,Small Business,East,West Bengal,Home & Kitchen,Air Fryer,2,7812.78,15625.56,4444.0
ORD-12193,2025-12-26,CUST-1368,Arjun Singh,Corporate,South,Kerala,Books,Biography,6,822.59,4935.54,931.14
ORD-11617,2025-12-26,CUST-1076,Myra Iyer,Corporate,North,Haryana,Clothing,Jeans,2,3217.15,6434.3,743.03
ORD-10531,2025-12-26,CUST-1060,Riya Mehta,Consumer,North,Punjab,Clothing,Saree,2,703.36,1406.72,133.9
ORD-10168,2025-12-27,CUST-1081,Aarav Singh,Corporate,North,Uttar Pradesh,Home & Kitchen,Cookware Set,5,6158.72,30793.6,5413.15
ORD-11179,2025-12-27,CUST-1367,Riya Agarwal,Small Business,South,Karnataka,Home & Kitchen,Bedsheet,6,904.13,5424.78,1826.38
ORD-10639,2025-12-27,CUST-1331,Aarav Menon,Consumer,West,Gujarat,Clothing,Saree,3,2817.88,8453.64,2498.34
ORD-12396,2025-12-27,CUST-1328,Vivaan Bhatt,Consumer,North,Haryana,Home & Kitchen,Bedsheet,3,5386.93,16160.79,3945.77
ORD-10241,2025-12-27,CUST-1169,Rohan Malhotra,Small Business,East,West Bengal,Home & Kitchen,Bedsheet,5,2096.68,10483.4,1446.99
ORD-12224,2025-12-28,CUST-1119,Krishna Patel,Corporate,South,Karnataka,Books,Biography,2,721.11,1442.22,201.82
ORD-10139,2025-12-28,CUST-1158,Vivaan Bhatt,Consumer,North,Punjab,Home & Kitchen,Bedsheet,4,1170.23,4680.92,1366.46
ORD-10192,2025-12-28,CUST-1309,Diya Nair,Small Business,Central,Chhattisgarh,Home & Kitchen,Bedsheet,6,918.25,5509.5,1604.06
ORD-11940,2025-12-28,CUST-1166,Rohan Iyer,Consumer,North,Punjab,Electronics,Smartwatch,7,50045.57,350318.99,44378.91
ORD-11794,2025-12-28,CUST-1141,Aadhya Sharma,Corporate,West,Maharashtra,Clothing,Saree,1,1763.89,1763.89,218.5
ORD-12886,2025-12-28,CUST-1254,Krishna Rao,Consumer,West,Rajasthan,Home & Kitchen,Air Fryer,6,6024.73,36148.38,5610.44
ORD-10898,2025-12-29,CUST-1228,Navya Patel,Consumer,South,Telangana,Clothing,Kurta,2,1984.13,3968.26,935.33
ORD-11612,2025-12-29,CUST-1357,Aadhya Iyer,Small Business,South,Karnataka,Sports,Dumbbells,3,2592.44,7777.32,2205.4
ORD-11282,2025-12-30,CUST-1091,Arjun Reddy,Consumer,North,Uttar Pradesh,Clothing,Jeans,6,2078.43,12470.58,1605.0
ORD-11173,2025-12-30,CUST-1037,Reyansh Singh,Consumer,Central,Chhattisgarh,Sports,Dumbbells,7,3303.09,23121.63,7336.87
ORD-10126,2025-12-31,CUST-1064,Reyansh Kumar,Corporate,South,Tamil Nadu,Electronics,Laptop,5,2209.07,11045.35,2338.53
ORD-12912,2025-12-31,CUST-1009,Ananya Gupta,Consumer,South,Tamil Nadu,Electronics,Smartphone,3,32089.6,96268.8,18493.08
ORD-10844,2025-12-31,CUST-1353,Anika Gupta,Consumer,North,Delhi,Clothing,Jeans,1,3149.66,3149.66,943.27
ORD-12889,2025-12-31,CUST-1360,Navya Nair,Corporate,North,Delhi,Clothing,Jacket,6,757.36,4544.16,1306.58
ORD-11553,2025-12-31,CUST-1194,Aditya Agarwal,Consumer,South,Kerala,Home & Kitchen,Lamp,5,2779.06,13895.3,4301.16
ORD-11584,2025-12-31,CUST-1275,Aditya Kapoor,Consumer,North,Uttar Pradesh,Home & Kitchen,Air Fryer,7,906.95,6348.65,1446.18
